"model_id","family","label","n_predictors","r2","adj_r2","paths","error"
"micro_direct_1876","micro_direct_subsets","ISRAEL + BORDER + HEALTHCARE + TAX + FELON + AUTHORITARIAN",6,0.48962367533859,0.418408374223045,"ISRAEL -0.373; BORDER 0.317; HEALTHCARE 0.206; TAX -0.14; FELON -0.192; AUTHORITARIAN 0.298",NA
"micro_direct_1811","micro_direct_subsets","ISRAEL + BORDER + FENTANYL + HEALTHCARE + FELON + AUTHORITARIAN",6,0.489176217457081,0.417898480358069,"ISRAEL -0.374; BORDER 0.326; FENTANYL -0.129; HEALTHCARE 0.216; FELON -0.225; AUTHORITARIAN 0.224",NA
"micro_direct_957","micro_direct_subsets","ISRAEL + BORDER + HEALTHCARE + FELON + AUTHORITARIAN",5,0.474981190266601,0.415319961887806,"ISRAEL -0.36; BORDER 0.335; HEALTHCARE 0.173; FELON -0.215; AUTHORITARIAN 0.219",NA
"micro_direct_1885","micro_direct_subsets","ISRAEL + BORDER + HEALTHCARE + FELON + PROJECT2025 + AUTHORITARIAN",6,0.482177516226076,0.409923216164598,"ISRAEL -0.374; BORDER 0.33; HEALTHCARE 0.183; FELON -0.219; PROJECT2025 0.087; AUTHORITARIAN 0.225",NA
"micro_direct_1846","micro_direct_subsets","ISRAEL + BORDER + INFLATION + HEALTHCARE + FELON + AUTHORITARIAN",6,0.481949994404067,0.409663947111611,"ISRAEL -0.356; BORDER 0.334; INFLATION -0.085; HEALTHCARE 0.188; FELON -0.212; AUTHORITARIAN 0.227",NA
"micro_direct_1807","micro_direct_subsets","ISRAEL + BORDER + FENTANYL + HEALTHCARE + TAX + AUTHORITARIAN",6,0.481184826252785,0.408792011311313,"ISRAEL -0.434; BORDER 0.303; FENTANYL -0.135; HEALTHCARE 0.306; TAX -0.183; AUTHORITARIAN 0.439",NA
"micro_direct_1888","micro_direct_subsets","ISRAEL + BORDER + HEALTHCARE + FELON + AUTHORITARIAN + GENDER",6,0.478149407116001,0.405333045318234,"ISRAEL -0.36; BORDER 0.33; HEALTHCARE 0.196; FELON -0.214; AUTHORITARIAN 0.236; GENDER -0.062",NA
"micro_direct_953","micro_direct_subsets","ISRAEL + BORDER + HEALTHCARE + TAX + AUTHORITARIAN",5,0.465786035121521,0.405079902748967,"ISRAEL -0.416; BORDER 0.314; HEALTHCARE 0.256; TAX -0.167; AUTHORITARIAN 0.42",NA
"micro_direct_1889","micro_direct_subsets","ISRAEL + BORDER + HEALTHCARE + FELON + AUTHORITARIAN + RACE",6,0.477176649367379,0.404224553930269,"ISRAEL -0.358; BORDER 0.347; HEALTHCARE 0.159; FELON -0.226; AUTHORITARIAN 0.201; RACE -0.051",NA
"micro_direct_1629","micro_direct_subsets","ISRAEL + CHINA + BORDER + HEALTHCARE + FELON + AUTHORITARIAN",6,0.476113627855612,0.403013203835465,"ISRAEL -0.361; CHINA 0.039; BORDER 0.322; HEALTHCARE 0.161; FELON -0.223; AUTHORITARIAN 0.208",NA
"micro_direct_359","micro_direct_subsets","ISRAEL + BORDER + FELON + AUTHORITARIAN",4,0.451364506163276,0.402596906711122,"ISRAEL -0.396; BORDER 0.376; FELON -0.264; AUTHORITARIAN 0.186",NA
"micro_direct_1595","micro_direct_subsets","ISRAEL + CHINA + BORDER + FENTANYL + FELON + RACE",6,0.471839326221146,0.398142488019445,"ISRAEL -0.364; CHINA 0.153; BORDER 0.337; FENTANYL -0.145; FELON -0.379; RACE -0.152",NA
"micro_direct_1813","micro_direct_subsets","ISRAEL + BORDER + FENTANYL + HEALTHCARE + FELON + RACE",6,0.471488948720503,0.397743220634991,"ISRAEL -0.312; BORDER 0.354; FENTANYL -0.145; HEALTHCARE 0.158; FELON -0.351; RACE -0.123",NA
"micro_direct_1842","micro_direct_subsets","ISRAEL + BORDER + INFLATION + HEALTHCARE + TAX + AUTHORITARIAN",6,0.471255829699868,0.39747757337892,"ISRAEL -0.411; BORDER 0.315; INFLATION -0.075; HEALTHCARE 0.266; TAX -0.158; AUTHORITARIAN 0.421",NA
"micro_direct_980","micro_direct_subsets","ISRAEL + BORDER + FELON + AUTHORITARIAN + RACE",5,0.458842157157869,0.397346947743991,"ISRAEL -0.388; BORDER 0.391; FELON -0.276; AUTHORITARIAN 0.159; RACE -0.091",NA
"micro_direct_1899","micro_direct_subsets","ISRAEL + BORDER + TAX + FELON + AUTHORITARIAN + RACE",6,0.470687671901241,0.396830137747925,"ISRAEL -0.403; BORDER 0.386; TAX -0.127; FELON -0.268; AUTHORITARIAN 0.216; RACE -0.122",NA
"micro_direct_967","micro_direct_subsets","ISRAEL + BORDER + TAX + FELON + AUTHORITARIAN",5,0.458079222331682,0.396497315778464,"ISRAEL -0.409; BORDER 0.369; TAX -0.092; FELON -0.254; AUTHORITARIAN 0.234",NA
"micro_direct_1879","micro_direct_subsets","ISRAEL + BORDER + HEALTHCARE + TAX + PROJECT2025 + AUTHORITARIAN",6,0.470263666891693,0.396346969248673,"ISRAEL -0.427; BORDER 0.311; HEALTHCARE 0.263; TAX -0.161; PROJECT2025 0.069; AUTHORITARIAN 0.423",NA
"micro_direct_910","micro_direct_subsets","ISRAEL + BORDER + FENTANYL + HEALTHCARE + FELON",5,0.457937990156581,0.396340034492557,"ISRAEL -0.299; BORDER 0.327; FENTANYL -0.122; HEALTHCARE 0.18; FELON -0.345",NA
"micro_direct_809","micro_direct_subsets","ISRAEL + CHINA + BORDER + FELON + AUTHORITARIAN",5,0.457864091721392,0.396257738507914,"ISRAEL -0.393; CHINA 0.089; BORDER 0.34; FELON -0.273; AUTHORITARIAN 0.167",NA
"micro_direct_348","micro_direct_subsets","ISRAEL + BORDER + HEALTHCARE + FELON",4,0.445205020684569,0.395889911412086,"ISRAEL -0.287; BORDER 0.336; HEALTHCARE 0.141; FELON -0.333",NA
"micro_direct_350","micro_direct_subsets","ISRAEL + BORDER + HEALTHCARE + AUTHORITARIAN",4,0.444413215670136,0.395027723729704,"ISRAEL -0.406; BORDER 0.337; HEALTHCARE 0.224; AUTHORITARIAN 0.341",NA
"micro_direct_976","micro_direct_subsets","ISRAEL + BORDER + FELON + PROJECT2025 + AUTHORITARIAN",5,0.456177789829296,0.394379811400807,"ISRAEL -0.409; BORDER 0.373; FELON -0.269; PROJECT2025 0.071; AUTHORITARIAN 0.19",NA
"micro_direct_1787","micro_direct_subsets","ISRAEL + BORDER + FENTANYL + INFLATION + HEALTHCARE + AUTHORITARIAN",6,0.468417062664236,0.39424269931506,"ISRAEL -0.417; BORDER 0.325; FENTANYL -0.14; INFLATION -0.116; HEALTHCARE 0.29; AUTHORITARIAN 0.362",NA
"micro_direct_921","micro_direct_subsets","ISRAEL + BORDER + FENTANYL + FELON + AUTHORITARIAN",5,0.455948860023621,0.394124866844487,"ISRAEL -0.408; BORDER 0.376; FENTANYL -0.07; FELON -0.275; AUTHORITARIAN 0.185",NA
"micro_direct_361","micro_direct_subsets","ISRAEL + BORDER + FELON + RACE",4,0.443535349166467,0.394071824647931,"ISRAEL -0.329; BORDER 0.392; FELON -0.357; RACE -0.122",NA
"micro_direct_1883","micro_direct_subsets","ISRAEL + BORDER + HEALTHCARE + TAX + AUTHORITARIAN + RACE",6,0.468236656019453,0.394037119650074,"ISRAEL -0.417; BORDER 0.326; HEALTHCARE 0.246; TAX -0.181; AUTHORITARIAN 0.414; RACE -0.054",NA
"micro_direct_912","micro_direct_subsets","ISRAEL + BORDER + FENTANYL + HEALTHCARE + AUTHORITARIAN",5,0.455849093989517,0.394013763761053,"ISRAEL -0.421; BORDER 0.328; FENTANYL -0.116; HEALTHCARE 0.263; AUTHORITARIAN 0.351",NA
"micro_direct_1582","micro_direct_subsets","ISRAEL + CHINA + BORDER + FENTANYL + HEALTHCARE + FELON",6,0.467477033304882,0.393171503068353,"ISRAEL -0.316; CHINA 0.113; BORDER 0.288; FENTANYL -0.143; HEALTHCARE 0.155; FELON -0.353",NA
"micro_direct_942","micro_direct_subsets","ISRAEL + BORDER + INFLATION + FELON + AUTHORITARIAN",5,0.454897548560119,0.392954088169223,"ISRAEL -0.395; BORDER 0.378; INFLATION -0.06; FELON -0.264; AUTHORITARIAN 0.19",NA
"micro_direct_1834","micro_direct_subsets","ISRAEL + BORDER + FENTANYL + FELON + AUTHORITARIAN + RACE",6,0.467152640431217,0.392801846072782,"ISRAEL -0.403; BORDER 0.395; FENTANYL -0.097; FELON -0.296; AUTHORITARIAN 0.15; RACE -0.114",NA
"micro_direct_811","micro_direct_subsets","ISRAEL + CHINA + BORDER + FELON + RACE",5,0.45445539603112,0.392461691034656,"ISRAEL -0.334; CHINA 0.114; BORDER 0.346; FELON -0.356; RACE -0.12",NA
"micro_direct_959","micro_direct_subsets","ISRAEL + BORDER + HEALTHCARE + FELON + RACE",5,0.454158086908588,0.392130596784564,"ISRAEL -0.296; BORDER 0.359; HEALTHCARE 0.117; FELON -0.335; RACE -0.099",NA
"micro_direct_81","micro_direct_subsets","ISRAEL + BORDER + FELON",3,0.429169137172988,0.391941037423401,"ISRAEL -0.326; BORDER 0.37; FELON -0.358",NA
"micro_direct_1593","micro_direct_subsets","ISRAEL + CHINA + BORDER + FENTANYL + FELON + AUTHORITARIAN",6,0.466375568912771,0.391916345970366,"ISRAEL -0.41; CHINA 0.117; BORDER 0.329; FENTANYL -0.099; FELON -0.293; AUTHORITARIAN 0.159",NA
"micro_direct_1785","micro_direct_subsets","ISRAEL + BORDER + FENTANYL + INFLATION + HEALTHCARE + FELON",6,0.466371415043849,0.391911612491828,"ISRAEL -0.293; BORDER 0.325; FENTANYL -0.142; INFLATION -0.095; HEALTHCARE 0.201; FELON -0.348",NA
"micro_direct_1625","micro_direct_subsets","ISRAEL + CHINA + BORDER + HEALTHCARE + TAX + AUTHORITARIAN",6,0.46625156798421,0.391775042586658,"ISRAEL -0.414; CHINA -0.025; BORDER 0.322; HEALTHCARE 0.264; TAX -0.171; AUTHORITARIAN 0.425",NA
"micro_direct_1648","micro_direct_subsets","ISRAEL + CHINA + BORDER + FELON + PROJECT2025 + AUTHORITARIAN",6,0.466041503180561,0.391535666415058,"ISRAEL -0.41; CHINA 0.113; BORDER 0.327; FELON -0.282; PROJECT2025 0.095; AUTHORITARIAN 0.167",NA
"micro_direct_923","micro_direct_subsets","ISRAEL + BORDER + FENTANYL + FELON + RACE",5,0.453578318396414,0.391484945486916,"ISRAEL -0.349; BORDER 0.396; FENTANYL -0.107; FELON -0.373; RACE -0.146",NA
"micro_direct_1882","micro_direct_subsets","ISRAEL + BORDER + HEALTHCARE + TAX + AUTHORITARIAN + GENDER",6,0.465880036920929,0.391351669979664,"ISRAEL -0.415; BORDER 0.314; HEALTHCARE 0.26; TAX -0.163; AUTHORITARIAN 0.421; GENDER -0.011",NA
"micro_direct_1652","micro_direct_subsets","ISRAEL + CHINA + BORDER + FELON + AUTHORITARIAN + RACE",6,0.465744707828993,0.39119745775862,"ISRAEL -0.385; CHINA 0.092; BORDER 0.354; FELON -0.286; AUTHORITARIAN 0.139; RACE -0.093",NA
"micro_direct_1650","micro_direct_subsets","ISRAEL + CHINA + BORDER + FELON + PROJECT2025 + RACE",6,0.465420224569913,0.390827697765715,"ISRAEL -0.355; CHINA 0.141; BORDER 0.333; FELON -0.367; PROJECT2025 0.111; RACE -0.132",NA
"micro_direct_291","micro_direct_subsets","ISRAEL + CHINA + BORDER + FELON",4,0.440527143779111,0.390796223226143,"ISRAEL -0.332; CHINA 0.116; BORDER 0.324; FELON -0.358",NA
"micro_direct_1906","micro_direct_subsets","ISRAEL + BORDER + FELON + PROJECT2025 + AUTHORITARIAN + RACE",6,0.465092422841596,0.390454156261354,"ISRAEL -0.402; BORDER 0.39; FELON -0.283; PROJECT2025 0.081; AUTHORITARIAN 0.161; RACE -0.099",NA
"micro_direct_933","micro_direct_subsets","ISRAEL + BORDER + INFLATION + HEALTHCARE + AUTHORITARIAN",5,0.45235638278709,0.39012415355835,"ISRAEL -0.401; BORDER 0.336; INFLATION -0.09; HEALTHCARE 0.238; AUTHORITARIAN 0.348",NA
"micro_direct_1653","micro_direct_subsets","ISRAEL + CHINA + BORDER + FELON + GENDER + RACE",6,0.464622662676654,0.389918848166419,"ISRAEL -0.338; CHINA 0.158; BORDER 0.342; FELON -0.382; GENDER -0.137; RACE -0.199",NA
"micro_direct_979","micro_direct_subsets","ISRAEL + BORDER + FELON + AUTHORITARIAN + GENDER",5,0.451366067490094,0.389021302432151,"ISRAEL -0.396; BORDER 0.376; FELON -0.264; AUTHORITARIAN 0.186; GENDER -0.001",NA
"micro_direct_1639","micro_direct_subsets","ISRAEL + CHINA + BORDER + TAX + FELON + AUTHORITARIAN",6,0.463383390495222,0.388506654285253,"ISRAEL -0.405; CHINA 0.081; BORDER 0.336; TAX -0.084; FELON -0.264; AUTHORITARIAN 0.213",NA
"micro_direct_1869","micro_direct_subsets","ISRAEL + BORDER + INFLATION + FELON + AUTHORITARIAN + RACE",6,0.463313586335038,0.388427110009694,"ISRAEL -0.386; BORDER 0.394; INFLATION -0.067; FELON -0.277; AUTHORITARIAN 0.162; RACE -0.096",NA
"micro_direct_956","micro_direct_subsets","ISRAEL + BORDER + HEALTHCARE + FELON + PROJECT2025",5,0.450829805860883,0.388424101981438,"ISRAEL -0.298; BORDER 0.332; HEALTHCARE 0.148; FELON -0.339; PROJECT2025 0.077",NA
"micro_direct_798","micro_direct_subsets","ISRAEL + CHINA + BORDER + HEALTHCARE + FELON",5,0.45074921547428,0.388334353596358,"ISRAEL -0.298; CHINA 0.084; BORDER 0.308; HEALTHCARE 0.117; FELON -0.337",NA
"micro_direct_785","micro_direct_subsets","ISRAEL + CHINA + BORDER + FENTANYL + FELON",5,0.450679337344493,0.388256534770004,"ISRAEL -0.353; CHINA 0.145; BORDER 0.313; FENTANYL -0.108; FELON -0.375",NA
"micro_direct_960","micro_direct_subsets","ISRAEL + BORDER + HEALTHCARE + PROJECT2025 + AUTHORITARIAN",5,0.450577147442484,0.388142732379129,"ISRAEL -0.42; BORDER 0.332; HEALTHCARE 0.233; PROJECT2025 0.081; AUTHORITARIAN 0.348",NA
"micro_direct_1821","micro_direct_subsets","ISRAEL + BORDER + FENTANYL + TAX + FELON + AUTHORITARIAN",6,0.462960463225716,0.388024713908374,"ISRAEL -0.422; BORDER 0.369; FENTANYL -0.072; TAX -0.094; FELON -0.266; AUTHORITARIAN 0.234",NA
"micro_direct_1908","micro_direct_subsets","ISRAEL + BORDER + FELON + AUTHORITARIAN + GENDER + RACE",6,0.462581589402166,0.38759297396991,"ISRAEL -0.39; BORDER 0.398; FELON -0.288; AUTHORITARIAN 0.163; GENDER -0.077; RACE -0.135",NA
"micro_direct_931","micro_direct_subsets","ISRAEL + BORDER + INFLATION + HEALTHCARE + FELON",5,0.449939241524276,0.387432337152034,"ISRAEL -0.282; BORDER 0.335; INFLATION -0.07; HEALTHCARE 0.152; FELON -0.334",NA
"micro_direct_978","micro_direct_subsets","ISRAEL + BORDER + FELON + PROJECT2025 + RACE",5,0.449525620443433,0.386971713675642,"ISRAEL -0.343; BORDER 0.39; FELON -0.364; PROJECT2025 0.08; RACE -0.131",NA
"micro_direct_1895","micro_direct_subsets","ISRAEL + BORDER + TAX + FELON + PROJECT2025 + AUTHORITARIAN",6,0.461792501541668,0.386693780826552,"ISRAEL -0.419; BORDER 0.367; TAX -0.085; FELON -0.26; PROJECT2025 0.063; AUTHORITARIAN 0.233",NA
"micro_direct_808","micro_direct_subsets","ISRAEL + CHINA + BORDER + FELON + PROJECT2025",5,0.448772627684407,0.386133153557635,"ISRAEL -0.349; CHINA 0.14; BORDER 0.311; FELON -0.367; PROJECT2025 0.095",NA
"micro_direct_1887","micro_direct_subsets","ISRAEL + BORDER + HEALTHCARE + FELON + PROJECT2025 + RACE",6,0.461300389981019,0.38613300253651,"ISRAEL -0.309; BORDER 0.356; HEALTHCARE 0.124; FELON -0.343; PROJECT2025 0.087; RACE -0.107",NA
"micro_direct_1796","micro_direct_subsets","ISRAEL + BORDER + FENTANYL + INFLATION + FELON + AUTHORITARIAN",6,0.460763802566611,0.385521542459627,"ISRAEL -0.409; BORDER 0.378; FENTANYL -0.08; INFLATION -0.07; FELON -0.278; AUTHORITARIAN 0.19",NA
"micro_direct_1614","micro_direct_subsets","ISRAEL + CHINA + BORDER + INFLATION + FELON + AUTHORITARIAN",6,0.460563093496753,0.385292827473044,"ISRAEL -0.392; CHINA 0.084; BORDER 0.343; INFLATION -0.052; FELON -0.273; AUTHORITARIAN 0.172",NA
"micro_direct_963","micro_direct_subsets","ISRAEL + BORDER + HEALTHCARE + AUTHORITARIAN + GENDER",5,0.447950593604057,0.385217706513609,"ISRAEL -0.406; BORDER 0.331; HEALTHCARE 0.247; AUTHORITARIAN 0.359; GENDER -0.065",NA
"micro_direct_1856","micro_direct_subsets","ISRAEL + BORDER + INFLATION + TAX + FELON + AUTHORITARIAN",6,0.460471045906691,0.385187936033206,"ISRAEL -0.407; BORDER 0.371; INFLATION -0.05; TAX -0.085; FELON -0.256; AUTHORITARIAN 0.234",NA
"micro_direct_1631","micro_direct_subsets","ISRAEL + CHINA + BORDER + HEALTHCARE + FELON + RACE",6,0.460373452248815,0.385076724655626,"ISRAEL -0.308; CHINA 0.09; BORDER 0.33; HEALTHCARE 0.091; FELON -0.34; RACE -0.102",NA
"micro_direct_1890","micro_direct_subsets","ISRAEL + BORDER + HEALTHCARE + FELON + GENDER + RACE",6,0.460362236326619,0.385063943721031,"ISRAEL -0.292; BORDER 0.364; HEALTHCARE 0.137; FELON -0.351; GENDER -0.101; RACE -0.154",NA
"micro_direct_1810","micro_direct_subsets","ISRAEL + BORDER + FENTANYL + HEALTHCARE + FELON + PROJECT2025",6,0.460120757355239,0.384788770009459,"ISRAEL -0.305; BORDER 0.325; FENTANYL -0.108; HEALTHCARE 0.18; FELON -0.347; PROJECT2025 0.05",NA
"micro_direct_944","micro_direct_subsets","ISRAEL + BORDER + INFLATION + FELON + RACE",5,0.447414312529293,0.384620484407622,"ISRAEL -0.327; BORDER 0.394; INFLATION -0.063; FELON -0.359; RACE -0.128",NA
"micro_direct_1798","micro_direct_subsets","ISRAEL + BORDER + FENTANYL + INFLATION + FELON + RACE",6,0.459959998461172,0.384605579641801,"ISRAEL -0.349; BORDER 0.401; FENTANYL -0.121; INFLATION -0.082; FELON -0.379; RACE -0.157",NA
"micro_direct_1865","micro_direct_subsets","ISRAEL + BORDER + INFLATION + FELON + PROJECT2025 + AUTHORITARIAN",6,0.459843077708215,0.384472344365175,"ISRAEL -0.408; BORDER 0.375; INFLATION -0.061; FELON -0.269; PROJECT2025 0.072; AUTHORITARIAN 0.194",NA
"micro_direct_1848","micro_direct_subsets","ISRAEL + BORDER + INFLATION + HEALTHCARE + FELON + RACE",6,0.459829284050874,0.384456626011462,"ISRAEL -0.29; BORDER 0.36; INFLATION -0.076; HEALTHCARE 0.128; FELON -0.337; RACE -0.104",NA
"micro_direct_1628","micro_direct_subsets","ISRAEL + CHINA + BORDER + HEALTHCARE + FELON + PROJECT2025",6,0.459499596790041,0.384080935877024,"ISRAEL -0.315; CHINA 0.108; BORDER 0.295; HEALTHCARE 0.12; FELON -0.346; PROJECT2025 0.098",NA
"micro_direct_1805","micro_direct_subsets","ISRAEL + BORDER + FENTANYL + HEALTHCARE + TAX + FELON",6,0.459301873681401,0.38385562349741,"ISRAEL -0.296; BORDER 0.322; FENTANYL -0.125; HEALTHCARE 0.187; TAX -0.038; FELON -0.35",NA
"micro_direct_335","micro_direct_subsets","ISRAEL + BORDER + FENTANYL + FELON",4,0.434075561568889,0.38377116704168,"ISRAEL -0.34; BORDER 0.37; FENTANYL -0.072; FELON -0.37",NA
"micro_direct_1898","micro_direct_subsets","ISRAEL + BORDER + TAX + FELON + AUTHORITARIAN + GENDER",6,0.459227012053615,0.383770316061096,"ISRAEL -0.408; BORDER 0.367; TAX -0.109; FELON -0.25; AUTHORITARIAN 0.234; GENDER 0.038",NA
"micro_direct_981","micro_direct_subsets","ISRAEL + BORDER + FELON + GENDER + RACE",5,0.446548862467603,0.383656687748012,"ISRAEL -0.33; BORDER 0.398; FELON -0.369; GENDER -0.069; RACE -0.162",NA
"micro_direct_969","micro_direct_subsets","ISRAEL + BORDER + TAX + FELON + RACE",5,0.446477341284015,0.383577039157199,"ISRAEL -0.326; BORDER 0.39; TAX -0.059; FELON -0.366; RACE -0.141",NA
"micro_direct_1849","micro_direct_subsets","ISRAEL + BORDER + INFLATION + HEALTHCARE + PROJECT2025 + AUTHORITARIAN",6,0.458984836518275,0.383494348590592,"ISRAEL -0.415; BORDER 0.331; INFLATION -0.093; HEALTHCARE 0.248; PROJECT2025 0.084; AUTHORITARIAN 0.356",NA
"micro_direct_1830","micro_direct_subsets","ISRAEL + BORDER + FENTANYL + FELON + PROJECT2025 + AUTHORITARIAN",6,0.458707200308205,0.383177972444234,"ISRAEL -0.416; BORDER 0.374; FENTANYL -0.054; FELON -0.277; PROJECT2025 0.056; AUTHORITARIAN 0.188",NA
"micro_direct_951","micro_direct_subsets","ISRAEL + BORDER + HEALTHCARE + TAX + FELON",5,0.446009774013485,0.38305633924229,"ISRAEL -0.285; BORDER 0.332; HEALTHCARE 0.145; TAX -0.029; FELON -0.337",NA
"micro_direct_1814","micro_direct_subsets","ISRAEL + BORDER + FENTANYL + HEALTHCARE + PROJECT2025 + AUTHORITARIAN",6,0.458549622716114,0.382998407281153,"ISRAEL -0.429; BORDER 0.326; FENTANYL -0.1; HEALTHCARE 0.265; PROJECT2025 0.055; AUTHORITARIAN 0.354",NA
"micro_direct_1651","micro_direct_subsets","ISRAEL + CHINA + BORDER + FELON + AUTHORITARIAN + GENDER",6,0.45851311494757,0.38295680540537,"ISRAEL -0.395; CHINA 0.098; BORDER 0.336; FELON -0.276; AUTHORITARIAN 0.172; GENDER -0.028",NA
"micro_direct_358","micro_direct_subsets","ISRAEL + BORDER + FELON + PROJECT2025",4,0.433180132334994,0.382796144098105,"ISRAEL -0.337; BORDER 0.368; FELON -0.365; PROJECT2025 0.065",NA
"micro_direct_1812","micro_direct_subsets","ISRAEL + BORDER + FENTANYL + HEALTHCARE + FELON + GENDER",6,0.458125123473307,0.382514675585862,"ISRAEL -0.301; BORDER 0.328; FENTANYL -0.126; HEALTHCARE 0.176; FELON -0.343; GENDER 0.015",NA
"micro_direct_1823","micro_direct_subsets","ISRAEL + BORDER + FENTANYL + TAX + FELON + RACE",6,0.457991543116684,0.38236245610971,"ISRAEL -0.348; BORDER 0.394; FENTANYL -0.115; TAX -0.072; FELON -0.386; RACE -0.172",NA
"micro_direct_958","micro_direct_subsets","ISRAEL + BORDER + HEALTHCARE + FELON + GENDER",5,0.445359463005611,0.382332129256249,"ISRAEL -0.286; BORDER 0.335; HEALTHCARE 0.145; FELON -0.334; GENDER -0.013",NA
"micro_direct_1878","micro_direct_subsets","ISRAEL + BORDER + HEALTHCARE + TAX + FELON + RACE",6,0.457942046841907,0.382306053377987,"ISRAEL -0.292; BORDER 0.356; HEALTHCARE 0.122; TAX -0.067; FELON -0.345; RACE -0.12",NA
"micro_direct_1616","micro_direct_subsets","ISRAEL + CHINA + BORDER + INFLATION + FELON + RACE",6,0.457323198018762,0.381600853556263,"ISRAEL -0.332; CHINA 0.109; BORDER 0.35; INFLATION -0.054; FELON -0.359; RACE -0.125",NA
"micro_direct_964","micro_direct_subsets","ISRAEL + BORDER + HEALTHCARE + AUTHORITARIAN + RACE",5,0.444584821669134,0.381469460495172,"ISRAEL -0.406; BORDER 0.34; HEALTHCARE 0.22; AUTHORITARIAN 0.337; RACE -0.014",NA
"micro_direct_1641","micro_direct_subsets","ISRAEL + CHINA + BORDER + TAX + FELON + RACE",6,0.457204261471367,0.381465321211557,"ISRAEL -0.332; CHINA 0.113; BORDER 0.344; TAX -0.057; FELON -0.366; RACE -0.139",NA
"micro_direct_1817","micro_direct_subsets","ISRAEL + BORDER + FENTANYL + HEALTHCARE + AUTHORITARIAN + GENDER",6,0.457173548660565,0.381430322892271,"ISRAEL -0.42; BORDER 0.325; FENTANYL -0.107; HEALTHCARE 0.275; AUTHORITARIAN 0.361; GENDER -0.041",NA
"micro_direct_800","micro_direct_subsets","ISRAEL + CHINA + BORDER + HEALTHCARE + AUTHORITARIAN",5,0.444414957349258,0.381280293411674,"ISRAEL -0.406; CHINA 0.002; BORDER 0.336; HEALTHCARE 0.223; AUTHORITARIAN 0.34",NA
"micro_direct_342","micro_direct_subsets","ISRAEL + BORDER + INFLATION + FELON",4,0.431734586177651,0.381222104948998,"ISRAEL -0.324; BORDER 0.371; INFLATION -0.051; FELON -0.361",NA
"micro_direct_1818","micro_direct_subsets","ISRAEL + BORDER + FENTANYL + HEALTHCARE + AUTHORITARIAN + RACE",6,0.45676895284701,0.380969271848918,"ISRAEL -0.422; BORDER 0.336; FENTANYL -0.121; HEALTHCARE 0.257; AUTHORITARIAN 0.344; RACE -0.033",NA
"micro_direct_1905","micro_direct_subsets","ISRAEL + BORDER + FELON + PROJECT2025 + AUTHORITARIAN + GENDER",6,0.456430489588239,0.38058358115869,"ISRAEL -0.408; BORDER 0.373; FELON -0.268; PROJECT2025 0.075; AUTHORITARIAN 0.186; GENDER 0.017",NA
"micro_direct_1832","micro_direct_subsets","ISRAEL + BORDER + FENTANYL + FELON + PROJECT2025 + RACE",6,0.456388631388051,0.380535882279406,"ISRAEL -0.356; BORDER 0.395; FENTANYL -0.091; FELON -0.376; PROJECT2025 0.056; RACE -0.149",NA
"micro_direct_1833","micro_direct_subsets","ISRAEL + BORDER + FENTANYL + FELON + AUTHORITARIAN + GENDER",6,0.456361091667123,0.380504499806721,"ISRAEL -0.408; BORDER 0.376; FENTANYL -0.077; FELON -0.275; AUTHORITARIAN 0.18; GENDER 0.022",NA
"micro_direct_1584","micro_direct_subsets","ISRAEL + CHINA + BORDER + FENTANYL + HEALTHCARE + AUTHORITARIAN",6,0.456244779046774,0.380371957518417,"ISRAEL -0.423; CHINA 0.023; BORDER 0.32; FENTANYL -0.119; HEALTHCARE 0.258; AUTHORITARIAN 0.347",NA
"micro_direct_1852","micro_direct_subsets","ISRAEL + BORDER + INFLATION + HEALTHCARE + AUTHORITARIAN + GENDER",6,0.456048285709179,0.380148046505809,"ISRAEL -0.401; BORDER 0.33; INFLATION -0.091; HEALTHCARE 0.262; AUTHORITARIAN 0.367; GENDER -0.067",NA
"micro_direct_1845","micro_direct_subsets","ISRAEL + BORDER + INFLATION + HEALTHCARE + FELON + PROJECT2025",6,0.455841160669357,0.37991202029764,"ISRAEL -0.293; BORDER 0.331; INFLATION -0.072; HEALTHCARE 0.16; FELON -0.34; PROJECT2025 0.079",NA
"micro_direct_1592","micro_direct_subsets","ISRAEL + CHINA + BORDER + FENTANYL + FELON + PROJECT2025",6,0.455471147539023,0.379490377428189,"ISRAEL -0.363; CHINA 0.159; BORDER 0.304; FENTANYL -0.09; FELON -0.38; PROJECT2025 0.075",NA
"micro_direct_360","micro_direct_subsets","ISRAEL + BORDER + FELON + GENDER",4,0.429827859887292,0.379145891877274,"ISRAEL -0.326; BORDER 0.37; FELON -0.353; GENDER 0.026",NA
"micro_direct_792","micro_direct_subsets","ISRAEL + CHINA + BORDER + INFLATION + FELON",5,0.442283770488995,0.378906926226381,"ISRAEL -0.33; CHINA 0.112; BORDER 0.326; INFLATION -0.042; FELON -0.36",NA
"micro_direct_1868","micro_direct_subsets","ISRAEL + BORDER + INFLATION + FELON + AUTHORITARIAN + GENDER",6,0.454898415771064,0.378837729599585,"ISRAEL -0.395; BORDER 0.378; INFLATION -0.06; FELON -0.264; AUTHORITARIAN 0.19; GENDER 0.001",NA
"micro_direct_1835","micro_direct_subsets","ISRAEL + BORDER + FENTANYL + FELON + GENDER + RACE",6,0.454808618098451,0.378735402019166,"ISRAEL -0.348; BORDER 0.4; FENTANYL -0.099; FELON -0.38; GENDER -0.045; RACE -0.17",NA
"micro_direct_353","micro_direct_subsets","ISRAEL + BORDER + TAX + FELON",4,0.429286071766139,0.378555944812018,"ISRAEL -0.326; BORDER 0.369; TAX -0.011; FELON -0.36",NA
"micro_direct_1603","micro_direct_subsets","ISRAEL + CHINA + BORDER + INFLATION + HEALTHCARE + FELON",6,0.454323475411753,0.378182565004091,"ISRAEL -0.292; CHINA 0.076; BORDER 0.311; INFLATION -0.061; HEALTHCARE 0.129; FELON -0.337",NA
"micro_direct_1576","micro_direct_subsets","ISRAEL + CHINA + BORDER + FENTANYL + INFLATION + FELON",6,0.453650056064738,0.377415180166794,"ISRAEL -0.352; CHINA 0.142; BORDER 0.315; FENTANYL -0.115; INFLATION -0.055; FELON -0.379",NA
"micro_direct_1867","micro_direct_subsets","ISRAEL + BORDER + INFLATION + FELON + PROJECT2025 + RACE",6,0.453645632731718,0.377410139624515,"ISRAEL -0.341; BORDER 0.393; INFLATION -0.065; FELON -0.367; PROJECT2025 0.081; RACE -0.137",NA
"micro_direct_803","micro_direct_subsets","ISRAEL + CHINA + BORDER + TAX + FELON",5,0.440621085500149,0.37705529976153,"ISRAEL -0.331; CHINA 0.116; BORDER 0.323; TAX -0.01; FELON -0.36",NA
"micro_direct_810","micro_direct_subsets","ISRAEL + CHINA + BORDER + FELON + GENDER",5,0.440588681130321,0.377019213076948,"ISRAEL -0.332; CHINA 0.119; BORDER 0.323; FELON -0.36; GENDER -0.008",NA
"micro_direct_1853","micro_direct_subsets","ISRAEL + BORDER + INFLATION + HEALTHCARE + AUTHORITARIAN + RACE",6,0.452666173179353,0.376294011297402,"ISRAEL -0.401; BORDER 0.34; INFLATION -0.091; HEALTHCARE 0.234; AUTHORITARIAN 0.344; RACE -0.019",NA
"micro_direct_1605","micro_direct_subsets","ISRAEL + CHINA + BORDER + INFLATION + HEALTHCARE + AUTHORITARIAN",6,0.45249274016546,0.376096378328082,"ISRAEL -0.4; CHINA -0.014; BORDER 0.34; INFLATION -0.092; HEALTHCARE 0.242; AUTHORITARIAN 0.35",NA
"micro_direct_1891","micro_direct_subsets","ISRAEL + BORDER + HEALTHCARE + PROJECT2025 + AUTHORITARIAN + GENDER",6,0.452445540983763,0.376042593214056,"ISRAEL -0.418; BORDER 0.328; HEALTHCARE 0.25; PROJECT2025 0.071; AUTHORITARIAN 0.361; GENDER -0.049",NA
"micro_direct_1897","micro_direct_subsets","ISRAEL + BORDER + TAX + FELON + PROJECT2025 + RACE",6,0.451839727205407,0.37535224728058,"ISRAEL -0.34; BORDER 0.389; TAX -0.052; FELON -0.372; PROJECT2025 0.076; RACE -0.148",NA
"micro_direct_1630","micro_direct_subsets","ISRAEL + CHINA + BORDER + HEALTHCARE + FELON + GENDER",6,0.451773299968963,0.375276551127422,"ISRAEL -0.296; CHINA 0.094; BORDER 0.302; HEALTHCARE 0.126; FELON -0.342; GENDER -0.035",NA
"micro_direct_1623","micro_direct_subsets","ISRAEL + CHINA + BORDER + HEALTHCARE + TAX + FELON",6,0.451355541191996,0.374800500428089,"ISRAEL -0.295; CHINA 0.083; BORDER 0.305; HEALTHCARE 0.121; TAX -0.025; FELON -0.34",NA
"micro_direct_1875","micro_direct_subsets","ISRAEL + BORDER + HEALTHCARE + TAX + FELON + PROJECT2025",6,0.451259715277053,0.374691303455246,"ISRAEL -0.296; BORDER 0.329; HEALTHCARE 0.151; TAX -0.021; FELON -0.342; PROJECT2025 0.075",NA
"micro_direct_1907","micro_direct_subsets","ISRAEL + BORDER + FELON + PROJECT2025 + GENDER + RACE",6,0.45103216028461,0.374431996603392,"ISRAEL -0.342; BORDER 0.395; FELON -0.373; PROJECT2025 0.071; GENDER -0.05; RACE -0.159",NA
"micro_direct_1594","micro_direct_subsets","ISRAEL + CHINA + BORDER + FENTANYL + FELON + GENDER",6,0.450947095207532,0.374335061980676,"ISRAEL -0.354; CHINA 0.141; BORDER 0.315; FENTANYL -0.112; FELON -0.372; GENDER 0.018",NA
"micro_direct_1892","micro_direct_subsets","ISRAEL + BORDER + HEALTHCARE + PROJECT2025 + AUTHORITARIAN + RACE",6,0.450941474849524,0.374328657386667,"ISRAEL -0.421; BORDER 0.337; HEALTHCARE 0.228; PROJECT2025 0.082; AUTHORITARIAN 0.344; RACE -0.02",NA
"micro_direct_1632","micro_direct_subsets","ISRAEL + CHINA + BORDER + HEALTHCARE + PROJECT2025 + AUTHORITARIAN",6,0.450883355302115,0.374262428134969,"ISRAEL -0.422; CHINA 0.021; BORDER 0.325; HEALTHCARE 0.228; PROJECT2025 0.084; AUTHORITARIAN 0.345",NA
"micro_direct_1886","micro_direct_subsets","ISRAEL + BORDER + HEALTHCARE + FELON + PROJECT2025 + GENDER",6,0.45085288121153,0.374227701845697,"ISRAEL -0.299; BORDER 0.332; HEALTHCARE 0.147; FELON -0.338; PROJECT2025 0.078; GENDER 0.005",NA
"micro_direct_1587","micro_direct_subsets","ISRAEL + CHINA + BORDER + FENTANYL + TAX + FELON",6,0.450837380294566,0.374210038010087,"ISRAEL -0.353; CHINA 0.145; BORDER 0.311; FENTANYL -0.108; TAX -0.013; FELON -0.377",NA
"micro_direct_1894","micro_direct_subsets","ISRAEL + BORDER + HEALTHCARE + AUTHORITARIAN + GENDER + RACE",6,0.450607956474834,0.373948601564346,"ISRAEL -0.407; BORDER 0.343; HEALTHCARE 0.244; AUTHORITARIAN 0.354; GENDER -0.1; RACE -0.064",NA
"micro_direct_904","micro_direct_subsets","ISRAEL + BORDER + FENTANYL + INFLATION + FELON",5,0.43778358959422,0.373895361139018,"ISRAEL -0.339; BORDER 0.372; FENTANYL -0.081; INFLATION -0.062; FELON -0.374",NA
"micro_direct_1870","micro_direct_subsets","ISRAEL + BORDER + INFLATION + FELON + GENDER + RACE",6,0.450504092101595,0.373830244487864,"ISRAEL -0.327; BORDER 0.401; INFLATION -0.063; FELON -0.372; GENDER -0.07; RACE -0.169",NA
"micro_direct_1613","micro_direct_subsets","ISRAEL + CHINA + BORDER + INFLATION + FELON + PROJECT2025",6,0.450481569387883,0.373804579069913,"ISRAEL -0.347; CHINA 0.136; BORDER 0.314; INFLATION -0.042; FELON -0.369; PROJECT2025 0.095",NA
"micro_direct_1840","micro_direct_subsets","ISRAEL + BORDER + INFLATION + HEALTHCARE + TAX + FELON",6,0.450324631627042,0.373625743016862,"ISRAEL -0.28; BORDER 0.333; INFLATION -0.067; HEALTHCARE 0.154; TAX -0.02; FELON -0.337",NA
"micro_direct_1847","micro_direct_subsets","ISRAEL + BORDER + INFLATION + HEALTHCARE + FELON + GENDER",6,0.450083746575646,0.37335124609783,"ISRAEL -0.28; BORDER 0.334; INFLATION -0.07; HEALTHCARE 0.156; FELON -0.335; GENDER -0.013",NA
"micro_direct_1858","micro_direct_subsets","ISRAEL + BORDER + INFLATION + TAX + FELON + RACE",6,0.449624998898068,0.372828487116403,"ISRAEL -0.324; BORDER 0.392; INFLATION -0.057; TAX -0.051; FELON -0.367; RACE -0.144",NA
"micro_direct_922","micro_direct_subsets","ISRAEL + BORDER + FENTANYL + FELON + GENDER",5,0.436437292066475,0.372396075255847,"ISRAEL -0.343; BORDER 0.371; FENTANYL -0.088; FELON -0.362; GENDER 0.052",NA
"micro_direct_920","micro_direct_subsets","ISRAEL + BORDER + FENTANYL + FELON + PROJECT2025",5,0.43615432982684,0.372080958216254,"ISRAEL -0.345; BORDER 0.369; FENTANYL -0.059; FELON -0.372; PROJECT2025 0.049",NA
"micro_direct_1649","micro_direct_subsets","ISRAEL + CHINA + BORDER + FELON + PROJECT2025 + GENDER",6,0.44885532981827,0.371951422351052,"ISRAEL -0.349; CHINA 0.137; BORDER 0.312; FELON -0.366; PROJECT2025 0.097; GENDER 0.01",NA
"micro_direct_1638","micro_direct_subsets","ISRAEL + CHINA + BORDER + TAX + FELON + PROJECT2025",6,0.448774085863721,0.371858842030752,"ISRAEL -0.349; CHINA 0.14; BORDER 0.311; TAX 0.001; FELON -0.367; PROJECT2025 0.096",NA
"micro_direct_941","micro_direct_subsets","ISRAEL + BORDER + INFLATION + FELON + PROJECT2025",5,0.435832711182007,0.371722791998145,"ISRAEL -0.335; BORDER 0.369; INFLATION -0.052; FELON -0.367; PROJECT2025 0.065",NA
"micro_direct_1635","micro_direct_subsets","ISRAEL + CHINA + BORDER + HEALTHCARE + AUTHORITARIAN + GENDER",6,0.448135958699985,0.371131673867425,"ISRAEL -0.407; CHINA 0.016; BORDER 0.326; HEALTHCARE 0.244; AUTHORITARIAN 0.357; GENDER -0.069",NA
"micro_direct_1900","micro_direct_subsets","ISRAEL + BORDER + TAX + FELON + GENDER + RACE",6,0.448104362062295,0.371095668396568,"ISRAEL -0.328; BORDER 0.395; TAX -0.045; FELON -0.374; GENDER -0.053; RACE -0.168",NA
"micro_direct_977","micro_direct_subsets","ISRAEL + BORDER + FELON + PROJECT2025 + GENDER",5,0.434974912766972,0.370767516490492,"ISRAEL -0.339; BORDER 0.368; FELON -0.357; PROJECT2025 0.076; GENDER 0.045",NA
"micro_direct_915","micro_direct_subsets","ISRAEL + BORDER + FENTANYL + TAX + FELON",5,0.434242998404854,0.36995243004177,"ISRAEL -0.339; BORDER 0.369; FENTANYL -0.073; TAX -0.013; FELON -0.372",NA
"micro_direct_966","micro_direct_subsets","ISRAEL + BORDER + TAX + FELON + PROJECT2025",5,0.433193154452768,0.368783285640583,"ISRAEL -0.337; BORDER 0.367; TAX -0.004; FELON -0.365; PROJECT2025 0.064",NA
"micro_direct_1877","micro_direct_subsets","ISRAEL + BORDER + HEALTHCARE + TAX + FELON + GENDER",6,0.44601053230313,0.368709676345427,"ISRAEL -0.285; BORDER 0.332; HEALTHCARE 0.145; TAX -0.029; FELON -0.337; GENDER -0.001",NA
"micro_direct_943","micro_direct_subsets","ISRAEL + BORDER + INFLATION + FELON + GENDER",5,0.432521576758229,0.368035392298937,"ISRAEL -0.324; BORDER 0.372; INFLATION -0.052; FELON -0.355; GENDER 0.029",NA
"micro_direct_936","micro_direct_subsets","ISRAEL + BORDER + INFLATION + TAX + FELON",5,0.43174659898266,0.367172348867053,"ISRAEL -0.324; BORDER 0.371; INFLATION -0.05; TAX -0.004; FELON -0.361",NA
"micro_direct_1636","micro_direct_subsets","ISRAEL + CHINA + BORDER + HEALTHCARE + AUTHORITARIAN + RACE",6,0.444590826055464,0.367091871551576,"ISRAEL -0.406; CHINA 0.003; BORDER 0.339; HEALTHCARE 0.219; AUTHORITARIAN 0.337; RACE -0.014",NA
"micro_direct_968","micro_direct_subsets","ISRAEL + BORDER + TAX + FELON + GENDER",5,0.430410499361319,0.365684419743288,"ISRAEL -0.325; BORDER 0.368; TAX -0.027; FELON -0.355; GENDER 0.038",NA
"micro_direct_1615","micro_direct_subsets","ISRAEL + CHINA + BORDER + INFLATION + FELON + GENDER",6,0.442305414870946,0.364487565783171,"ISRAEL -0.33; CHINA 0.114; BORDER 0.326; INFLATION -0.042; FELON -0.361; GENDER -0.005",NA
"micro_direct_1608","micro_direct_subsets","ISRAEL + CHINA + BORDER + INFLATION + TAX + FELON",6,0.44229698748532,0.364477962483272,"ISRAEL -0.33; CHINA 0.112; BORDER 0.326; INFLATION -0.042; TAX -0.004; FELON -0.361",NA
"micro_direct_83","micro_direct_subsets","ISRAEL + BORDER + AUTHORITARIAN",3,0.402420729479994,0.363448168359124,"ISRAEL -0.47; BORDER 0.393; AUTHORITARIAN 0.333",NA
"micro_direct_1797","micro_direct_subsets","ISRAEL + BORDER + FENTANYL + INFLATION + FELON + GENDER",6,0.440749122526513,0.362714116367422,"ISRAEL -0.342; BORDER 0.373; FENTANYL -0.1; INFLATION -0.067; FELON -0.366; GENDER 0.058",NA
"micro_direct_1640","micro_direct_subsets","ISRAEL + CHINA + BORDER + TAX + FELON + GENDER",6,0.440636011972924,0.362585222945891,"ISRAEL -0.331; CHINA 0.118; BORDER 0.322; TAX -0.008; FELON -0.36; GENDER -0.005",NA
"micro_direct_1795","micro_direct_subsets","ISRAEL + BORDER + FENTANYL + INFLATION + FELON + PROJECT2025",6,0.439719728380417,0.361541085828847,"ISRAEL -0.344; BORDER 0.37; FENTANYL -0.068; INFLATION -0.06; FELON -0.376; PROJECT2025 0.047",NA
"micro_direct_1831","micro_direct_subsets","ISRAEL + BORDER + FENTANYL + FELON + PROJECT2025 + GENDER",6,0.439458827583525,0.361243780269598,"ISRAEL -0.35; BORDER 0.369; FENTANYL -0.074; FELON -0.364; PROJECT2025 0.059; GENDER 0.062",NA
"micro_direct_355","micro_direct_subsets","ISRAEL + BORDER + TAX + AUTHORITARIAN",4,0.412865491036513,0.360675756906426,"ISRAEL -0.483; BORDER 0.384; TAX -0.114; AUTHORITARIAN 0.387",NA
"micro_direct_1822","micro_direct_subsets","ISRAEL + BORDER + FENTANYL + TAX + FELON + GENDER",6,0.438006158835958,0.359588413557254,"ISRAEL -0.342; BORDER 0.367; FENTANYL -0.096; TAX -0.045; FELON -0.367; GENDER 0.074",NA
"micro_direct_1866","micro_direct_subsets","ISRAEL + BORDER + INFLATION + FELON + PROJECT2025 + GENDER",6,0.437863947966105,0.359426359310212,"ISRAEL -0.337; BORDER 0.369; INFLATION -0.054; FELON -0.359; PROJECT2025 0.077; GENDER 0.047",NA
"micro_direct_1790","micro_direct_subsets","ISRAEL + BORDER + FENTANYL + INFLATION + TAX + FELON",6,0.437801844018399,0.359355589695384,"ISRAEL -0.339; BORDER 0.372; FENTANYL -0.081; INFLATION -0.061; TAX -0.004; FELON -0.375",NA
"micro_direct_1820","micro_direct_subsets","ISRAEL + BORDER + FENTANYL + TAX + FELON + PROJECT2025",6,0.436205816174672,0.357536860292068,"ISRAEL -0.345; BORDER 0.368; FENTANYL -0.059; TAX -0.007; FELON -0.374; PROJECT2025 0.048",NA
"micro_direct_1855","micro_direct_subsets","ISRAEL + BORDER + INFLATION + TAX + FELON + PROJECT2025",6,0.435849315634024,0.357130615489934,"ISRAEL -0.336; BORDER 0.37; INFLATION -0.052; TAX 0.004; FELON -0.366; PROJECT2025 0.066",NA
"micro_direct_1896","micro_direct_subsets","ISRAEL + BORDER + TAX + FELON + PROJECT2025 + GENDER",6,0.435519558611601,0.356754845859731,"ISRAEL -0.338; BORDER 0.365; TAX -0.026; FELON -0.359; PROJECT2025 0.075; GENDER 0.056",NA
"micro_direct_974","micro_direct_subsets","ISRAEL + BORDER + TAX + AUTHORITARIAN + RACE",5,0.421133755943714,0.355353500937318,"ISRAEL -0.481; BORDER 0.399; TAX -0.143; AUTHORITARIAN 0.379; RACE -0.098",NA
"micro_direct_1857","micro_direct_subsets","ISRAEL + BORDER + INFLATION + TAX + FELON + GENDER",6,0.43281287787521,0.353670488741518,"ISRAEL -0.323; BORDER 0.37; INFLATION -0.05; TAX -0.019; FELON -0.357; GENDER 0.037",NA
"micro_direct_366","micro_direct_subsets","ISRAEL + BORDER + AUTHORITARIAN + RACE",4,0.40595751824747,0.35315374209169,"ISRAEL -0.466; BORDER 0.404; AUTHORITARIAN 0.32; RACE -0.062",NA
"micro_direct_293","micro_direct_subsets","ISRAEL + CHINA + BORDER + AUTHORITARIAN",4,0.405865783552651,0.353053853201775,"ISRAEL -0.469; CHINA 0.065; BORDER 0.367; AUTHORITARIAN 0.324",NA
"micro_direct_344","micro_direct_subsets","ISRAEL + BORDER + INFLATION + AUTHORITARIAN",4,0.405790917124443,0.352972331979949,"ISRAEL -0.469; BORDER 0.395; INFLATION -0.058; AUTHORITARIAN 0.338",NA
"micro_direct_362","micro_direct_subsets","ISRAEL + BORDER + PROJECT2025 + AUTHORITARIAN",4,0.405490389308909,0.352645090580812,"ISRAEL -0.481; BORDER 0.392; PROJECT2025 0.057; AUTHORITARIAN 0.338",NA
"micro_direct_337","micro_direct_subsets","ISRAEL + BORDER + FENTANYL + AUTHORITARIAN",4,0.403645153703946,0.350635834033186,"ISRAEL -0.478; BORDER 0.394; FENTANYL -0.036; AUTHORITARIAN 0.336",NA
"micro_direct_973","micro_direct_subsets","ISRAEL + BORDER + TAX + AUTHORITARIAN + GENDER",5,0.416266705608629,0.349933376700519,"ISRAEL -0.479; BORDER 0.381; TAX -0.142; AUTHORITARIAN 0.382; GENDER 0.065",NA
"micro_direct_365","micro_direct_subsets","ISRAEL + BORDER + AUTHORITARIAN + GENDER",4,0.402627480758499,0.349527701270366,"ISRAEL -0.468; BORDER 0.393; AUTHORITARIAN 0.329; GENDER 0.015",NA
"micro_direct_805","micro_direct_subsets","ISRAEL + CHINA + BORDER + TAX + AUTHORITARIAN",5,0.415340274167375,0.348901668959122,"ISRAEL -0.482; CHINA 0.055; BORDER 0.362; TAX -0.109; AUTHORITARIAN 0.376",NA
"micro_direct_970","micro_direct_subsets","ISRAEL + BORDER + TAX + PROJECT2025 + AUTHORITARIAN",5,0.414920615391667,0.348434321686175,"ISRAEL -0.492; BORDER 0.383; TAX -0.109; PROJECT2025 0.047; AUTHORITARIAN 0.389",NA
"micro_direct_938","micro_direct_subsets","ISRAEL + BORDER + INFLATION + TAX + AUTHORITARIAN",5,0.414880032700759,0.348389127325845,"ISRAEL -0.481; BORDER 0.386; INFLATION -0.045; TAX -0.108; AUTHORITARIAN 0.387",NA
"micro_direct_917","micro_direct_subsets","ISRAEL + BORDER + FENTANYL + TAX + AUTHORITARIAN",5,0.414388178229861,0.347841380301436,"ISRAEL -0.492; BORDER 0.384; FENTANYL -0.04; TAX -0.116; AUTHORITARIAN 0.391",NA
"micro_direct_1828","micro_direct_subsets","ISRAEL + BORDER + FENTANYL + TAX + AUTHORITARIAN + RACE",6,0.425046669600662,0.344820623498429,"ISRAEL -0.496; BORDER 0.402; FENTANYL -0.066; TAX -0.151; AUTHORITARIAN 0.384; RACE -0.115",NA
"micro_direct_812","micro_direct_subsets","ISRAEL + CHINA + BORDER + PROJECT2025 + AUTHORITARIAN",5,0.410804667906774,0.34385065289618,"ISRAEL -0.485; CHINA 0.083; BORDER 0.358; PROJECT2025 0.074; AUTHORITARIAN 0.328",NA
"micro_direct_1946","micro_direct_subsets","ISRAEL + FENTANYL + HEALTHCARE + TAX + FELON + AUTHORITARIAN",6,0.423923456131353,0.343540682568286,"ISRAEL -0.39; FENTANYL -0.173; HEALTHCARE 0.36; TAX -0.207; FELON -0.198; AUTHORITARIAN 0.345",NA
"micro_direct_1902","micro_direct_subsets","ISRAEL + BORDER + TAX + PROJECT2025 + AUTHORITARIAN + RACE",6,0.423858015964978,0.343466111215905,"ISRAEL -0.491; BORDER 0.398; TAX -0.139; PROJECT2025 0.054; AUTHORITARIAN 0.38; RACE -0.102",NA
"micro_direct_1863","micro_direct_subsets","ISRAEL + BORDER + INFLATION + TAX + AUTHORITARIAN + RACE",6,0.423562659637833,0.343129542377996,"ISRAEL -0.48; BORDER 0.401; INFLATION -0.05; TAX -0.137; AUTHORITARIAN 0.379; RACE -0.101",NA
"micro_direct_1646","micro_direct_subsets","ISRAEL + CHINA + BORDER + TAX + AUTHORITARIAN + RACE",6,0.423530339916615,0.343092712928235,"ISRAEL -0.48; CHINA 0.054; BORDER 0.377; TAX -0.138; AUTHORITARIAN 0.368; RACE -0.098",NA
"micro_direct_949","micro_direct_subsets","ISRAEL + BORDER + INFLATION + AUTHORITARIAN + RACE",5,0.409943596609095,0.342891732587401,"ISRAEL -0.465; BORDER 0.407; INFLATION -0.064; AUTHORITARIAN 0.323; RACE -0.067",NA
"micro_direct_983","micro_direct_subsets","ISRAEL + BORDER + PROJECT2025 + AUTHORITARIAN + RACE",5,0.409745747374897,0.34267140048568,"ISRAEL -0.479; BORDER 0.404; PROJECT2025 0.063; AUTHORITARIAN 0.324; RACE -0.068",NA
"micro_direct_816","micro_direct_subsets","ISRAEL + CHINA + BORDER + AUTHORITARIAN + RACE",5,0.409517105229737,0.34241677627857,"ISRAEL -0.466; CHINA 0.066; BORDER 0.378; AUTHORITARIAN 0.31; RACE -0.063",NA
"micro_direct_945","micro_direct_subsets","ISRAEL + BORDER + INFLATION + PROJECT2025 + AUTHORITARIAN",5,0.40896090055395,0.34179736652599,"ISRAEL -0.481; BORDER 0.393; INFLATION -0.059; PROJECT2025 0.057; AUTHORITARIAN 0.343",NA
"micro_direct_794","micro_direct_subsets","ISRAEL + CHINA + BORDER + INFLATION + AUTHORITARIAN",5,0.408639098850907,0.341438996447601,"ISRAEL -0.469; CHINA 0.059; BORDER 0.371; INFLATION -0.053; AUTHORITARIAN 0.329",NA
"micro_direct_787","micro_direct_subsets","ISRAEL + CHINA + BORDER + FENTANYL + AUTHORITARIAN",5,0.408465286144227,0.34124543229698,"ISRAEL -0.482; CHINA 0.079; BORDER 0.363; FENTANYL -0.054; AUTHORITARIAN 0.325",NA
"micro_direct_928","micro_direct_subsets","ISRAEL + BORDER + FENTANYL + AUTHORITARIAN + RACE",5,0.408378135501011,0.341148378171581,"ISRAEL -0.478; BORDER 0.407; FENTANYL -0.052; AUTHORITARIAN 0.321; RACE -0.073",NA
"micro_direct_1904","micro_direct_subsets","ISRAEL + BORDER + TAX + AUTHORITARIAN + GENDER + RACE",6,0.421339882129104,0.340596609868049,"ISRAEL -0.48; BORDER 0.397; TAX -0.149; AUTHORITARIAN 0.378; GENDER 0.019; RACE -0.089",NA
"micro_direct_906","micro_direct_subsets","ISRAEL + BORDER + FENTANYL + INFLATION + AUTHORITARIAN",5,0.407658777948391,0.340347275442526,"ISRAEL -0.479; BORDER 0.396; FENTANYL -0.045; INFLATION -0.064; AUTHORITARIAN 0.342",NA
"micro_direct_1827","micro_direct_subsets","ISRAEL + BORDER + FENTANYL + TAX + AUTHORITARIAN + GENDER",6,0.420326408250456,0.33944172102959,"ISRAEL -0.493; BORDER 0.381; FENTANYL -0.07; TAX -0.156; AUTHORITARIAN 0.387; GENDER 0.092",NA
"micro_direct_985","micro_direct_subsets","ISRAEL + BORDER + AUTHORITARIAN + GENDER + RACE",5,0.406454269572336,0.339005891114647,"ISRAEL -0.469; BORDER 0.407; AUTHORITARIAN 0.324; GENDER -0.028; RACE -0.077",NA
"micro_direct_1901","micro_direct_subsets","ISRAEL + BORDER + TAX + PROJECT2025 + AUTHORITARIAN + GENDER",6,0.419850061730005,0.338898907552797,"ISRAEL -0.49; BORDER 0.379; TAX -0.141; PROJECT2025 0.063; AUTHORITARIAN 0.383; GENDER 0.081",NA
"micro_direct_982","micro_direct_subsets","ISRAEL + BORDER + PROJECT2025 + AUTHORITARIAN + GENDER",5,0.406317067002248,0.338853097343413,"ISRAEL -0.48; BORDER 0.391; PROJECT2025 0.064; AUTHORITARIAN 0.331; GENDER 0.031",NA
"micro_direct_948","micro_direct_subsets","ISRAEL + BORDER + INFLATION + AUTHORITARIAN + GENDER",5,0.406064482289185,0.338571809822047,"ISRAEL -0.467; BORDER 0.395; INFLATION -0.059; AUTHORITARIAN 0.333; GENDER 0.017",NA
"micro_direct_924","micro_direct_subsets","ISRAEL + BORDER + FENTANYL + PROJECT2025 + AUTHORITARIAN",5,0.405890503388189,0.338378060591392,"ISRAEL -0.485; BORDER 0.392; FENTANYL -0.021; PROJECT2025 0.05; AUTHORITARIAN 0.34",NA
"micro_direct_815","micro_direct_subsets","ISRAEL + CHINA + BORDER + AUTHORITARIAN + GENDER",5,0.405869913332876,0.338355130757067,"ISRAEL -0.47; CHINA 0.065; BORDER 0.367; AUTHORITARIAN 0.324; GENDER -0.002",NA
"micro_direct_1685","micro_direct_subsets","ISRAEL + CHINA + FENTANYL + HEALTHCARE + FELON + AUTHORITARIAN",6,0.41927205032695,0.338240243395826,"ISRAEL -0.38; CHINA 0.185; FENTANYL -0.182; HEALTHCARE 0.245; FELON -0.268; AUTHORITARIAN 0.178",NA
"micro_direct_1642","micro_direct_subsets","ISRAEL + CHINA + BORDER + TAX + PROJECT2025 + AUTHORITARIAN",6,0.418777003157562,0.337676119877222,"ISRAEL -0.494; CHINA 0.071; BORDER 0.355; TAX -0.101; PROJECT2025 0.062; AUTHORITARIAN 0.375",NA
"micro_direct_1862","micro_direct_subsets","ISRAEL + BORDER + INFLATION + TAX + AUTHORITARIAN + GENDER",6,0.418201327330139,0.337020117190159,"ISRAEL -0.478; BORDER 0.383; INFLATION -0.045; TAX -0.135; AUTHORITARIAN 0.382; GENDER 0.065",NA
"micro_direct_1589","micro_direct_subsets","ISRAEL + CHINA + BORDER + FENTANYL + TAX + AUTHORITARIAN",6,0.418119816293171,0.336927232520125,"ISRAEL -0.495; CHINA 0.07; BORDER 0.357; FENTANYL -0.056; TAX -0.111; AUTHORITARIAN 0.379",NA
"micro_direct_927","micro_direct_subsets","ISRAEL + BORDER + FENTANYL + AUTHORITARIAN + GENDER",5,0.404350119229233,0.33666263277801,"ISRAEL -0.477; BORDER 0.394; FENTANYL -0.045; AUTHORITARIAN 0.329; GENDER 0.029",NA
"micro_direct_1645","micro_direct_subsets","ISRAEL + CHINA + BORDER + TAX + AUTHORITARIAN + GENDER",6,0.417277647651908,0.33596755197543,"ISRAEL -0.479; CHINA 0.037; BORDER 0.367; TAX -0.133; AUTHORITARIAN 0.376; GENDER 0.052",NA
"micro_direct_1859","micro_direct_subsets","ISRAEL + BORDER + INFLATION + TAX + PROJECT2025 + AUTHORITARIAN",6,0.417057310389324,0.335716469978532,"ISRAEL -0.491; BORDER 0.385; INFLATION -0.047; TAX -0.102; PROJECT2025 0.048; AUTHORITARIAN 0.389",NA
"micro_direct_1610","micro_direct_subsets","ISRAEL + CHINA + BORDER + INFLATION + TAX + AUTHORITARIAN",6,0.417004369531571,0.335656142024349,"ISRAEL -0.481; CHINA 0.051; BORDER 0.365; INFLATION -0.041; TAX -0.104; AUTHORITARIAN 0.377",NA
"micro_direct_1792","micro_direct_subsets","ISRAEL + BORDER + FENTANYL + INFLATION + TAX + AUTHORITARIAN",6,0.416931236766156,0.335572804687015,"ISRAEL -0.492; BORDER 0.386; FENTANYL -0.047; INFLATION -0.052; TAX -0.109; AUTHORITARIAN 0.392",NA
"micro_direct_1824","micro_direct_subsets","ISRAEL + BORDER + FENTANYL + TAX + PROJECT2025 + AUTHORITARIAN",6,0.415649043071042,0.334111700243746,"ISRAEL -0.497; BORDER 0.383; FENTANYL -0.029; TAX -0.112; PROJECT2025 0.038; AUTHORITARIAN 0.391",NA
"micro_direct_1655","micro_direct_subsets","ISRAEL + CHINA + BORDER + PROJECT2025 + AUTHORITARIAN + RACE",6,0.415448730518146,0.333883437102074,"ISRAEL -0.483; CHINA 0.086; BORDER 0.369; PROJECT2025 0.081; AUTHORITARIAN 0.312; RACE -0.071",NA
"micro_direct_826","micro_direct_subsets","ISRAEL + CHINA + FENTANYL + HEALTHCARE + FELON",5,0.400554027389813,0.332435166865928,"ISRAEL -0.325; CHINA 0.219; FENTANYL -0.182; HEALTHCARE 0.206; FELON -0.365",NA
"micro_direct_1600","micro_direct_subsets","ISRAEL + CHINA + BORDER + FENTANYL + AUTHORITARIAN + RACE",6,0.413961087101578,0.332188215534356,"ISRAEL -0.482; CHINA 0.085; BORDER 0.374; FENTANYL -0.072; AUTHORITARIAN 0.308; RACE -0.079",NA
"micro_direct_1872","micro_direct_subsets","ISRAEL + BORDER + INFLATION + PROJECT2025 + AUTHORITARIAN + RACE",6,0.413919664094798,0.332141012573142,"ISRAEL -0.479; BORDER 0.406; INFLATION -0.065; PROJECT2025 0.065; AUTHORITARIAN 0.328; RACE -0.074",NA
"micro_direct_1617","micro_direct_subsets","ISRAEL + CHINA + BORDER + INFLATION + PROJECT2025 + AUTHORITARIAN",6,0.413531987798916,0.331699241910393,"ISRAEL -0.484; CHINA 0.077; BORDER 0.362; INFLATION -0.053; PROJECT2025 0.073; AUTHORITARIAN 0.332",NA
"micro_direct_1803","micro_direct_subsets","ISRAEL + BORDER + FENTANYL + INFLATION + AUTHORITARIAN + RACE",6,0.413527497154019,0.331694124663882,"ISRAEL -0.479; BORDER 0.411; FENTANYL -0.064; INFLATION -0.073; AUTHORITARIAN 0.326; RACE -0.082",NA
"micro_direct_1621","micro_direct_subsets","ISRAEL + CHINA + BORDER + INFLATION + AUTHORITARIAN + RACE",6,0.412849680641013,0.33092172910255,"ISRAEL -0.465; CHINA 0.06; BORDER 0.383; INFLATION -0.058; AUTHORITARIAN 0.314; RACE -0.068",NA
"micro_direct_1009","micro_direct_subsets","ISRAEL + FENTANYL + HEALTHCARE + TAX + AUTHORITARIAN",5,0.398795274990372,0.330476556239278,"ISRAEL -0.433; FENTANYL -0.163; HEALTHCARE 0.408; TAX -0.234; AUTHORITARIAN 0.469",NA
"micro_direct_1078","micro_direct_subsets","ISRAEL + HEALTHCARE + TAX + FELON + AUTHORITARIAN",5,0.398664209258856,0.330330596674635,"ISRAEL -0.369; HEALTHCARE 0.304; TAX -0.191; FELON -0.187; AUTHORITARIAN 0.328",NA
"micro_direct_1596","micro_direct_subsets","ISRAEL + CHINA + BORDER + FENTANYL + PROJECT2025 + AUTHORITARIAN",6,0.41202140320391,0.329977878069572,"ISRAEL -0.492; CHINA 0.09; BORDER 0.356; FENTANYL -0.038; PROJECT2025 0.064; AUTHORITARIAN 0.328",NA
"micro_direct_1578","micro_direct_subsets","ISRAEL + CHINA + BORDER + FENTANYL + INFLATION + AUTHORITARIAN",6,0.411938955437649,0.329883925963832,"ISRAEL -0.483; CHINA 0.075; BORDER 0.366; FENTANYL -0.061; INFLATION -0.06; AUTHORITARIAN 0.331",NA
"micro_direct_183","micro_direct_subsets","BORDER + HEALTHCARE + FELON",3,0.370698927149491,0.329657552833153,"BORDER 0.328; HEALTHCARE 0.23; FELON -0.343",NA
"micro_direct_1657","micro_direct_subsets","ISRAEL + CHINA + BORDER + AUTHORITARIAN + GENDER + RACE",6,0.411602950222855,0.329501036300462,"ISRAEL -0.471; CHINA 0.084; BORDER 0.377; AUTHORITARIAN 0.315; GENDER -0.06; RACE -0.097",NA
"micro_direct_1654","micro_direct_subsets","ISRAEL + CHINA + BORDER + PROJECT2025 + AUTHORITARIAN + GENDER",6,0.410944584021376,0.328750805047615,"ISRAEL -0.484; CHINA 0.079; BORDER 0.359; PROJECT2025 0.076; AUTHORITARIAN 0.325; GENDER 0.013",NA
"micro_direct_1837","micro_direct_subsets","ISRAEL + BORDER + FENTANYL + PROJECT2025 + AUTHORITARIAN + RACE",6,0.410883717627566,0.328681445668622,"ISRAEL -0.485; BORDER 0.406; FENTANYL -0.037; PROJECT2025 0.053; AUTHORITARIAN 0.324; RACE -0.075",NA
"micro_direct_1750","micro_direct_subsets","ISRAEL + CHINA + HEALTHCARE + TAX + FELON + AUTHORITARIAN",6,0.410564905150129,0.328318147729216,"ISRAEL -0.372; CHINA 0.123; HEALTHCARE 0.247; TAX -0.162; FELON -0.216; AUTHORITARIAN 0.279",NA
"micro_direct_1874","micro_direct_subsets","ISRAEL + BORDER + INFLATION + AUTHORITARIAN + GENDER + RACE",6,0.410469032422823,0.328208897412054,"ISRAEL -0.468; BORDER 0.41; INFLATION -0.064; AUTHORITARIAN 0.328; GENDER -0.028; RACE -0.083",NA
"micro_direct_1871","micro_direct_subsets","ISRAEL + BORDER + INFLATION + PROJECT2025 + AUTHORITARIAN + GENDER",6,0.409937871707284,0.327603621247835,"ISRAEL -0.479; BORDER 0.393; INFLATION -0.06; PROJECT2025 0.066; AUTHORITARIAN 0.335; GENDER 0.033",NA
"micro_direct_1909","micro_direct_subsets","ISRAEL + BORDER + PROJECT2025 + AUTHORITARIAN + GENDER + RACE",6,0.409817119514362,0.327466019911715,"ISRAEL -0.48; BORDER 0.405; PROJECT2025 0.061; AUTHORITARIAN 0.325; GENDER -0.011; RACE -0.074",NA
"micro_direct_1799","micro_direct_subsets","ISRAEL + BORDER + FENTANYL + INFLATION + PROJECT2025 + AUTHORITARIAN",6,0.409761272300346,0.327402380063185,"ISRAEL -0.486; BORDER 0.394; FENTANYL -0.031; INFLATION -0.063; PROJECT2025 0.049; AUTHORITARIAN 0.345",NA
"micro_direct_1912","micro_direct_subsets","ISRAEL + FENTANYL + INFLATION + HEALTHCARE + TAX + AUTHORITARIAN",6,0.409192061489953,0.326753744488551,"ISRAEL -0.429; FENTANYL -0.184; INFLATION -0.106; HEALTHCARE 0.429; TAX -0.223; AUTHORITARIAN 0.474",NA
"micro_direct_1684","micro_direct_subsets","ISRAEL + CHINA + FENTANYL + HEALTHCARE + FELON + PROJECT2025",6,0.408799356240253,0.326306243157497,"ISRAEL -0.339; CHINA 0.235; FENTANYL -0.157; HEALTHCARE 0.201; FELON -0.371; PROJECT2025 0.098",NA
"micro_direct_1759","micro_direct_subsets","ISRAEL + CHINA + HEALTHCARE + FELON + PROJECT2025 + AUTHORITARIAN",6,0.408761639188918,0.326263263261791,"ISRAEL -0.382; CHINA 0.184; HEALTHCARE 0.203; FELON -0.26; PROJECT2025 0.137; AUTHORITARIAN 0.18",NA
"micro_direct_1802","micro_direct_subsets","ISRAEL + BORDER + FENTANYL + INFLATION + AUTHORITARIAN + GENDER",6,0.408680889167518,0.326171245795544,"ISRAEL -0.478; BORDER 0.396; FENTANYL -0.056; INFLATION -0.067; AUTHORITARIAN 0.333; GENDER 0.035",NA
"micro_direct_1620","micro_direct_subsets","ISRAEL + CHINA + BORDER + INFLATION + AUTHORITARIAN + GENDER",6,0.408641294642004,0.326126126452516,"ISRAEL -0.469; CHINA 0.059; BORDER 0.371; INFLATION -0.053; AUTHORITARIAN 0.328; GENDER 0.002",NA
"micro_direct_1599","micro_direct_subsets","ISRAEL + CHINA + BORDER + FENTANYL + AUTHORITARIAN + GENDER",6,0.408600283865926,0.326079393242567,"ISRAEL -0.481; CHINA 0.076; BORDER 0.364; FENTANYL -0.057; AUTHORITARIAN 0.323; GENDER 0.013",NA
"micro_direct_1839","micro_direct_subsets","ISRAEL + BORDER + FENTANYL + AUTHORITARIAN + GENDER + RACE",6,0.408502184926238,0.325967606078736,"ISRAEL -0.478; BORDER 0.408; FENTANYL -0.049; AUTHORITARIAN 0.323; GENDER -0.014; RACE -0.081",NA
"micro_direct_1681","micro_direct_subsets","ISRAEL + CHINA + FENTANYL + HEALTHCARE + TAX + AUTHORITARIAN",6,0.407769054799641,0.325132178725172,"ISRAEL -0.442; CHINA 0.105; FENTANYL -0.176; HEALTHCARE 0.37; TAX -0.214; AUTHORITARIAN 0.443",NA
"micro_direct_1836","micro_direct_subsets","ISRAEL + BORDER + FENTANYL + PROJECT2025 + AUTHORITARIAN + GENDER",6,0.407124835838847,0.324398068746593,"ISRAEL -0.485; BORDER 0.392; FENTANYL -0.031; PROJECT2025 0.057; AUTHORITARIAN 0.331; GENDER 0.039",NA
"micro_direct_1659","micro_direct_subsets","ISRAEL + CHINA + FENTANYL + INFLATION + HEALTHCARE + FELON",6,0.406943947643369,0.324191940337792,"ISRAEL -0.319; CHINA 0.211; FENTANYL -0.197; INFLATION -0.083; HEALTHCARE 0.226; FELON -0.368",NA
"micro_direct_1687","micro_direct_subsets","ISRAEL + CHINA + FENTANYL + HEALTHCARE + FELON + RACE",6,0.406450271134407,0.323629378734557,"ISRAEL -0.335; CHINA 0.232; FENTANYL -0.2; HEALTHCARE 0.193; FELON -0.37; RACE -0.08",NA
"micro_direct_601","micro_direct_subsets","BORDER + INFLATION + HEALTHCARE + FELON",4,0.378838298682516,0.323623925232073,"BORDER 0.327; INFLATION -0.091; HEALTHCARE 0.241; FELON -0.344",NA
"micro_direct_2015","micro_direct_subsets","ISRAEL + HEALTHCARE + TAX + FELON + PROJECT2025 + AUTHORITARIAN",6,0.406401629528819,0.323573949928189,"ISRAEL -0.383; HEALTHCARE 0.31; TAX -0.181; FELON -0.193; PROJECT2025 0.091; AUTHORITARIAN 0.329",NA
"micro_direct_580","micro_direct_subsets","BORDER + FENTANYL + HEALTHCARE + FELON",4,0.377877237530869,0.322577436422501,"BORDER 0.321; FENTANYL -0.091; HEALTHCARE 0.262; FELON -0.352",NA
"micro_direct_873","micro_direct_subsets","ISRAEL + CHINA + HEALTHCARE + FELON + AUTHORITARIAN",5,0.391601210655301,0.322464984593403,"ISRAEL -0.358; CHINA 0.158; HEALTHCARE 0.201; FELON -0.249; AUTHORITARIAN 0.178",NA
"micro_direct_1013","micro_direct_subsets","ISRAEL + FENTANYL + HEALTHCARE + FELON + AUTHORITARIAN",5,0.391455616408899,0.322302845546274,"ISRAEL -0.368; FENTANYL -0.155; HEALTHCARE 0.314; FELON -0.231; AUTHORITARIAN 0.227",NA
"micro_direct_1916","micro_direct_subsets","ISRAEL + FENTANYL + INFLATION + HEALTHCARE + FELON + AUTHORITARIAN",6,0.404981157472711,0.321955272468904,"ISRAEL -0.365; FENTANYL -0.179; INFLATION -0.12; HEALTHCARE 0.341; FELON -0.228; AUTHORITARIAN 0.241",NA
"micro_direct_1679","micro_direct_subsets","ISRAEL + CHINA + FENTANYL + HEALTHCARE + TAX + FELON",6,0.404360253198525,0.321247730389017,"ISRAEL -0.319; CHINA 0.214; FENTANYL -0.185; HEALTHCARE 0.216; TAX -0.063; FELON -0.374",NA
"micro_direct_419","micro_direct_subsets","ISRAEL + HEALTHCARE + TAX + AUTHORITARIAN",4,0.376078006224692,0.320618273444665,"ISRAEL -0.41; HEALTHCARE 0.352; TAX -0.217; AUTHORITARIAN 0.447",NA
"micro_direct_1323","micro_direct_subsets","BORDER + FENTANYL + INFLATION + HEALTHCARE + FELON",5,0.389739626980162,0.320391857318817,"BORDER 0.318; FENTANYL -0.115; INFLATION -0.112; HEALTHCARE 0.284; FELON -0.356",NA
"micro_direct_1981","micro_direct_subsets","ISRAEL + INFLATION + HEALTHCARE + TAX + FELON + AUTHORITARIAN",6,0.403543917752498,0.320317487671451,"ISRAEL -0.365; INFLATION -0.071; HEALTHCARE 0.314; TAX -0.182; FELON -0.186; AUTHORITARIAN 0.331",NA
"micro_direct_1762","micro_direct_subsets","ISRAEL + CHINA + HEALTHCARE + FELON + AUTHORITARIAN + GENDER",6,0.403460310112059,0.320222213848626,"ISRAEL -0.359; CHINA 0.177; HEALTHCARE 0.235; FELON -0.25; AUTHORITARIAN 0.208; GENDER -0.121",NA
"micro_direct_872","micro_direct_subsets","ISRAEL + CHINA + HEALTHCARE + FELON + PROJECT2025",5,0.389576941102324,0.320210684409406,"ISRAEL -0.326; CHINA 0.218; HEALTHCARE 0.163; FELON -0.358; PROJECT2025 0.135",NA
"micro_direct_629","micro_direct_subsets","BORDER + HEALTHCARE + FELON + RACE",4,0.375673425871104,0.32017773039298,"BORDER 0.344; HEALTHCARE 0.214; FELON -0.345; RACE -0.073",NA
"micro_direct_1686","micro_direct_subsets","ISRAEL + CHINA + FENTANYL + HEALTHCARE + FELON + GENDER",6,0.402556032671269,0.319191758160284,"ISRAEL -0.321; CHINA 0.228; FENTANYL -0.171; HEALTHCARE 0.215; FELON -0.371; GENDER -0.05",NA
"micro_direct_627","micro_direct_subsets","BORDER + HEALTHCARE + FELON + AUTHORITARIAN",4,0.374180866268761,0.318552498825984,"BORDER 0.327; HEALTHCARE 0.247; FELON -0.306; AUTHORITARIAN 0.069",NA
"micro_direct_621","micro_direct_subsets","BORDER + HEALTHCARE + TAX + FELON",4,0.373542366363169,0.317857243373228,"BORDER 0.321; HEALTHCARE 0.236; TAX -0.055; FELON -0.35",NA
"micro_direct_312","micro_direct_subsets","ISRAEL + CHINA + HEALTHCARE + FELON",4,0.372905530371644,0.317163799738013,"ISRAEL -0.303; CHINA 0.192; HEALTHCARE 0.162; FELON -0.346",NA
"micro_direct_1949","micro_direct_subsets","ISRAEL + FENTANYL + HEALTHCARE + TAX + PROJECT2025 + AUTHORITARIAN",6,0.400380000397462,0.316712093476177,"ISRAEL -0.438; FENTANYL -0.151; HEALTHCARE 0.407; TAX -0.228; PROJECT2025 0.043; AUTHORITARIAN 0.469",NA
"micro_direct_628","micro_direct_subsets","BORDER + HEALTHCARE + FELON + GENDER",4,0.372091543399196,0.316277458368014,"BORDER 0.324; HEALTHCARE 0.241; FELON -0.348; GENDER -0.04",NA
"micro_direct_468","micro_direct_subsets","CHINA + BORDER + HEALTHCARE + FELON",4,0.372073362956797,0.31625766188629,"CHINA 0.042; BORDER 0.314; HEALTHCARE 0.219; FELON -0.345",NA
"micro_direct_626","micro_direct_subsets","BORDER + HEALTHCARE + FELON + PROJECT2025",4,0.372039632362252,0.316220933016674,"BORDER 0.325; HEALTHCARE 0.235; FELON -0.346; PROJECT2025 0.037",NA
"micro_direct_2018","micro_direct_subsets","ISRAEL + HEALTHCARE + TAX + FELON + AUTHORITARIAN + GENDER",6,0.399436652867903,0.315637116058773,"ISRAEL -0.368; HEALTHCARE 0.312; TAX -0.178; FELON -0.189; AUTHORITARIAN 0.331; GENDER -0.033",NA
"micro_direct_2296","micro_direct_subsets","BORDER + FENTANYL + INFLATION + HEALTHCARE + FELON + RACE",6,0.399414324153741,0.315611671710077,"BORDER 0.341; FENTANYL -0.135; INFLATION -0.123; HEALTHCARE 0.271; FELON -0.362; RACE -0.104",NA
"micro_direct_1952","micro_direct_subsets","ISRAEL + FENTANYL + HEALTHCARE + TAX + AUTHORITARIAN + GENDER",6,0.399261730990901,0.315437786478003,"ISRAEL -0.434; FENTANYL -0.17; HEALTHCARE 0.402; TAX -0.244; AUTHORITARIAN 0.467; GENDER 0.026",NA
"micro_direct_1351","micro_direct_subsets","BORDER + FENTANYL + HEALTHCARE + FELON + RACE",5,0.385244683004324,0.315386124254815,"BORDER 0.34; FENTANYL -0.107; HEALTHCARE 0.248; FELON -0.357; RACE -0.09",NA
"micro_direct_1953","micro_direct_subsets","ISRAEL + FENTANYL + HEALTHCARE + TAX + AUTHORITARIAN + RACE",6,0.399094809497492,0.315247573613421,"ISRAEL -0.434; FENTANYL -0.167; HEALTHCARE 0.406; TAX -0.24; AUTHORITARIAN 0.468; RACE -0.019",NA
"micro_direct_423","micro_direct_subsets","ISRAEL + HEALTHCARE + FELON + AUTHORITARIAN",4,0.370956677760361,0.315041715783504,"ISRAEL -0.35; HEALTHCARE 0.266; FELON -0.219; AUTHORITARIAN 0.221",NA
"micro_direct_1386","micro_direct_subsets","BORDER + INFLATION + HEALTHCARE + FELON + RACE",5,0.384822326522271,0.314915772717984,"BORDER 0.345; INFLATION -0.097; HEALTHCARE 0.225; FELON -0.347; RACE -0.08",NA
"micro_direct_2019","micro_direct_subsets","ISRAEL + HEALTHCARE + TAX + FELON + AUTHORITARIAN + RACE",6,0.398744913451206,0.314848854863002,"ISRAEL -0.369; HEALTHCARE 0.302; TAX -0.193; FELON -0.189; AUTHORITARIAN 0.326; RACE -0.01",NA
"micro_direct_1428","micro_direct_subsets","BORDER + HEALTHCARE + FELON + GENDER + RACE",5,0.384342619868022,0.314381553943933,"BORDER 0.35; HEALTHCARE 0.236; FELON -0.363; GENDER -0.12; RACE -0.139",NA
"micro_direct_299","micro_direct_subsets","ISRAEL + CHINA + FENTANYL + FELON",4,0.369861261835732,0.313848929554464,"ISRAEL -0.378; CHINA 0.276; FENTANYL -0.138; FELON -0.398",NA
"micro_direct_1384","micro_direct_subsets","BORDER + INFLATION + HEALTHCARE + FELON + AUTHORITARIAN",5,0.383601236656117,0.313555922639767,"BORDER 0.326; INFLATION -0.098; HEALTHCARE 0.263; FELON -0.301; AUTHORITARIAN 0.082",NA
"micro_direct_322","micro_direct_subsets","ISRAEL + CHINA + FELON + PROJECT2025",4,0.369327116468631,0.313267304599176,"ISRAEL -0.374; CHINA 0.271; FELON -0.389; PROJECT2025 0.133",NA
"micro_direct_1081","micro_direct_subsets","ISRAEL + HEALTHCARE + TAX + PROJECT2025 + AUTHORITARIAN",5,0.382546565681909,0.312381402691217,"ISRAEL -0.425; HEALTHCARE 0.359; TAX -0.209; PROJECT2025 0.083; AUTHORITARIAN 0.451",NA
"micro_direct_1414","micro_direct_subsets","BORDER + HEALTHCARE + TAX + FELON + AUTHORITARIAN",5,0.382356479543674,0.312169715855455,"BORDER 0.313; HEALTHCARE 0.273; TAX -0.104; FELON -0.292; AUTHORITARIAN 0.124",NA
"micro_direct_1416","micro_direct_subsets","BORDER + HEALTHCARE + TAX + FELON + RACE",5,0.382127864810958,0.311915122175839,"BORDER 0.34; HEALTHCARE 0.219; TAX -0.087; FELON -0.358; RACE -0.102",NA
"micro_direct_1955","micro_direct_subsets","ISRAEL + FENTANYL + HEALTHCARE + FELON + PROJECT2025 + AUTHORITARIAN",6,0.396014688170978,0.311737667915766,"ISRAEL -0.378; FENTANYL -0.135; HEALTHCARE 0.314; FELON -0.232; PROJECT2025 0.072; AUTHORITARIAN 0.231",NA
"micro_direct_1720","micro_direct_subsets","ISRAEL + CHINA + INFLATION + HEALTHCARE + FELON + AUTHORITARIAN",6,0.395994927324403,0.311715149741762,"ISRAEL -0.354; CHINA 0.147; INFLATION -0.068; HEALTHCARE 0.217; FELON -0.244; AUTHORITARIAN 0.188",NA
"micro_direct_869","micro_direct_subsets","ISRAEL + CHINA + HEALTHCARE + TAX + AUTHORITARIAN",5,0.381891583885162,0.31165199114484,"ISRAEL -0.417; CHINA 0.084; HEALTHCARE 0.318; TAX -0.2; AUTHORITARIAN 0.425",NA
"micro_direct_1087","micro_direct_subsets","ISRAEL + HEALTHCARE + FELON + PROJECT2025 + AUTHORITARIAN",5,0.381631959793833,0.311362864315859,"ISRAEL -0.368; HEALTHCARE 0.276; FELON -0.223; PROJECT2025 0.106; AUTHORITARIAN 0.228",NA
"micro_direct_1343","micro_direct_subsets","BORDER + FENTANYL + HEALTHCARE + TAX + FELON",5,0.38155117766156,0.311272902395828,"BORDER 0.312; FENTANYL -0.097; HEALTHCARE 0.271; TAX -0.062; FELON -0.361",NA
"micro_direct_1349","micro_direct_subsets","BORDER + FENTANYL + HEALTHCARE + FELON + AUTHORITARIAN",5,0.38131844046843,0.311013717794388,"BORDER 0.32; FENTANYL -0.091; HEALTHCARE 0.279; FELON -0.316; AUTHORITARIAN 0.069",NA
"micro_direct_1044","micro_direct_subsets","ISRAEL + INFLATION + HEALTHCARE + TAX + AUTHORITARIAN",5,0.381312789058088,0.311007424178325,"ISRAEL -0.406; INFLATION -0.074; HEALTHCARE 0.362; TAX -0.208; AUTHORITARIAN 0.449",NA
"micro_direct_72","micro_direct_subsets","ISRAEL + CHINA + FELON",3,0.352966217082078,0.310768361674387,"ISRAEL -0.351; CHINA 0.244; FELON -0.377",NA
"micro_direct_2294","micro_direct_subsets","BORDER + FENTANYL + INFLATION + HEALTHCARE + FELON + AUTHORITARIAN",6,0.394755138865201,0.310302367544067,"BORDER 0.317; FENTANYL -0.116; INFLATION -0.12; HEALTHCARE 0.307; FELON -0.313; AUTHORITARIAN 0.084",NA
"micro_direct_1120","micro_direct_subsets","CHINA + BORDER + FENTANYL + HEALTHCARE + FELON",5,0.380642579880518,0.310261054866941,"CHINA 0.06; BORDER 0.3; FENTANYL -0.101; HEALTHCARE 0.25; FELON -0.357",NA
"micro_direct_1378","micro_direct_subsets","BORDER + INFLATION + HEALTHCARE + TAX + FELON",5,0.38055760540245,0.310166424198183,"BORDER 0.322; INFLATION -0.085; HEALTHCARE 0.246; TAX -0.043; FELON -0.35",NA
"micro_direct_1383","micro_direct_subsets","BORDER + INFLATION + HEALTHCARE + FELON + PROJECT2025",5,0.380434956974426,0.310029838448792,"BORDER 0.324; INFLATION -0.092; HEALTHCARE 0.247; FELON -0.348; PROJECT2025 0.041",NA
"micro_direct_2326","micro_direct_subsets","BORDER + FENTANYL + HEALTHCARE + TAX + FELON + RACE",6,0.394414223241488,0.30991388229844,"BORDER 0.335; FENTANYL -0.123; HEALTHCARE 0.258; TAX -0.105; FELON -0.374; RACE -0.127",NA
"micro_direct_1958","micro_direct_subsets","ISRAEL + FENTANYL + HEALTHCARE + FELON + AUTHORITARIAN + GENDER",6,0.394283663992093,0.309765105479362,"ISRAEL -0.367; FENTANYL -0.141; HEALTHCARE 0.33; FELON -0.228; AUTHORITARIAN 0.244; GENDER -0.06",NA
"micro_direct_1385","micro_direct_subsets","BORDER + INFLATION + HEALTHCARE + FELON + GENDER",5,0.38014427575922,0.309706125277313,"BORDER 0.324; INFLATION -0.091; HEALTHCARE 0.253; FELON -0.349; GENDER -0.038",NA
"micro_direct_839","micro_direct_subsets","ISRAEL + CHINA + FENTANYL + FELON + RACE",5,0.380131443717556,0.309691835049096,"ISRAEL -0.387; CHINA 0.288; FENTANYL -0.166; FELON -0.401; RACE -0.105",NA
"micro_direct_2373","micro_direct_subsets","BORDER + INFLATION + HEALTHCARE + FELON + GENDER + RACE",6,0.394121038479016,0.309579788034228,"BORDER 0.351; INFLATION -0.1; HEALTHCARE 0.248; FELON -0.365; GENDER -0.124; RACE -0.149",NA
"micro_direct_836","micro_direct_subsets","ISRAEL + CHINA + FENTANYL + FELON + PROJECT2025",5,0.379724258233221,0.309238378486996,"ISRAEL -0.392; CHINA 0.291; FENTANYL -0.112; FELON -0.403; PROJECT2025 0.107",NA
"micro_direct_1141","micro_direct_subsets","CHINA + BORDER + INFLATION + HEALTHCARE + FELON",5,0.379558254348195,0.309053510524127,"CHINA 0.03; BORDER 0.317; INFLATION -0.088; HEALTHCARE 0.233; FELON -0.346",NA
"micro_direct_892","micro_direct_subsets","ISRAEL + CHINA + FELON + PROJECT2025 + AUTHORITARIAN",5,0.379310678545233,0.308777801107192,"ISRAEL -0.421; CHINA 0.255; FELON -0.325; PROJECT2025 0.134; AUTHORITARIAN 0.126",NA
"micro_direct_874","micro_direct_subsets","ISRAEL + CHINA + HEALTHCARE + FELON + GENDER",5,0.379061645777447,0.308500469161248,"ISRAEL -0.298; CHINA 0.21; HEALTHCARE 0.181; FELON -0.358; GENDER -0.085",NA
"micro_direct_1761","micro_direct_subsets","ISRAEL + CHINA + HEALTHCARE + FELON + PROJECT2025 + RACE",6,0.392888031394758,0.30817473344984,"ISRAEL -0.333; CHINA 0.227; HEALTHCARE 0.15; FELON -0.361; PROJECT2025 0.143; RACE -0.059",NA
"micro_direct_1048","micro_direct_subsets","ISRAEL + INFLATION + HEALTHCARE + FELON + AUTHORITARIAN",5,0.378468637732867,0.307840073838874,"ISRAEL -0.346; INFLATION -0.088; HEALTHCARE 0.281; FELON -0.215; AUTHORITARIAN 0.23",NA
"micro_direct_1760","micro_direct_subsets","ISRAEL + CHINA + HEALTHCARE + FELON + PROJECT2025 + GENDER",6,0.392444765507776,0.307669616508861,"ISRAEL -0.321; CHINA 0.228; HEALTHCARE 0.176; FELON -0.365; PROJECT2025 0.123; GENDER -0.059",NA
"micro_direct_1350","micro_direct_subsets","BORDER + FENTANYL + HEALTHCARE + FELON + GENDER",5,0.378253924850328,0.307600961765138,"BORDER 0.319; FENTANYL -0.087; HEALTHCARE 0.266; FELON -0.355; GENDER -0.021",NA
"micro_direct_837","micro_direct_subsets","ISRAEL + CHINA + FENTANYL + FELON + AUTHORITARIAN",5,0.378242638058978,0.307588392383862,"ISRAEL -0.42; CHINA 0.261; FENTANYL -0.133; FELON -0.339; AUTHORITARIAN 0.116",NA
"micro_direct_1090","micro_direct_subsets","ISRAEL + HEALTHCARE + FELON + AUTHORITARIAN + GENDER",5,0.378162500990464,0.30749914883029,"ISRAEL -0.351; HEALTHCARE 0.298; FELON -0.217; AUTHORITARIAN 0.248; GENDER -0.093",NA
"micro_direct_1348","micro_direct_subsets","BORDER + FENTANYL + HEALTHCARE + FELON + PROJECT2025",5,0.378067902058174,0.30739380001933,"BORDER 0.32; FENTANYL -0.087; HEALTHCARE 0.262; FELON -0.353; PROJECT2025 0.015",NA
"micro_direct_1719","micro_direct_subsets","ISRAEL + CHINA + INFLATION + HEALTHCARE + FELON + PROJECT2025",6,0.392115746959085,0.307294688395236,"ISRAEL -0.321; CHINA 0.211; INFLATION -0.051; HEALTHCARE 0.173; FELON -0.358; PROJECT2025 0.135",NA
"micro_direct_2288","micro_direct_subsets","BORDER + FENTANYL + INFLATION + HEALTHCARE + TAX + FELON",6,0.392011868743497,0.307176315544915,"BORDER 0.312; FENTANYL -0.118; INFLATION -0.106; HEALTHCARE 0.29; TAX -0.049; FELON -0.363",NA
"micro_direct_1706","micro_direct_subsets","ISRAEL + CHINA + FENTANYL + FELON + PROJECT2025 + RACE",6,0.391657196852625,0.306772154552992,"ISRAEL -0.402; CHINA 0.305; FENTANYL -0.139; FELON -0.408; PROJECT2025 0.116; RACE -0.113",NA
"micro_direct_1425","micro_direct_subsets","BORDER + HEALTHCARE + FELON + PROJECT2025 + RACE",5,0.377490272455631,0.306750530689225,"BORDER 0.343; HEALTHCARE 0.22; FELON -0.349; PROJECT2025 0.043; RACE -0.077",NA
"micro_direct_2037","micro_direct_subsets","CHINA + BORDER + FENTANYL + INFLATION + HEALTHCARE + FELON",6,0.391636213578856,0.306748243380557,"CHINA 0.05; BORDER 0.301; FENTANYL -0.122; INFLATION -0.108; HEALTHCARE 0.274; FELON -0.36",NA
"micro_direct_1763","micro_direct_subsets","ISRAEL + CHINA + HEALTHCARE + FELON + AUTHORITARIAN + RACE",6,0.391614331858923,0.306723308397377,"ISRAEL -0.358; CHINA 0.157; HEALTHCARE 0.202; FELON -0.248; AUTHORITARIAN 0.18; RACE 0.004",NA
"micro_direct_2338","micro_direct_subsets","BORDER + FENTANYL + HEALTHCARE + FELON + GENDER + RACE",6,0.391522961337602,0.306619188500989,"BORDER 0.346; FENTANYL -0.094; HEALTHCARE 0.262; FELON -0.371; GENDER -0.103; RACE -0.145",NA
"micro_direct_1959","micro_direct_subsets","ISRAEL + FENTANYL + HEALTHCARE + FELON + AUTHORITARIAN + RACE",6,0.391481995457135,0.306572506451154,"ISRAEL -0.368; FENTANYL -0.154; HEALTHCARE 0.314; FELON -0.229; AUTHORITARIAN 0.229; RACE 0.006",NA
"micro_direct_1427","micro_direct_subsets","BORDER + HEALTHCARE + FELON + AUTHORITARIAN + RACE",5,0.377252454457081,0.306485687918113,"BORDER 0.341; HEALTHCARE 0.229; FELON -0.319; AUTHORITARIAN 0.049; RACE -0.06",NA
"micro_direct_1169","micro_direct_subsets","CHINA + BORDER + HEALTHCARE + FELON + RACE",5,0.377228318234313,0.306458808942757,"CHINA 0.044; BORDER 0.33; HEALTHCARE 0.203; FELON -0.348; RACE -0.075",NA
"micro_direct_1426","micro_direct_subsets","BORDER + HEALTHCARE + FELON + AUTHORITARIAN + GENDER",5,0.377153377348332,0.306375352047006,"BORDER 0.321; HEALTHCARE 0.269; FELON -0.305; AUTHORITARIAN 0.087; GENDER -0.06",NA
"micro_direct_1753","micro_direct_subsets","ISRAEL + CHINA + HEALTHCARE + TAX + PROJECT2025 + AUTHORITARIAN",6,0.391253814034159,0.306312485759856,"ISRAEL -0.436; CHINA 0.105; HEALTHCARE 0.319; TAX -0.186; PROJECT2025 0.101; AUTHORITARIAN 0.424",NA
"micro_direct_2324","micro_direct_subsets","BORDER + FENTANYL + HEALTHCARE + TAX + FELON + AUTHORITARIAN",6,0.391039992604652,0.306068828782045,"BORDER 0.304; FENTANYL -0.101; HEALTHCARE 0.311; TAX -0.114; FELON -0.301; AUTHORITARIAN 0.129",NA
"micro_direct_1764","micro_direct_subsets","ISRAEL + CHINA + HEALTHCARE + FELON + GENDER + RACE",6,0.391034290855282,0.30606233143974,"ISRAEL -0.306; CHINA 0.246; HEALTHCARE 0.17; FELON -0.376; GENDER -0.175; RACE -0.14",NA
"micro_direct_323","micro_direct_subsets","ISRAEL + CHINA + FELON + AUTHORITARIAN",4,0.362664564842902,0.306012526162271,"ISRAEL -0.397; CHINA 0.229; FELON -0.314; AUTHORITARIAN 0.124",NA
"micro_direct_1749","micro_direct_subsets","ISRAEL + CHINA + HEALTHCARE + TAX + FELON + PROJECT2025",6,0.390921118926419,0.305933368078942,"ISRAEL -0.321; CHINA 0.214; HEALTHCARE 0.169; TAX -0.038; FELON -0.362; PROJECT2025 0.13",NA
"micro_direct_1084","micro_direct_subsets","ISRAEL + HEALTHCARE + TAX + AUTHORITARIAN + GENDER",5,0.376569342193902,0.305724949261391,"ISRAEL -0.41; HEALTHCARE 0.359; TAX -0.207; AUTHORITARIAN 0.45; GENDER -0.026",NA
"micro_direct_894","micro_direct_subsets","ISRAEL + CHINA + FELON + PROJECT2025 + RACE",5,0.376365995322932,0.305498494791447,"ISRAEL -0.379; CHINA 0.278; FELON -0.389; PROJECT2025 0.145; RACE -0.085",NA
"micro_direct_1085","micro_direct_subsets","ISRAEL + HEALTHCARE + TAX + AUTHORITARIAN + RACE",5,0.376272779018603,0.305394685725263,"ISRAEL -0.41; HEALTHCARE 0.354; TAX -0.212; AUTHORITARIAN 0.448; RACE 0.015",NA
"micro_direct_2359","micro_direct_subsets","BORDER + INFLATION + HEALTHCARE + TAX + FELON + AUTHORITARIAN",6,0.390206355798671,0.305118870561277,"BORDER 0.313; INFLATION -0.09; HEALTHCARE 0.285; TAX -0.094; FELON -0.289; AUTHORITARIAN 0.13",NA
"micro_direct_2142","micro_direct_subsets","CHINA + BORDER + HEALTHCARE + FELON + GENDER + RACE",6,0.389963001476083,0.304841559821583,"CHINA 0.09; BORDER 0.322; HEALTHCARE 0.22; FELON -0.373; GENDER -0.154; RACE -0.16",NA
"micro_direct_2295","micro_direct_subsets","BORDER + FENTANYL + INFLATION + HEALTHCARE + FELON + GENDER",6,0.389911480239143,0.304782849574837,"BORDER 0.317; FENTANYL -0.112; INFLATION -0.111; HEALTHCARE 0.287; FELON -0.358; GENDER -0.014",NA
"micro_direct_867","micro_direct_subsets","ISRAEL + CHINA + HEALTHCARE + TAX + FELON",5,0.375716678657505,0.304775392141312,"ISRAEL -0.298; CHINA 0.187; HEALTHCARE 0.17; TAX -0.054; FELON -0.353",NA
"micro_direct_2293","micro_direct_subsets","BORDER + FENTANYL + INFLATION + HEALTHCARE + FELON + PROJECT2025",6,0.389879435729834,0.304746333738647,"BORDER 0.318; FENTANYL -0.111; INFLATION -0.112; HEALTHCARE 0.285; FELON -0.357; PROJECT2025 0.012",NA
"micro_direct_1423","micro_direct_subsets","BORDER + HEALTHCARE + FELON + PROJECT2025 + AUTHORITARIAN",5,0.375523797987378,0.304560593213216,"BORDER 0.324; HEALTHCARE 0.252; FELON -0.31; PROJECT2025 0.037; AUTHORITARIAN 0.069",NA
"micro_direct_1990","micro_direct_subsets","ISRAEL + INFLATION + HEALTHCARE + FELON + PROJECT2025 + AUTHORITARIAN",6,0.389705014988103,0.304547575219001,"ISRAEL -0.364; INFLATION -0.091; HEALTHCARE 0.291; FELON -0.22; PROJECT2025 0.109; AUTHORITARIAN 0.238",NA
"micro_direct_2361","micro_direct_subsets","BORDER + INFLATION + HEALTHCARE + TAX + FELON + RACE",6,0.389649401975203,0.304484202250813,"BORDER 0.342; INFLATION -0.088; HEALTHCARE 0.228; TAX -0.076; FELON -0.358; RACE -0.105",NA
"micro_direct_847","micro_direct_subsets","ISRAEL + CHINA + INFLATION + HEALTHCARE + FELON",5,0.375409102995761,0.304432864699825,"ISRAEL -0.298; CHINA 0.185; INFLATION -0.051; HEALTHCARE 0.172; FELON -0.346",NA
"micro_direct_1709","micro_direct_subsets","ISRAEL + CHINA + FENTANYL + FELON + GENDER + RACE",6,0.389112775892031,0.303872698109524,"ISRAEL -0.387; CHINA 0.325; FENTANYL -0.153; FELON -0.423; GENDER -0.129; RACE -0.177",NA
"micro_direct_1161","micro_direct_subsets","CHINA + BORDER + HEALTHCARE + TAX + FELON",5,0.374773584658167,0.303725128369322,"CHINA 0.039; BORDER 0.308; HEALTHCARE 0.226; TAX -0.053; FELON -0.352",NA
"micro_direct_1167","micro_direct_subsets","CHINA + BORDER + HEALTHCARE + FELON + AUTHORITARIAN",5,0.374656109277975,0.303594303514109,"CHINA 0.025; BORDER 0.318; HEALTHCARE 0.239; FELON -0.312; AUTHORITARIAN 0.062",NA
"micro_direct_1413","micro_direct_subsets","BORDER + HEALTHCARE + TAX + FELON + PROJECT2025",5,0.374565614631245,0.303493525384795,"BORDER 0.319; HEALTHCARE 0.24; TAX -0.052; FELON -0.353; PROJECT2025 0.033",NA
"micro_direct_875","micro_direct_subsets","ISRAEL + CHINA + HEALTHCARE + FELON + RACE",5,0.374503520827014,0.303424375466447,"ISRAEL -0.307; CHINA 0.197; HEALTHCARE 0.153; FELON -0.347; RACE -0.041",NA
"micro_direct_1168","micro_direct_subsets","CHINA + BORDER + HEALTHCARE + FELON + GENDER",5,0.374429596903139,0.303342051096678,"CHINA 0.056; BORDER 0.304; HEALTHCARE 0.232; FELON -0.353; GENDER -0.053",NA
"micro_direct_2065","micro_direct_subsets","CHINA + BORDER + FENTANYL + HEALTHCARE + FELON + RACE",6,0.388630776072867,0.303323442501639,"CHINA 0.067; BORDER 0.318; FENTANYL -0.119; HEALTHCARE 0.235; FELON -0.362; RACE -0.094",NA
"micro_direct_1704","micro_direct_subsets","ISRAEL + CHINA + FENTANYL + FELON + PROJECT2025 + AUTHORITARIAN",6,0.388575449643027,0.303260396104845,"ISRAEL -0.435; CHINA 0.276; FENTANYL -0.106; FELON -0.343; PROJECT2025 0.109; AUTHORITARIAN 0.119",NA
"micro_direct_1166","micro_direct_subsets","CHINA + BORDER + HEALTHCARE + FELON + PROJECT2025",5,0.374076104175003,0.302948388740345,"CHINA 0.052; BORDER 0.307; HEALTHCARE 0.224; FELON -0.35; PROJECT2025 0.046",NA
"micro_direct_2397","micro_direct_subsets","BORDER + HEALTHCARE + TAX + FELON + AUTHORITARIAN + RACE",6,0.388290023237892,0.302935142759459,"BORDER 0.33; HEALTHCARE 0.253; TAX -0.124; FELON -0.307; AUTHORITARIAN 0.106; RACE -0.086",NA
"micro_direct_1984","micro_direct_subsets","ISRAEL + INFLATION + HEALTHCARE + TAX + PROJECT2025 + AUTHORITARIAN",6,0.388282871415089,0.302926993007892,"ISRAEL -0.42; INFLATION -0.077; HEALTHCARE 0.37; TAX -0.199; PROJECT2025 0.086; AUTHORITARIAN 0.453",NA
"micro_direct_1415","micro_direct_subsets","BORDER + HEALTHCARE + TAX + FELON + GENDER",5,0.373820991643812,0.30266428614879,"BORDER 0.32; HEALTHCARE 0.241; TAX -0.047; FELON -0.352; GENDER -0.019",NA
"micro_direct_828","micro_direct_subsets","ISRAEL + CHINA + FENTANYL + HEALTHCARE + AUTHORITARIAN",5,0.373611114791566,0.302430559654244,"ISRAEL -0.43; CHINA 0.143; FENTANYL -0.16; HEALTHCARE 0.317; AUTHORITARIAN 0.335",NA
"micro_direct_376","micro_direct_subsets","ISRAEL + FENTANYL + HEALTHCARE + FELON",4,0.359269073723083,0.30231521360958,"ISRAEL -0.292; FENTANYL -0.148; HEALTHCARE 0.278; FELON -0.352",NA
"micro_direct_2398","micro_direct_subsets","BORDER + HEALTHCARE + TAX + FELON + GENDER + RACE",6,0.387372336002648,0.301889406142553,"BORDER 0.346; HEALTHCARE 0.235; TAX -0.062; FELON -0.369; GENDER -0.098; RACE -0.147",NA
"micro_direct_1424","micro_direct_subsets","BORDER + HEALTHCARE + FELON + PROJECT2025 + GENDER",5,0.372953640009554,0.301698371828821,"BORDER 0.323; HEALTHCARE 0.244; FELON -0.35; PROJECT2025 0.031; GENDER -0.033",NA
"micro_direct_2372","micro_direct_subsets","BORDER + INFLATION + HEALTHCARE + FELON + AUTHORITARIAN + RACE",6,0.387168157111601,0.301656737173685,"BORDER 0.341; INFLATION -0.101; HEALTHCARE 0.244; FELON -0.315; AUTHORITARIAN 0.06; RACE -0.065",NA
"micro_direct_2370","micro_direct_subsets","BORDER + INFLATION + HEALTHCARE + FELON + PROJECT2025 + RACE",6,0.387011780154845,0.301478540176452,"BORDER 0.343; INFLATION -0.099; HEALTHCARE 0.231; FELON -0.351; PROJECT2025 0.048; RACE -0.085",NA
"micro_direct_2406","micro_direct_subsets","BORDER + HEALTHCARE + FELON + AUTHORITARIAN + GENDER + RACE",6,0.386932943499436,0.301388703057496,"BORDER 0.346; HEALTHCARE 0.256; FELON -0.331; AUTHORITARIAN 0.063; GENDER -0.127; RACE -0.126",NA
"micro_direct_2371","micro_direct_subsets","BORDER + INFLATION + HEALTHCARE + FELON + AUTHORITARIAN + GENDER",6,0.386737303465212,0.301165764413846,"BORDER 0.32; INFLATION -0.099; HEALTHCARE 0.285; FELON -0.3; AUTHORITARIAN 0.099; GENDER -0.062",NA
"micro_direct_2337","micro_direct_subsets","BORDER + FENTANYL + HEALTHCARE + FELON + AUTHORITARIAN + RACE",6,0.386413754837546,0.300797069466041,"BORDER 0.337; FENTANYL -0.105; HEALTHCARE 0.26; FELON -0.334; AUTHORITARIAN 0.042; RACE -0.079",NA
"micro_direct_1697","micro_direct_subsets","ISRAEL + CHINA + FENTANYL + TAX + FELON + RACE",6,0.386263584129541,0.300625944705757,"ISRAEL -0.385; CHINA 0.288; FENTANYL -0.176; TAX -0.085; FELON -0.417; RACE -0.136",NA
"micro_direct_1091","micro_direct_subsets","ISRAEL + HEALTHCARE + FELON + AUTHORITARIAN + RACE",5,0.371964392849993,0.300596710219311,"ISRAEL -0.352; HEALTHCARE 0.274; FELON -0.211; AUTHORITARIAN 0.233; RACE 0.034",NA
"micro_direct_325","micro_direct_subsets","ISRAEL + CHINA + FELON + RACE",4,0.357371847153802,0.300249344678584,"ISRAEL -0.353; CHINA 0.248; FELON -0.376; RACE -0.067",NA
"micro_direct_1716","micro_direct_subsets","ISRAEL + CHINA + INFLATION + HEALTHCARE + TAX + AUTHORITARIAN",6,0.385930869166079,0.300246804398555,"ISRAEL -0.412; CHINA 0.075; INFLATION -0.065; HEALTHCARE 0.331; TAX -0.194; AUTHORITARIAN 0.429",NA
"micro_direct_1993","micro_direct_subsets","ISRAEL + INFLATION + HEALTHCARE + FELON + AUTHORITARIAN + GENDER",6,0.3858835299702,0.300192859733484,"ISRAEL -0.347; INFLATION -0.089; HEALTHCARE 0.313; FELON -0.213; AUTHORITARIAN 0.258; GENDER -0.094",NA
"micro_direct_820","micro_direct_subsets","ISRAEL + CHINA + FENTANYL + INFLATION + FELON",5,0.3715700891515,0.300157599282352,"ISRAEL -0.377; CHINA 0.275; FENTANYL -0.144; INFLATION -0.042; FELON -0.401",NA
"micro_direct_2100","micro_direct_subsets","CHINA + BORDER + INFLATION + HEALTHCARE + FELON + RACE",6,0.385649854416244,0.299926578288278,"CHINA 0.033; BORDER 0.335; INFLATION -0.093; HEALTHCARE 0.217; FELON -0.348; RACE -0.081",NA
"micro_direct_2025","micro_direct_subsets","ISRAEL + HEALTHCARE + FELON + PROJECT2025 + AUTHORITARIAN + GENDER",6,0.385630688213462,0.29990473773162,"ISRAEL -0.366; HEALTHCARE 0.299; FELON -0.221; PROJECT2025 0.091; AUTHORITARIAN 0.248; GENDER -0.071",NA
"micro_direct_1695","micro_direct_subsets","ISRAEL + CHINA + FENTANYL + TAX + FELON + AUTHORITARIAN",6,0.385541750153886,0.299803389710242,"ISRAEL -0.434; CHINA 0.25; FENTANYL -0.133; TAX -0.097; FELON -0.328; AUTHORITARIAN 0.169",NA
"micro_direct_2335","micro_direct_subsets","BORDER + FENTANYL + HEALTHCARE + FELON + PROJECT2025 + RACE",6,0.385540293202243,0.299801729463022,"BORDER 0.34; FENTANYL -0.102; HEALTHCARE 0.249; FELON -0.358; PROJECT2025 0.018; RACE -0.091",NA
"micro_direct_831","micro_direct_subsets","ISRAEL + CHINA + FENTANYL + TAX + FELON",5,0.371197560605844,0.299742737947417,"ISRAEL -0.376; CHINA 0.275; FENTANYL -0.139; TAX -0.037; FELON -0.404",NA
"micro_direct_989","micro_direct_subsets","ISRAEL + FENTANYL + INFLATION + HEALTHCARE + AUTHORITARIAN",5,0.370946671427235,0.299463338634875,"ISRAEL -0.412; FENTANYL -0.167; INFLATION -0.124; HEALTHCARE 0.391; AUTHORITARIAN 0.369",NA
"micro_direct_2368","micro_direct_subsets","BORDER + INFLATION + HEALTHCARE + FELON + PROJECT2025 + AUTHORITARIAN",6,0.385222616311032,0.299439725563735,"BORDER 0.323; INFLATION -0.1; HEALTHCARE 0.269; FELON -0.305; PROJECT2025 0.041; AUTHORITARIAN 0.082",NA
"micro_direct_378","micro_direct_subsets","ISRAEL + FENTANYL + HEALTHCARE + AUTHORITARIAN",4,0.356543142047753,0.299346976896442,"ISRAEL -0.416; FENTANYL -0.141; HEALTHCARE 0.363; AUTHORITARIAN 0.357",NA
"micro_direct_1781","micro_direct_subsets","ISRAEL + CHINA + FELON + PROJECT2025 + GENDER + RACE",6,0.385005813963987,0.299192671726403,"ISRAEL -0.38; CHINA 0.314; FELON -0.411; PROJECT2025 0.13; GENDER -0.127; RACE -0.157",NA
"micro_direct_2405","micro_direct_subsets","BORDER + HEALTHCARE + FELON + PROJECT2025 + GENDER + RACE",6,0.384938532612129,0.299116002278937,"BORDER 0.349; HEALTHCARE 0.238; FELON -0.364; PROJECT2025 0.025; GENDER -0.113; RACE -0.137",NA
"micro_direct_1661","micro_direct_subsets","ISRAEL + CHINA + FENTANYL + INFLATION + HEALTHCARE + AUTHORITARIAN",6,0.384745906717266,0.298896498352234,"ISRAEL -0.426; CHINA 0.129; FENTANYL -0.181; INFLATION -0.11; HEALTHCARE 0.346; AUTHORITARIAN 0.348",NA
"micro_direct_1708","micro_direct_subsets","ISRAEL + CHINA + FENTANYL + FELON + AUTHORITARIAN + RACE",6,0.384484866420769,0.298599033828318,"ISRAEL -0.417; CHINA 0.274; FENTANYL -0.157; FELON -0.356; AUTHORITARIAN 0.087; RACE -0.085",NA
"micro_direct_838","micro_direct_subsets","ISRAEL + CHINA + FENTANYL + FELON + GENDER",5,0.370116864750075,0.298539235744402,"ISRAEL -0.377; CHINA 0.28; FENTANYL -0.134; FELON -0.4; GENDER -0.018",NA
"micro_direct_897","micro_direct_subsets","ISRAEL + CHINA + FELON + GENDER + RACE",5,0.370070136278125,0.298487197218821,"ISRAEL -0.357; CHINA 0.295; FELON -0.404; GENDER -0.152; RACE -0.155",NA
"micro_direct_883","micro_direct_subsets","ISRAEL + CHINA + TAX + FELON + AUTHORITARIAN",5,0.370055406424467,0.298470793518157,"ISRAEL -0.411; CHINA 0.218; TAX -0.097; FELON -0.303; AUTHORITARIAN 0.177",NA
"micro_direct_857","micro_direct_subsets","ISRAEL + CHINA + INFLATION + FELON + PROJECT2025",5,0.369941108042834,0.298343506684065,"ISRAEL -0.373; CHINA 0.269; INFLATION -0.025; FELON -0.39; PROJECT2025 0.133",NA
"micro_direct_2057","micro_direct_subsets","CHINA + BORDER + FENTANYL + HEALTHCARE + TAX + FELON",6,0.384169457991803,0.298239614920892,"CHINA 0.058; BORDER 0.292; FENTANYL -0.106; HEALTHCARE 0.26; TAX -0.061; FELON -0.365",NA
"micro_direct_893","micro_direct_subsets","ISRAEL + CHINA + FELON + PROJECT2025 + GENDER",5,0.369832158559272,0.298222176577371,"ISRAEL -0.374; CHINA 0.276; FELON -0.393; PROJECT2025 0.129; GENDER -0.024",NA
"micro_direct_1769","micro_direct_subsets","ISRAEL + CHINA + TAX + FELON + PROJECT2025 + AUTHORITARIAN",6,0.384044015886072,0.298096669265523,"ISRAEL -0.431; CHINA 0.245; TAX -0.078; FELON -0.315; PROJECT2025 0.124; AUTHORITARIAN 0.169",NA
"micro_direct_882","micro_direct_subsets","ISRAEL + CHINA + TAX + FELON + PROJECT2025",5,0.369636298151011,0.298004059304535,"ISRAEL -0.373; CHINA 0.269; TAX -0.018; FELON -0.391; PROJECT2025 0.131",NA
"micro_direct_324","micro_direct_subsets","ISRAEL + CHINA + FELON + GENDER",4,0.355217924347403,0.297903962067172,"ISRAEL -0.352; CHINA 0.258; FELON -0.386; GENDER -0.05",NA
"micro_direct_1756","micro_direct_subsets","ISRAEL + CHINA + HEALTHCARE + TAX + AUTHORITARIAN + GENDER",6,0.383681163269892,0.297683186051738,"ISRAEL -0.417; CHINA 0.096; HEALTHCARE 0.328; TAX -0.179; AUTHORITARIAN 0.427; GENDER -0.051",NA
"micro_direct_2098","micro_direct_subsets","CHINA + BORDER + INFLATION + HEALTHCARE + FELON + AUTHORITARIAN",6,0.383653264116541,0.297651393993267,"CHINA 0.009; BORDER 0.323; INFLATION -0.097; HEALTHCARE 0.26; FELON -0.303; AUTHORITARIAN 0.079",NA
"micro_direct_79","micro_direct_subsets","ISRAEL + BORDER + HEALTHCARE",3,0.34055404545487,0.297546700593232,"ISRAEL -0.3; BORDER 0.341; HEALTHCARE 0.212",NA
"micro_direct_102","micro_direct_subsets","ISRAEL + HEALTHCARE + FELON",3,0.340531360064726,0.297522535721121,"ISRAEL -0.277; HEALTHCARE 0.234; FELON -0.337",NA
"micro_direct_2395","micro_direct_subsets","BORDER + HEALTHCARE + TAX + FELON + PROJECT2025 + RACE",6,0.383526129478178,0.297506519637923,"BORDER 0.339; HEALTHCARE 0.223; TAX -0.084; FELON -0.361; PROJECT2025 0.038; RACE -0.104",NA
"micro_direct_2130","micro_direct_subsets","CHINA + BORDER + HEALTHCARE + TAX + FELON + RACE",6,0.383508278550033,0.297486177882595,"CHINA 0.042; BORDER 0.326; HEALTHCARE 0.208; TAX -0.086; FELON -0.36; RACE -0.102",NA
"micro_direct_987","micro_direct_subsets","ISRAEL + FENTANYL + INFLATION + HEALTHCARE + FELON",5,0.36914215547445,0.297453764051092,"ISRAEL -0.286; FENTANYL -0.169; INFLATION -0.102; HEALTHCARE 0.3; FELON -0.356",NA
"micro_direct_2393","micro_direct_subsets","BORDER + HEALTHCARE + TAX + FELON + PROJECT2025 + AUTHORITARIAN",6,0.383125881889673,0.297050423548697,"BORDER 0.311; HEALTHCARE 0.277; TAX -0.101; FELON -0.295; PROJECT2025 0.028; AUTHORITARIAN 0.123",NA
"micro_direct_1672","micro_direct_subsets","ISRAEL + CHINA + FENTANYL + INFLATION + FELON + RACE",6,0.383043176330414,0.296956177678844,"ISRAEL -0.387; CHINA 0.287; FENTANYL -0.175; INFLATION -0.055; FELON -0.405; RACE -0.112",NA
"micro_direct_2396","micro_direct_subsets","BORDER + HEALTHCARE + TAX + FELON + AUTHORITARIAN + GENDER",6,0.382974798956471,0.296878259275978,"BORDER 0.312; HEALTHCARE 0.281; TAX -0.094; FELON -0.293; AUTHORITARIAN 0.127; GENDER -0.029",NA
"micro_direct_1780","micro_direct_subsets","ISRAEL + CHINA + FELON + PROJECT2025 + AUTHORITARIAN + RACE",6,0.38294488157772,0.296844167379263,"ISRAEL -0.417; CHINA 0.263; FELON -0.336; PROJECT2025 0.143; AUTHORITARIAN 0.106; RACE -0.063",NA
"micro_direct_317","micro_direct_subsets","ISRAEL + CHINA + TAX + FELON",4,0.354118378661312,0.296706678986762,"ISRAEL -0.349; CHINA 0.243; TAX -0.034; FELON -0.382",NA
"micro_direct_2063","micro_direct_subsets","CHINA + BORDER + FENTANYL + HEALTHCARE + FELON + AUTHORITARIAN",6,0.382745608075007,0.29661708827152,"CHINA 0.045; BORDER 0.304; FENTANYL -0.099; HEALTHCARE 0.267; FELON -0.326; AUTHORITARIAN 0.056",NA
"micro_direct_2336","micro_direct_subsets","BORDER + FENTANYL + HEALTHCARE + FELON + AUTHORITARIAN + GENDER",6,0.382643103556283,0.296500280796695,"BORDER 0.317; FENTANYL -0.082; HEALTHCARE 0.291; FELON -0.314; AUTHORITARIAN 0.081; GENDER -0.041",NA
"micro_direct_2022","micro_direct_subsets","ISRAEL + HEALTHCARE + TAX + PROJECT2025 + AUTHORITARIAN + RACE",6,0.382621372598631,0.296475517612393,"ISRAEL -0.424; HEALTHCARE 0.36; TAX -0.206; PROJECT2025 0.082; AUTHORITARIAN 0.452; RACE 0.009",NA
"micro_direct_2021","micro_direct_subsets","ISRAEL + HEALTHCARE + TAX + PROJECT2025 + AUTHORITARIAN + GENDER",6,0.382577968436988,0.296426057056103,"ISRAEL -0.424; HEALTHCARE 0.361; TAX -0.206; PROJECT2025 0.082; AUTHORITARIAN 0.451; GENDER -0.007",NA
"micro_direct_104","micro_direct_subsets","ISRAEL + HEALTHCARE + AUTHORITARIAN",3,0.33941310643253,0.296331352504216,"ISRAEL -0.397; HEALTHCARE 0.318; AUTHORITARIAN 0.345",NA
"micro_direct_2128","micro_direct_subsets","CHINA + BORDER + HEALTHCARE + TAX + FELON + AUTHORITARIAN",6,0.382378366537487,0.296198603728764,"CHINA 0.006; BORDER 0.311; HEALTHCARE 0.271; TAX -0.103; FELON -0.293; AUTHORITARIAN 0.122",NA
"micro_direct_306","micro_direct_subsets","ISRAEL + CHINA + INFLATION + FELON",4,0.353572707009866,0.296112503188521,"ISRAEL -0.35; CHINA 0.243; INFLATION -0.025; FELON -0.378",NA
"micro_direct_2026","micro_direct_subsets","ISRAEL + HEALTHCARE + FELON + PROJECT2025 + AUTHORITARIAN + RACE",6,0.382116654090325,0.295900373265719,"ISRAEL -0.369; HEALTHCARE 0.281; FELON -0.218; PROJECT2025 0.104; AUTHORITARIAN 0.236; RACE 0.023",NA
"micro_direct_1987","micro_direct_subsets","ISRAEL + INFLATION + HEALTHCARE + TAX + AUTHORITARIAN + GENDER",6,0.38199809669889,0.295765272982456,"ISRAEL -0.405; INFLATION -0.075; HEALTHCARE 0.371; TAX -0.196; AUTHORITARIAN 0.452; GENDER -0.031",NA
"micro_direct_1757","micro_direct_subsets","ISRAEL + CHINA + HEALTHCARE + TAX + AUTHORITARIAN + RACE",6,0.381919572604941,0.295675792038189,"ISRAEL -0.416; CHINA 0.083; HEALTHCARE 0.319; TAX -0.198; AUTHORITARIAN 0.426; RACE 0.006",NA
"micro_direct_2358","micro_direct_subsets","BORDER + INFLATION + HEALTHCARE + TAX + FELON + PROJECT2025",6,0.381866521137726,0.295615338040665,"BORDER 0.32; INFLATION -0.087; HEALTHCARE 0.251; TAX -0.039; FELON -0.352; PROJECT2025 0.037",NA
"micro_direct_2064","micro_direct_subsets","CHINA + BORDER + FENTANYL + HEALTHCARE + FELON + GENDER",6,0.381688500811114,0.295412477668479,"CHINA 0.069; BORDER 0.295; FENTANYL -0.095; HEALTHCARE 0.257; FELON -0.361; GENDER -0.036",NA
"micro_direct_2097","micro_direct_subsets","CHINA + BORDER + INFLATION + HEALTHCARE + FELON + PROJECT2025",6,0.381675150051511,0.295397264012187,"CHINA 0.041; BORDER 0.31; INFLATION -0.089; HEALTHCARE 0.238; FELON -0.35; PROJECT2025 0.048",NA
"micro_direct_26","micro_direct_subsets","BORDER + FELON",2,0.324133004422189,0.295372706738027,"BORDER 0.386; FELON -0.391",NA
"micro_direct_2325","micro_direct_subsets","BORDER + FENTANYL + HEALTHCARE + TAX + FELON + GENDER",6,0.381622842797052,0.295337658071059,"BORDER 0.313; FENTANYL -0.1; HEALTHCARE 0.269; TAX -0.067; FELON -0.361; GENDER 0.01",NA
"micro_direct_2323","micro_direct_subsets","BORDER + FENTANYL + HEALTHCARE + TAX + FELON + PROJECT2025",6,0.381596826486411,0.295308011577538,"BORDER 0.312; FENTANYL -0.095; HEALTHCARE 0.271; TAX -0.061; FELON -0.362; PROJECT2025 0.007",NA
"micro_direct_2099","micro_direct_subsets","CHINA + BORDER + INFLATION + HEALTHCARE + FELON + GENDER",6,0.381557609284996,0.295263322208484,"CHINA 0.044; BORDER 0.308; INFLATION -0.086; HEALTHCARE 0.244; FELON -0.353; GENDER -0.049",NA
"micro_direct_2333","micro_direct_subsets","BORDER + FENTANYL + HEALTHCARE + FELON + PROJECT2025 + AUTHORITARIAN",6,0.3815118832338,0.295211215778051,"BORDER 0.319; FENTANYL -0.087; HEALTHCARE 0.279; FELON -0.317; PROJECT2025 0.015; AUTHORITARIAN 0.069",NA
"micro_direct_1988","micro_direct_subsets","ISRAEL + INFLATION + HEALTHCARE + TAX + AUTHORITARIAN + RACE",6,0.381462269628738,0.295154679344376,"ISRAEL -0.405; INFLATION -0.074; HEALTHCARE 0.364; TAX -0.204; AUTHORITARIAN 0.45; RACE 0.013",NA
"micro_direct_1721","micro_direct_subsets","ISRAEL + CHINA + INFLATION + HEALTHCARE + FELON + GENDER",6,0.381316229900491,0.294988261979629,"ISRAEL -0.293; CHINA 0.203; INFLATION -0.048; HEALTHCARE 0.19; FELON -0.358; GENDER -0.084",NA
"micro_direct_2369","micro_direct_subsets","BORDER + INFLATION + HEALTHCARE + FELON + PROJECT2025 + GENDER",6,0.381234546275816,0.294895180639884,"BORDER 0.322; INFLATION -0.092; HEALTHCARE 0.255; FELON -0.351; PROJECT2025 0.034; GENDER -0.031",NA
"micro_direct_2092","micro_direct_subsets","CHINA + BORDER + INFLATION + HEALTHCARE + TAX + FELON",6,0.381228987504662,0.294888846226243,"CHINA 0.029; BORDER 0.312; INFLATION -0.082; HEALTHCARE 0.238; TAX -0.042; FELON -0.351",NA
"micro_direct_1669","micro_direct_subsets","ISRAEL + CHINA + FENTANYL + INFLATION + FELON + PROJECT2025",6,0.381192623484765,0.294847408157058,"ISRAEL -0.391; CHINA 0.29; FENTANYL -0.117; INFLATION -0.039; FELON -0.406; PROJECT2025 0.105",NA
"micro_direct_2062","micro_direct_subsets","CHINA + BORDER + FENTANYL + HEALTHCARE + FELON + PROJECT2025",6,0.381140548564029,0.294788066968312,"CHINA 0.064; BORDER 0.297; FENTANYL -0.095; HEALTHCARE 0.251; FELON -0.358; PROJECT2025 0.024",NA
"micro_direct_2360","micro_direct_subsets","BORDER + INFLATION + HEALTHCARE + TAX + FELON + GENDER",6,0.380987392743029,0.294613540567637,"BORDER 0.321; INFLATION -0.086; HEALTHCARE 0.252; TAX -0.033; FELON -0.352; GENDER -0.024",NA
"micro_direct_895","micro_direct_subsets","ISRAEL + CHINA + FELON + AUTHORITARIAN + GENDER",5,0.36655596069284,0.294573683498845,"ISRAEL -0.402; CHINA 0.246; FELON -0.321; AUTHORITARIAN 0.136; GENDER -0.067",NA
"micro_direct_314","micro_direct_subsets","ISRAEL + CHINA + HEALTHCARE + AUTHORITARIAN",4,0.351918111092309,0.294310832078293,"ISRAEL -0.408; CHINA 0.121; HEALTHCARE 0.273; AUTHORITARIAN 0.325",NA
"micro_direct_1779","micro_direct_subsets","ISRAEL + CHINA + FELON + PROJECT2025 + AUTHORITARIAN + GENDER",6,0.380710909488065,0.294298478253841,"ISRAEL -0.423; CHINA 0.264; FELON -0.329; PROJECT2025 0.127; AUTHORITARIAN 0.133; GENDER -0.041",NA
"micro_direct_1688","micro_direct_subsets","ISRAEL + CHINA + FENTANYL + HEALTHCARE + PROJECT2025 + AUTHORITARIAN",6,0.380538647020488,0.294102179162881,"ISRAEL -0.444; CHINA 0.155; FENTANYL -0.137; HEALTHCARE 0.314; PROJECT2025 0.089; AUTHORITARIAN 0.339",NA
"micro_direct_1670","micro_direct_subsets","ISRAEL + CHINA + FENTANYL + INFLATION + FELON + AUTHORITARIAN",6,0.38046078091754,0.294013448022313,"ISRAEL -0.421; CHINA 0.259; FENTANYL -0.139; INFLATION -0.048; FELON -0.34; AUTHORITARIAN 0.119",NA
"micro_direct_1739","micro_direct_subsets","ISRAEL + CHINA + INFLATION + FELON + PROJECT2025 + AUTHORITARIAN",6,0.380313505362243,0.293845622389533,"ISRAEL -0.421; CHINA 0.253; INFLATION -0.032; FELON -0.325; PROJECT2025 0.135; AUTHORITARIAN 0.129",NA
"micro_direct_1694","micro_direct_subsets","ISRAEL + CHINA + FENTANYL + TAX + FELON + PROJECT2025",6,0.380256168534084,0.293780285073724,"ISRAEL -0.39; CHINA 0.29; FENTANYL -0.113; TAX -0.024; FELON -0.407; PROJECT2025 0.103",NA
"micro_direct_876","micro_direct_subsets","ISRAEL + CHINA + HEALTHCARE + PROJECT2025 + AUTHORITARIAN",5,0.365758658950087,0.293685779285324,"ISRAEL -0.431; CHINA 0.143; HEALTHCARE 0.277; PROJECT2025 0.122; AUTHORITARIAN 0.333",NA
"micro_direct_196","micro_direct_subsets","BORDER + FELON + RACE",3,0.336779489568401,0.293525978018514,"BORDER 0.406; FELON -0.39; RACE -0.114",NA
"micro_direct_2139","micro_direct_subsets","CHINA + BORDER + HEALTHCARE + FELON + PROJECT2025 + RACE",6,0.379883853529824,0.293356019138636,"CHINA 0.056; BORDER 0.324; HEALTHCARE 0.207; FELON -0.353; PROJECT2025 0.054; RACE -0.079",NA
"micro_direct_1007","micro_direct_subsets","ISRAEL + FENTANYL + HEALTHCARE + TAX + FELON",5,0.365361519878065,0.2932435107733,"ISRAEL -0.285; FENTANYL -0.153; HEALTHCARE 0.289; TAX -0.08; FELON -0.363",NA
"micro_direct_1705","micro_direct_subsets","ISRAEL + CHINA + FENTANYL + FELON + PROJECT2025 + GENDER",6,0.3797259807849,0.293176117638607,"ISRAEL -0.391; CHINA 0.291; FENTANYL -0.112; FELON -0.403; PROJECT2025 0.106; GENDER -0.001",NA
"micro_direct_1691","micro_direct_subsets","ISRAEL + CHINA + FENTANYL + HEALTHCARE + AUTHORITARIAN + GENDER",6,0.379656295001698,0.293096708257749,"ISRAEL -0.429; CHINA 0.154; FENTANYL -0.142; HEALTHCARE 0.337; AUTHORITARIAN 0.356; GENDER -0.088",NA
"micro_direct_1751","micro_direct_subsets","ISRAEL + CHINA + HEALTHCARE + TAX + FELON + GENDER",6,0.37946797051519,0.292882105935914,"ISRAEL -0.296; CHINA 0.205; HEALTHCARE 0.182; TAX -0.023; FELON -0.36; GENDER -0.074",NA
"micro_direct_1752","micro_direct_subsets","ISRAEL + CHINA + HEALTHCARE + TAX + FELON + RACE",6,0.379401766264808,0.292806663883153,"ISRAEL -0.302; CHINA 0.193; HEALTHCARE 0.159; TAX -0.076; FELON -0.359; RACE -0.066",NA
"micro_direct_1994","micro_direct_subsets","ISRAEL + INFLATION + HEALTHCARE + FELON + AUTHORITARIAN + RACE",6,0.379240678091033,0.292623098289782,"ISRAEL -0.347; INFLATION -0.087; HEALTHCARE 0.287; FELON -0.209; AUTHORITARIAN 0.24; RACE 0.029",NA
"micro_direct_1707","micro_direct_subsets","ISRAEL + CHINA + FENTANYL + FELON + AUTHORITARIAN + GENDER",6,0.379227380844591,0.292607945613603,"ISRAEL -0.421; CHINA 0.268; FENTANYL -0.124; FELON -0.34; AUTHORITARIAN 0.122; GENDER -0.035",NA
"micro_direct_2404","micro_direct_subsets","BORDER + HEALTHCARE + FELON + PROJECT2025 + AUTHORITARIAN + RACE",6,0.378984785761669,0.292331500053995,"BORDER 0.339; HEALTHCARE 0.234; FELON -0.324; PROJECT2025 0.042; AUTHORITARIAN 0.048; RACE -0.064",NA
"micro_direct_896","micro_direct_subsets","ISRAEL + CHINA + FELON + AUTHORITARIAN + RACE",5,0.364479785365333,0.292261579156848,"ISRAEL -0.394; CHINA 0.233; FELON -0.321; AUTHORITARIAN 0.11; RACE -0.044",NA
"micro_direct_1771","micro_direct_subsets","ISRAEL + CHINA + TAX + FELON + PROJECT2025 + RACE",6,0.37869522241066,0.292001532514473,"ISRAEL -0.376; CHINA 0.275; TAX -0.052; FELON -0.397; PROJECT2025 0.14; RACE -0.102",NA
"micro_direct_2028","micro_direct_subsets","ISRAEL + HEALTHCARE + FELON + AUTHORITARIAN + GENDER + RACE",6,0.378407015323332,0.291673110484727,"ISRAEL -0.351; HEALTHCARE 0.297; FELON -0.221; AUTHORITARIAN 0.244; GENDER -0.104; RACE -0.019",NA
"micro_direct_2334","micro_direct_subsets","BORDER + FENTANYL + HEALTHCARE + FELON + PROJECT2025 + GENDER",6,0.378370477165021,0.291631473978745,"BORDER 0.319; FENTANYL -0.084; HEALTHCARE 0.266; FELON -0.355; PROJECT2025 0.012; GENDER -0.019",NA
"micro_direct_2140","micro_direct_subsets","CHINA + BORDER + HEALTHCARE + FELON + AUTHORITARIAN + GENDER",6,0.378274751570062,0.291522391324024,"CHINA 0.04; BORDER 0.308; HEALTHCARE 0.259; FELON -0.313; AUTHORITARIAN 0.077; GENDER -0.068",NA
"micro_direct_422","micro_direct_subsets","ISRAEL + HEALTHCARE + FELON + PROJECT2025",4,0.349260710539999,0.291417218143554,"ISRAEL -0.291; HEALTHCARE 0.241; FELON -0.345; PROJECT2025 0.096",NA
"micro_direct_858","micro_direct_subsets","ISRAEL + CHINA + INFLATION + FELON + AUTHORITARIAN",5,0.363651479344491,0.29133914745182,"ISRAEL -0.397; CHINA 0.227; INFLATION -0.032; FELON -0.314; AUTHORITARIAN 0.127",NA
"micro_direct_2141","micro_direct_subsets","CHINA + BORDER + HEALTHCARE + FELON + AUTHORITARIAN + RACE",6,0.378090710085419,0.291312669632222,"CHINA 0.034; BORDER 0.33; HEALTHCARE 0.217; FELON -0.327; AUTHORITARIAN 0.038; RACE -0.064",NA
"micro_direct_879","micro_direct_subsets","ISRAEL + CHINA + HEALTHCARE + AUTHORITARIAN + GENDER",5,0.363438602194011,0.291102079716058,"ISRAEL -0.41; CHINA 0.14; HEALTHCARE 0.306; AUTHORITARIAN 0.355; GENDER -0.119",NA
"micro_direct_2403","micro_direct_subsets","BORDER + HEALTHCARE + FELON + PROJECT2025 + AUTHORITARIAN + GENDER",6,0.377792635161547,0.290973002858507,"BORDER 0.32; HEALTHCARE 0.271; FELON -0.308; PROJECT2025 0.026; AUTHORITARIAN 0.085; GENDER -0.054",NA
"micro_direct_426","micro_direct_subsets","ISRAEL + HEALTHCARE + PROJECT2025 + AUTHORITARIAN",4,0.348820131771769,0.290937476818148,"ISRAEL -0.415; HEALTHCARE 0.328; PROJECT2025 0.099; AUTHORITARIAN 0.354",NA
"micro_direct_1714","micro_direct_subsets","ISRAEL + CHINA + INFLATION + HEALTHCARE + TAX + FELON",6,0.377652794383513,0.290813649413771,"ISRAEL -0.294; CHINA 0.182; INFLATION -0.045; HEALTHCARE 0.178; TAX -0.049; FELON -0.353",NA
"micro_direct_1741","micro_direct_subsets","ISRAEL + CHINA + INFLATION + FELON + PROJECT2025 + RACE",6,0.377397488504401,0.290522719458504,"ISRAEL -0.378; CHINA 0.276; INFLATION -0.032; FELON -0.391; PROJECT2025 0.145; RACE -0.088",NA
"micro_direct_1722","micro_direct_subsets","ISRAEL + CHINA + INFLATION + HEALTHCARE + FELON + RACE",6,0.377233034660759,0.290335318566911,"ISRAEL -0.302; CHINA 0.191; INFLATION -0.053; HEALTHCARE 0.163; FELON -0.348; RACE -0.044",NA
"micro_direct_1012","micro_direct_subsets","ISRAEL + FENTANYL + HEALTHCARE + FELON + PROJECT2025",5,0.362729616718334,0.290312527709054,"ISRAEL -0.299; FENTANYL -0.13; HEALTHCARE 0.278; FELON -0.355; PROJECT2025 0.063",NA
"micro_direct_399","micro_direct_subsets","ISRAEL + INFLATION + HEALTHCARE + AUTHORITARIAN",4,0.347954520262141,0.28999492206322,"ISRAEL -0.392; INFLATION -0.094; HEALTHCARE 0.332; AUTHORITARIAN 0.353",NA
"micro_direct_1782","micro_direct_subsets","ISRAEL + CHINA + FELON + AUTHORITARIAN + GENDER + RACE",6,0.376850198397317,0.289899063289966,"ISRAEL -0.397; CHINA 0.28; FELON -0.35; AUTHORITARIAN 0.108; GENDER -0.15; RACE -0.132",NA
"micro_direct_352","micro_direct_subsets","ISRAEL + BORDER + HEALTHCARE + RACE",4,0.347783196099472,0.289808369086092,"ISRAEL -0.308; BORDER 0.362; HEALTHCARE 0.191; RACE -0.088",NA
"micro_direct_2024","micro_direct_subsets","ISRAEL + HEALTHCARE + TAX + AUTHORITARIAN + GENDER + RACE",6,0.376584005309712,0.289595726980834,"ISRAEL -0.41; HEALTHCARE 0.359; TAX -0.207; AUTHORITARIAN 0.45; GENDER -0.024; RACE 0.005",NA
"micro_direct_2137","micro_direct_subsets","CHINA + BORDER + HEALTHCARE + FELON + PROJECT2025 + AUTHORITARIAN",6,0.376417118398971,0.289405553524409,"CHINA 0.036; BORDER 0.312; HEALTHCARE 0.242; FELON -0.317; PROJECT2025 0.044; AUTHORITARIAN 0.059",NA
"micro_direct_2127","micro_direct_subsets","CHINA + BORDER + HEALTHCARE + TAX + FELON + PROJECT2025",6,0.376359651195941,0.289340067641886,"CHINA 0.049; BORDER 0.303; HEALTHCARE 0.23; TAX -0.049; FELON -0.356; PROJECT2025 0.041",NA
"micro_direct_429","micro_direct_subsets","ISRAEL + HEALTHCARE + AUTHORITARIAN + GENDER",4,0.347200072635285,0.289173412425089,"ISRAEL -0.398; HEALTHCARE 0.35; AUTHORITARIAN 0.372; GENDER -0.097",NA
"micro_direct_1015","micro_direct_subsets","ISRAEL + FENTANYL + HEALTHCARE + FELON + RACE",5,0.361286466253749,0.288705382873494,"ISRAEL -0.297; FENTANYL -0.157; HEALTHCARE 0.273; FELON -0.354; RACE -0.046",NA
"micro_direct_2138","micro_direct_subsets","CHINA + BORDER + HEALTHCARE + FELON + PROJECT2025 + GENDER",6,0.37579933197365,0.288701564342067,"CHINA 0.063; BORDER 0.3; HEALTHCARE 0.234; FELON -0.356; PROJECT2025 0.039; GENDER -0.046",NA
"micro_direct_126","micro_direct_subsets","CHINA + BORDER + FELON",3,0.332166825148977,0.288612487658693,"CHINA 0.098; BORDER 0.347; FELON -0.391",NA
"micro_direct_333","micro_direct_subsets","ISRAEL + BORDER + FENTANYL + HEALTHCARE",4,0.346670227173972,0.288596469589436,"ISRAEL -0.308; BORDER 0.335; FENTANYL -0.084; HEALTHCARE 0.241",NA
"micro_direct_2129","micro_direct_subsets","CHINA + BORDER + HEALTHCARE + TAX + FELON + GENDER",6,0.375591178045311,0.28846436567954,"CHINA 0.05; BORDER 0.303; HEALTHCARE 0.233; TAX -0.039; FELON -0.355; GENDER -0.035",NA
"micro_direct_885","micro_direct_subsets","ISRAEL + CHINA + TAX + FELON + RACE",5,0.361029973480296,0.288419743193966,"ISRAEL -0.35; CHINA 0.246; TAX -0.065; FELON -0.387; RACE -0.089",NA
"micro_direct_1016","micro_direct_subsets","ISRAEL + FENTANYL + HEALTHCARE + PROJECT2025 + AUTHORITARIAN",5,0.360661040272437,0.288008885757941,"ISRAEL -0.425; FENTANYL -0.122; HEALTHCARE 0.364; PROJECT2025 0.068; AUTHORITARIAN 0.362",NA
"micro_direct_397","micro_direct_subsets","ISRAEL + INFLATION + HEALTHCARE + FELON",4,0.345692580316449,0.287531920789022,"ISRAEL -0.271; INFLATION -0.073; HEALTHCARE 0.245; FELON -0.338",NA
"micro_direct_1919","micro_direct_subsets","ISRAEL + FENTANYL + INFLATION + HEALTHCARE + PROJECT2025 + AUTHORITARIAN",6,0.374738458677255,0.287492662213616,"ISRAEL -0.421; FENTANYL -0.148; INFLATION -0.123; HEALTHCARE 0.391; PROJECT2025 0.066; AUTHORITARIAN 0.374",NA
"micro_direct_1773","micro_direct_subsets","ISRAEL + CHINA + TAX + FELON + AUTHORITARIAN + RACE",6,0.374681863489868,0.287428170023338,"ISRAEL -0.408; CHINA 0.223; TAX -0.118; FELON -0.312; AUTHORITARIAN 0.166; RACE -0.073",NA
"micro_direct_2394","micro_direct_subsets","BORDER + HEALTHCARE + TAX + FELON + PROJECT2025 + GENDER",6,0.374680222290288,0.287426299819165,"BORDER 0.319; HEALTHCARE 0.243; TAX -0.047; FELON -0.353; PROJECT2025 0.03; GENDER -0.013",NA
"micro_direct_1019","micro_direct_subsets","ISRAEL + FENTANYL + HEALTHCARE + AUTHORITARIAN + GENDER",5,0.360116485587139,0.287402449858405,"ISRAEL -0.414; FENTANYL -0.126; HEALTHCARE 0.381; AUTHORITARIAN 0.374; GENDER -0.067",NA
"micro_direct_417","micro_direct_subsets","ISRAEL + HEALTHCARE + TAX + FELON",4,0.345298484779184,0.287102794537334,"ISRAEL -0.271; HEALTHCARE 0.242; TAX -0.07; FELON -0.347",NA
"micro_direct_1922","micro_direct_subsets","ISRAEL + FENTANYL + INFLATION + HEALTHCARE + AUTHORITARIAN + GENDER",6,0.374071688110118,0.286732853892925,"ISRAEL -0.41; FENTANYL -0.152; INFLATION -0.122; HEALTHCARE 0.407; AUTHORITARIAN 0.385; GENDER -0.063",NA
"micro_direct_1692","micro_direct_subsets","ISRAEL + CHINA + FENTANYL + HEALTHCARE + AUTHORITARIAN + RACE",6,0.373947207935761,0.286591004391914,"ISRAEL -0.429; CHINA 0.139; FENTANYL -0.156; HEALTHCARE 0.321; AUTHORITARIAN 0.34; RACE 0.02",NA
"micro_direct_1014","micro_direct_subsets","ISRAEL + FENTANYL + HEALTHCARE + FELON + GENDER",5,0.359337875763755,0.286535361646,"ISRAEL -0.291; FENTANYL -0.146; HEALTHCARE 0.28; FELON -0.353; GENDER -0.009",NA
"micro_direct_340","micro_direct_subsets","ISRAEL + BORDER + INFLATION + HEALTHCARE",4,0.344594740927151,0.286336495676231,"ISRAEL -0.294; BORDER 0.34; INFLATION -0.064; HEALTHCARE 0.222",NA
"micro_direct_1910","micro_direct_subsets","ISRAEL + FENTANYL + INFLATION + HEALTHCARE + TAX + FELON",6,0.373582398835235,0.286175291695966,"ISRAEL -0.28; FENTANYL -0.172; INFLATION -0.094; HEALTHCARE 0.307; TAX -0.069; FELON -0.365",NA
"micro_direct_481","micro_direct_subsets","CHINA + BORDER + FELON + RACE",4,0.344445471021737,0.28617395733478,"CHINA 0.095; BORDER 0.368; FELON -0.39; RACE -0.113",NA
"micro_direct_1765","micro_direct_subsets","ISRAEL + CHINA + HEALTHCARE + PROJECT2025 + AUTHORITARIAN + GENDER",6,0.373021551249916,0.285536186308044,"ISRAEL -0.429; CHINA 0.155; HEALTHCARE 0.304; PROJECT2025 0.104; AUTHORITARIAN 0.356; GENDER -0.097",NA
"micro_direct_289","micro_direct_subsets","ISRAEL + CHINA + BORDER + HEALTHCARE",4,0.343761512123293,0.285429202089808,"ISRAEL -0.308; CHINA 0.064; BORDER 0.32; HEALTHCARE 0.195",NA
"micro_direct_1020","micro_direct_subsets","ISRAEL + FENTANYL + HEALTHCARE + AUTHORITARIAN + RACE",5,0.358337744318186,0.285421578899799,"ISRAEL -0.414; FENTANYL -0.133; HEALTHCARE 0.369; AUTHORITARIAN 0.366; RACE 0.045",NA
"micro_direct_860","micro_direct_subsets","ISRAEL + CHINA + INFLATION + FELON + RACE",5,0.358295320841597,0.285374334573597,"ISRAEL -0.352; CHINA 0.246; INFLATION -0.031; FELON -0.378; RACE -0.069",NA
"micro_direct_430","micro_direct_subsets","ISRAEL + HEALTHCARE + AUTHORITARIAN + RACE",4,0.34351462341029,0.285160367713427,"ISRAEL -0.396; HEALTHCARE 0.329; AUTHORITARIAN 0.36; RACE 0.066",NA
"micro_direct_1664","micro_direct_subsets","ISRAEL + CHINA + FENTANYL + INFLATION + TAX + FELON",6,0.37253910078166,0.284986417169798,"ISRAEL -0.376; CHINA 0.274; FENTANYL -0.144; INFLATION -0.037; TAX -0.032; FELON -0.406",NA
"micro_direct_1051","micro_direct_subsets","ISRAEL + INFLATION + HEALTHCARE + PROJECT2025 + AUTHORITARIAN",5,0.357944261849758,0.284983382514504,"ISRAEL -0.41; INFLATION -0.097; HEALTHCARE 0.343; PROJECT2025 0.103; AUTHORITARIAN 0.362",NA
"micro_direct_849","micro_direct_subsets","ISRAEL + CHINA + INFLATION + HEALTHCARE + AUTHORITARIAN",5,0.357940494697648,0.284979187276926,"ISRAEL -0.402; CHINA 0.109; INFLATION -0.08; HEALTHCARE 0.29; AUTHORITARIAN 0.333",NA
"micro_direct_1915","micro_direct_subsets","ISRAEL + FENTANYL + INFLATION + HEALTHCARE + FELON + PROJECT2025",6,0.372303379537182,0.284717804588882,"ISRAEL -0.293; FENTANYL -0.151; INFLATION -0.101; HEALTHCARE 0.299; FELON -0.359; PROJECT2025 0.06",NA
"micro_direct_1918","micro_direct_subsets","ISRAEL + FENTANYL + INFLATION + HEALTHCARE + FELON + RACE",6,0.372258837901787,0.284667047841571,"ISRAEL -0.291; FENTANYL -0.181; INFLATION -0.109; HEALTHCARE 0.294; FELON -0.359; RACE -0.058",NA
"micro_direct_349","micro_direct_subsets","ISRAEL + BORDER + HEALTHCARE + PROJECT2025",4,0.34295035859371,0.284545946024262,"ISRAEL -0.307; BORDER 0.338; HEALTHCARE 0.218; PROJECT2025 0.05",NA
"micro_direct_177","micro_direct_subsets","BORDER + INFLATION + FELON",3,0.328177951720774,0.284363470311259,"BORDER 0.387; INFLATION -0.064; FELON -0.394",NA
"micro_direct_1923","micro_direct_subsets","ISRAEL + FENTANYL + INFLATION + HEALTHCARE + AUTHORITARIAN + RACE",6,0.371972682962593,0.28434096430621,"ISRAEL -0.411; FENTANYL -0.16; INFLATION -0.121; HEALTHCARE 0.394; AUTHORITARIAN 0.376; RACE 0.034",NA
"micro_direct_1723","micro_direct_subsets","ISRAEL + CHINA + INFLATION + HEALTHCARE + PROJECT2025 + AUTHORITARIAN",6,0.371929731678513,0.284292019819701,"ISRAEL -0.426; CHINA 0.131; INFLATION -0.08; HEALTHCARE 0.294; PROJECT2025 0.123; AUTHORITARIAN 0.341",NA
"micro_direct_1671","micro_direct_subsets","ISRAEL + CHINA + FENTANYL + INFLATION + FELON + GENDER",6,0.371709339208588,0.284040874912112,"ISRAEL -0.377; CHINA 0.278; FENTANYL -0.141; INFLATION -0.041; FELON -0.402; GENDER -0.013",NA
"micro_direct_614","micro_direct_subsets","BORDER + INFLATION + FELON + RACE",4,0.342356987829346,0.283899831191955,"BORDER 0.409; INFLATION -0.075; FELON -0.393; RACE -0.122",NA
"micro_direct_1948","micro_direct_subsets","ISRAEL + FENTANYL + HEALTHCARE + TAX + FELON + RACE",6,0.371381077573363,0.283666809327786,"ISRAEL -0.291; FENTANYL -0.173; HEALTHCARE 0.283; TAX -0.11; FELON -0.372; RACE -0.086",NA
"micro_direct_424","micro_direct_subsets","ISRAEL + HEALTHCARE + FELON + GENDER",4,0.34212943050972,0.283652046555028,"ISRAEL -0.273; HEALTHCARE 0.246; FELON -0.343; GENDER -0.043",NA
"micro_direct_914","micro_direct_subsets","ISRAEL + BORDER + FENTANYL + HEALTHCARE + RACE",5,0.356676330317405,0.283571367853474,"ISRAEL -0.32; BORDER 0.358; FENTANYL -0.103; HEALTHCARE 0.223; RACE -0.106",NA
"micro_direct_1696","micro_direct_subsets","ISRAEL + CHINA + FENTANYL + TAX + FELON + GENDER",6,0.371200622049009,0.283461173962825,"ISRAEL -0.376; CHINA 0.274; FENTANYL -0.14; TAX -0.038; FELON -0.404; GENDER 0.002",NA
"micro_direct_639","micro_direct_subsets","BORDER + TAX + FELON + RACE",4,0.341705081492878,0.283189977625579,"BORDER 0.403; TAX -0.076; FELON -0.402; RACE -0.14",NA
"micro_direct_351","micro_direct_subsets","ISRAEL + BORDER + HEALTHCARE + GENDER",4,0.34161492717678,0.283091809592493,"ISRAEL -0.303; BORDER 0.344; HEALTHCARE 0.2; GENDER 0.034",NA
"micro_direct_1744","micro_direct_subsets","ISRAEL + CHINA + INFLATION + FELON + GENDER + RACE",6,0.370865811543927,0.283079645712847,"ISRAEL -0.356; CHINA 0.293; INFLATION -0.028; FELON -0.406; GENDER -0.152; RACE -0.157",NA
"micro_direct_1772","micro_direct_subsets","ISRAEL + CHINA + TAX + FELON + AUTHORITARIAN + GENDER",6,0.370778940340147,0.282980652945748,"ISRAEL -0.411; CHINA 0.228; TAX -0.082; FELON -0.308; AUTHORITARIAN 0.175; GENDER -0.032",NA
"micro_direct_1774","micro_direct_subsets","ISRAEL + CHINA + TAX + FELON + GENDER + RACE",6,0.370655280905705,0.282839738706501,"ISRAEL -0.356; CHINA 0.291; TAX -0.028; FELON -0.407; GENDER -0.141; RACE -0.158",NA
"micro_direct_1054","micro_direct_subsets","ISRAEL + INFLATION + HEALTHCARE + AUTHORITARIAN + GENDER",5,0.355962686172602,0.282776627783125,"ISRAEL -0.392; INFLATION -0.095; HEALTHCARE 0.366; AUTHORITARIAN 0.38; GENDER -0.098",NA
"micro_direct_1730","micro_direct_subsets","ISRAEL + CHINA + INFLATION + TAX + FELON + AUTHORITARIAN",6,0.370497484034948,0.282659923667732,"ISRAEL -0.411; CHINA 0.217; INFLATION -0.021; TAX -0.094; FELON -0.303; AUTHORITARIAN 0.178",NA
"micro_direct_1740","micro_direct_subsets","ISRAEL + CHINA + INFLATION + FELON + PROJECT2025 + GENDER",6,0.370373809300389,0.282518991993467,"ISRAEL -0.373; CHINA 0.275; INFLATION -0.023; FELON -0.394; PROJECT2025 0.129; GENDER -0.023",NA
"micro_direct_859","micro_direct_subsets","ISRAEL + CHINA + INFLATION + FELON + GENDER",5,0.355678280369171,0.282459903138395,"ISRAEL -0.351; CHINA 0.257; INFLATION -0.022; FELON -0.387; GENDER -0.049",NA
"micro_direct_425","micro_direct_subsets","ISRAEL + HEALTHCARE + FELON + RACE",4,0.34086457452025,0.28227475892205,"ISRAEL -0.279; HEALTHCARE 0.23; FELON -0.338; RACE -0.019",NA
"micro_direct_1729","micro_direct_subsets","ISRAEL + CHINA + INFLATION + TAX + FELON + PROJECT2025",6,0.370143486214643,0.282256530802733,"ISRAEL -0.372; CHINA 0.268; INFLATION -0.023; TAX -0.015; FELON -0.392; PROJECT2025 0.131",NA
"micro_direct_347","micro_direct_subsets","ISRAEL + BORDER + HEALTHCARE + TAX",4,0.340825031302648,0.282231700751772,"ISRAEL -0.301; BORDER 0.343; HEALTHCARE 0.209; TAX 0.017",NA
"micro_direct_884","micro_direct_subsets","ISRAEL + CHINA + TAX + FELON + GENDER",5,0.355404569225798,0.282155088456003,"ISRAEL -0.351; CHINA 0.256; TAX -0.016; FELON -0.387; GENDER -0.043",NA
"micro_direct_1770","micro_direct_subsets","ISRAEL + CHINA + TAX + FELON + PROJECT2025 + GENDER",6,0.369903326560513,0.281982860499189,"ISRAEL -0.373; CHINA 0.275; TAX -0.01; FELON -0.393; PROJECT2025 0.128; GENDER -0.02",NA
"micro_direct_1047","micro_direct_subsets","ISRAEL + INFLATION + HEALTHCARE + FELON + PROJECT2025",5,0.354774433845195,0.281453346782149,"ISRAEL -0.285; INFLATION -0.075; HEALTHCARE 0.253; FELON -0.346; PROJECT2025 0.098",NA
"micro_direct_1726","micro_direct_subsets","ISRAEL + CHINA + INFLATION + HEALTHCARE + AUTHORITARIAN + GENDER",6,0.369314116236365,0.281311434780974,"ISRAEL -0.404; CHINA 0.128; INFLATION -0.079; HEALTHCARE 0.323; AUTHORITARIAN 0.363; GENDER -0.118",NA
"micro_direct_852","micro_direct_subsets","ISRAEL + CHINA + INFLATION + TAX + FELON",5,0.35452138319334,0.281171540374402,"ISRAEL -0.349; CHINA 0.242; INFLATION -0.02; TAX -0.032; FELON -0.383",NA
"micro_direct_1917","micro_direct_subsets","ISRAEL + FENTANYL + INFLATION + HEALTHCARE + FELON + GENDER",6,0.369151404557479,0.281126019146895,"ISRAEL -0.285; FENTANYL -0.168; INFLATION -0.102; HEALTHCARE 0.3; FELON -0.356; GENDER -0.003",NA
"micro_direct_188","micro_direct_subsets","BORDER + TAX + FELON",3,0.324929770458845,0.280903451140944,"BORDER 0.383; TAX -0.029; FELON -0.396",NA
"micro_direct_195","micro_direct_subsets","BORDER + FELON + GENDER",3,0.324773693119385,0.280737194844562,"BORDER 0.386; FELON -0.386; GENDER 0.026",NA
"micro_direct_880","micro_direct_subsets","ISRAEL + CHINA + HEALTHCARE + AUTHORITARIAN + RACE",5,0.354113417372993,0.280717214801742,"ISRAEL -0.406; CHINA 0.113; HEALTHCARE 0.285; AUTHORITARIAN 0.337; RACE 0.049",NA
"micro_direct_651","micro_direct_subsets","BORDER + FELON + GENDER + RACE",4,0.339275791482284,0.280544750725154,"BORDER 0.412; FELON -0.401; GENDER -0.063; RACE -0.151",NA
"micro_direct_170","micro_direct_subsets","BORDER + FENTANYL + FELON",3,0.324191320947889,0.280116841879273,"BORDER 0.386; FENTANYL -0.008; FELON -0.392",NA
"micro_direct_193","micro_direct_subsets","BORDER + FELON + PROJECT2025",3,0.324186549499964,0.280111759249962,"BORDER 0.386; FELON -0.392; PROJECT2025 0.007",NA
"micro_direct_194","micro_direct_subsets","BORDER + FELON + AUTHORITARIAN",3,0.324133827122877,0.280055598456977,"BORDER 0.386; FELON -0.392; AUTHORITARIAN -0.001",NA
"micro_direct_1093","micro_direct_subsets","ISRAEL + HEALTHCARE + PROJECT2025 + AUTHORITARIAN + GENDER",5,0.353473519211002,0.280004600939525,"ISRAEL -0.412; HEALTHCARE 0.352; PROJECT2025 0.083; AUTHORITARIAN 0.374; GENDER -0.077",NA
"micro_direct_1945","micro_direct_subsets","ISRAEL + FENTANYL + HEALTHCARE + TAX + FELON + PROJECT2025",6,0.367757820832989,0.279537981879452,"ISRAEL -0.292; FENTANYL -0.138; HEALTHCARE 0.288; TAX -0.073; FELON -0.365; PROJECT2025 0.053",NA
"micro_direct_902","micro_direct_subsets","ISRAEL + BORDER + FENTANYL + INFLATION + HEALTHCARE",5,0.352999236782308,0.279476422780297,"ISRAEL -0.303; BORDER 0.333; FENTANYL -0.101; INFLATION -0.082; HEALTHCARE 0.259",NA
"micro_direct_1077","micro_direct_subsets","ISRAEL + HEALTHCARE + TAX + FELON + PROJECT2025",5,0.35276153579403,0.279211710316079,"ISRAEL -0.284; HEALTHCARE 0.248; TAX -0.061; FELON -0.353; PROJECT2025 0.089",NA
"micro_direct_1742","micro_direct_subsets","ISRAEL + CHINA + INFLATION + FELON + AUTHORITARIAN + GENDER",6,0.367328725730816,0.279049013042093,"ISRAEL -0.402; CHINA 0.244; INFLATION -0.028; FELON -0.321; AUTHORITARIAN 0.138; GENDER -0.065",NA
"micro_direct_593","micro_direct_subsets","BORDER + FENTANYL + FELON + RACE",4,0.337888708625525,0.279034371614461,"BORDER 0.408; FENTANYL -0.035; FELON -0.396; RACE -0.122",NA
"micro_direct_935","micro_direct_subsets","ISRAEL + BORDER + INFLATION + HEALTHCARE + RACE",5,0.352594885415936,0.27902612239502,"ISRAEL -0.302; BORDER 0.362; INFLATION -0.07; HEALTHCARE 0.201; RACE -0.093",NA
"micro_direct_1191","micro_direct_subsets","CHINA + BORDER + FELON + GENDER + RACE",5,0.352292536356697,0.27868941548814,"CHINA 0.134; BORDER 0.365; FELON -0.413; GENDER -0.12; RACE -0.182",NA
"micro_direct_650","micro_direct_subsets","BORDER + FELON + AUTHORITARIAN + RACE",4,0.337525719400772,0.278639116680841,"BORDER 0.406; FELON -0.405; AUTHORITARIAN -0.032; RACE -0.121",NA
"micro_direct_1766","micro_direct_subsets","ISRAEL + CHINA + HEALTHCARE + PROJECT2025 + AUTHORITARIAN + RACE",6,0.366868620481916,0.278524707060788,"ISRAEL -0.429; CHINA 0.136; HEALTHCARE 0.286; PROJECT2025 0.118; AUTHORITARIAN 0.341; RACE 0.035",NA
"micro_direct_1094","micro_direct_subsets","ISRAEL + HEALTHCARE + PROJECT2025 + AUTHORITARIAN + RACE",5,0.351936642964749,0.278293079665289,"ISRAEL -0.413; HEALTHCARE 0.337; PROJECT2025 0.094; AUTHORITARIAN 0.367; RACE 0.058",NA
"micro_direct_648","micro_direct_subsets","BORDER + FELON + PROJECT2025 + RACE",4,0.337161174648247,0.278242167950313,"BORDER 0.406; FELON -0.392; PROJECT2025 0.02; RACE -0.116",NA
"micro_direct_783","micro_direct_subsets","ISRAEL + CHINA + BORDER + FENTANYL + HEALTHCARE",5,0.351875720555397,0.278225234254874,"ISRAEL -0.32; CHINA 0.083; BORDER 0.306; FENTANYL -0.099; HEALTHCARE 0.223",NA
"micro_direct_1947","micro_direct_subsets","ISRAEL + FENTANYL + HEALTHCARE + TAX + FELON + GENDER",6,0.366228903664986,0.277795727432193,"ISRAEL -0.288; FENTANYL -0.163; HEALTHCARE 0.282; TAX -0.095; FELON -0.362; GENDER 0.036",NA
"micro_direct_1055","micro_direct_subsets","ISRAEL + INFLATION + HEALTHCARE + AUTHORITARIAN + RACE",5,0.351481237971718,0.277785924104868,"ISRAEL -0.391; INFLATION -0.091; HEALTHCARE 0.342; AUTHORITARIAN 0.366; RACE 0.062",NA
"micro_direct_802","micro_direct_subsets","ISRAEL + CHINA + BORDER + HEALTHCARE + RACE",5,0.351432366955444,0.277731499564017,"ISRAEL -0.317; CHINA 0.069; BORDER 0.34; HEALTHCARE 0.172; RACE -0.091",NA
"micro_direct_962","micro_direct_subsets","ISRAEL + BORDER + HEALTHCARE + PROJECT2025 + RACE",5,0.35105145508684,0.277307302255799,"ISRAEL -0.317; BORDER 0.36; HEALTHCARE 0.197; PROJECT2025 0.059; RACE -0.094",NA
"micro_direct_1743","micro_direct_subsets","ISRAEL + CHINA + INFLATION + FELON + AUTHORITARIAN + RACE",6,0.365669415984139,0.277158171702856,"ISRAEL -0.393; CHINA 0.231; INFLATION -0.035; FELON -0.322; AUTHORITARIAN 0.112; RACE -0.047",NA
"micro_direct_1957","micro_direct_subsets","ISRAEL + FENTANYL + HEALTHCARE + FELON + PROJECT2025 + RACE",6,0.365080559278297,0.276487148945036,"ISRAEL -0.305; FENTANYL -0.139; HEALTHCARE 0.272; FELON -0.358; PROJECT2025 0.066; RACE -0.05",NA
"micro_direct_462","micro_direct_subsets","CHINA + BORDER + INFLATION + FELON",4,0.335360957418005,0.276281931410716,"CHINA 0.093; BORDER 0.351; INFLATION -0.057; FELON -0.394",NA
"micro_direct_1089","micro_direct_subsets","ISRAEL + HEALTHCARE + FELON + PROJECT2025 + RACE",5,0.350066878090928,0.276210841510352,"ISRAEL -0.294; HEALTHCARE 0.237; FELON -0.346; PROJECT2025 0.099; RACE -0.029",NA
"micro_direct_1789","micro_direct_subsets","ISRAEL + BORDER + FENTANYL + INFLATION + HEALTHCARE + RACE",6,0.364816037357538,0.276185716988823,"ISRAEL -0.315; BORDER 0.358; FENTANYL -0.124; INFLATION -0.093; HEALTHCARE 0.242; RACE -0.115",NA
"micro_direct_1088","micro_direct_subsets","ISRAEL + HEALTHCARE + FELON + PROJECT2025 + GENDER",5,0.34961550084989,0.275708171401014,"ISRAEL -0.288; HEALTHCARE 0.247; FELON -0.347; PROJECT2025 0.091; GENDER -0.021",NA
"micro_direct_913","micro_direct_subsets","ISRAEL + BORDER + FENTANYL + HEALTHCARE + GENDER",5,0.349460154532305,0.275535172092795,"ISRAEL -0.315; BORDER 0.339; FENTANYL -0.098; HEALTHCARE 0.225; GENDER 0.057",NA
"micro_direct_1042","micro_direct_subsets","ISRAEL + INFLATION + HEALTHCARE + TAX + FELON",5,0.349322271778344,0.275381620844065,"ISRAEL -0.266; INFLATION -0.065; HEALTHCARE 0.25; TAX -0.062; FELON -0.347",NA
"micro_direct_1179","micro_direct_subsets","CHINA + BORDER + TAX + FELON + RACE",5,0.349191442300556,0.275235924380165,"CHINA 0.094; BORDER 0.366; TAX -0.074; FELON -0.402; RACE -0.138",NA
"micro_direct_1154","micro_direct_subsets","CHINA + BORDER + INFLATION + FELON + RACE",5,0.349018798923856,0.27504366243793,"CHINA 0.089; BORDER 0.373; INFLATION -0.068; FELON -0.393; RACE -0.119",NA
"micro_direct_1768","micro_direct_subsets","ISRAEL + CHINA + HEALTHCARE + AUTHORITARIAN + GENDER + RACE",6,0.363712479487109,0.274928174299263,"ISRAEL -0.41; CHINA 0.145; HEALTHCARE 0.305; AUTHORITARIAN 0.353; GENDER -0.132; RACE -0.021",NA
"micro_direct_1586","micro_direct_subsets","ISRAEL + CHINA + BORDER + FENTANYL + HEALTHCARE + RACE",6,0.36310314886988,0.274233820805212,"ISRAEL -0.334; CHINA 0.093; BORDER 0.328; FENTANYL -0.121; HEALTHCARE 0.202; RACE -0.112",NA
"micro_direct_1961","micro_direct_subsets","ISRAEL + FENTANYL + HEALTHCARE + PROJECT2025 + AUTHORITARIAN + GENDER",6,0.363100411842783,0.274230701867357,"ISRAEL -0.422; FENTANYL -0.112; HEALTHCARE 0.379; PROJECT2025 0.059; AUTHORITARIAN 0.376; GENDER -0.056",NA
"micro_direct_965","micro_direct_subsets","ISRAEL + BORDER + HEALTHCARE + GENDER + RACE",5,0.348068808190502,0.27398571821215,"ISRAEL -0.307; BORDER 0.363; HEALTHCARE 0.196; GENDER -0.021; RACE -0.1",NA
"micro_direct_85","micro_direct_subsets","ISRAEL + BORDER + RACE",3,0.318396916902826,0.273944541918228,"ISRAEL -0.365; BORDER 0.417; RACE -0.127",NA
"micro_direct_1960","micro_direct_subsets","ISRAEL + FENTANYL + HEALTHCARE + FELON + GENDER + RACE",6,0.362795225031991,0.273882930850408,"ISRAEL -0.294; FENTANYL -0.151; HEALTHCARE 0.281; FELON -0.361; GENDER -0.051; RACE -0.072",NA
"micro_direct_1956","micro_direct_subsets","ISRAEL + FENTANYL + HEALTHCARE + FELON + PROJECT2025 + GENDER",6,0.362735216108095,0.273814548588294,"ISRAEL -0.3; FENTANYL -0.131; HEALTHCARE 0.277; FELON -0.355; PROJECT2025 0.063; GENDER 0.003",NA
"micro_direct_455","micro_direct_subsets","CHINA + BORDER + FENTANYL + FELON",4,0.333079280146733,0.273797438381999,"CHINA 0.106; BORDER 0.344; FENTANYL -0.032; FELON -0.397",NA
"micro_direct_955","micro_direct_subsets","ISRAEL + BORDER + HEALTHCARE + TAX + RACE",5,0.347890740103386,0.273787415115135,"ISRAEL -0.307; BORDER 0.361; HEALTHCARE 0.193; TAX -0.011; RACE -0.092",NA
"micro_direct_1996","micro_direct_subsets","ISRAEL + INFLATION + HEALTHCARE + PROJECT2025 + AUTHORITARIAN + GENDER",6,0.362682718814532,0.273754726090979,"ISRAEL -0.407; INFLATION -0.097; HEALTHCARE 0.368; PROJECT2025 0.086; AUTHORITARIAN 0.382; GENDER -0.077",NA
"micro_direct_478","micro_direct_subsets","CHINA + BORDER + FELON + PROJECT2025",4,0.332943561476742,0.273649655830231,"CHINA 0.105; BORDER 0.344; FELON -0.395; PROJECT2025 0.029",NA
"micro_direct_473","micro_direct_subsets","CHINA + BORDER + TAX + FELON",4,0.332925104406265,0.273629558131266,"CHINA 0.097; BORDER 0.345; TAX -0.028; FELON -0.396",NA
"micro_direct_799","micro_direct_subsets","ISRAEL + CHINA + BORDER + HEALTHCARE + PROJECT2025",5,0.347663713672678,0.273534590226392,"ISRAEL -0.319; CHINA 0.08; BORDER 0.311; HEALTHCARE 0.198; PROJECT2025 0.065",NA
"micro_direct_1096","micro_direct_subsets","ISRAEL + HEALTHCARE + AUTHORITARIAN + GENDER + RACE",5,0.347635431001173,0.273503093614943,"ISRAEL -0.397; HEALTHCARE 0.35; AUTHORITARIAN 0.374; GENDER -0.083; RACE 0.025",NA
"micro_direct_1133","micro_direct_subsets","CHINA + BORDER + FENTANYL + FELON + RACE",5,0.347620565065612,0.273486538368523,"CHINA 0.111; BORDER 0.365; FENTANYL -0.061; FELON -0.401; RACE -0.126",NA
"micro_direct_911","micro_direct_subsets","ISRAEL + BORDER + FENTANYL + HEALTHCARE + PROJECT2025",5,0.34749957908601,0.273351803982147,"ISRAEL -0.312; BORDER 0.334; FENTANYL -0.076; HEALTHCARE 0.241; PROJECT2025 0.031",NA
"micro_direct_1962","micro_direct_subsets","ISRAEL + FENTANYL + HEALTHCARE + PROJECT2025 + AUTHORITARIAN + RACE",6,0.362230852120967,0.273239808230869,"ISRAEL -0.423; FENTANYL -0.115; HEALTHCARE 0.369; PROJECT2025 0.066; AUTHORITARIAN 0.37; RACE 0.042",NA
"micro_direct_479","micro_direct_subsets","CHINA + BORDER + FELON + AUTHORITARIAN",4,0.332493632796199,0.273159733489195,"CHINA 0.101; BORDER 0.345; FELON -0.401; AUTHORITARIAN -0.021",NA
"micro_direct_2","micro_direct_subsets","ISRAEL + BORDER",2,0.302788522030675,0.273119948500065,"ISRAEL -0.362; BORDER 0.394",NA
"micro_direct_1049","micro_direct_subsets","ISRAEL + INFLATION + HEALTHCARE + FELON + GENDER",5,0.347252526799552,0.273076677572229,"ISRAEL -0.267; INFLATION -0.072; HEALTHCARE 0.257; FELON -0.344; GENDER -0.042",NA
"micro_direct_1080","micro_direct_subsets","ISRAEL + HEALTHCARE + TAX + FELON + RACE",5,0.347226320344018,0.273047493110383,"ISRAEL -0.273; HEALTHCARE 0.235; TAX -0.086; FELON -0.351; RACE -0.047",NA
"micro_direct_932","micro_direct_subsets","ISRAEL + BORDER + INFLATION + HEALTHCARE + PROJECT2025",5,0.347149262952944,0.272961679197597,"ISRAEL -0.302; BORDER 0.337; INFLATION -0.066; HEALTHCARE 0.228; PROJECT2025 0.052",NA
"micro_direct_480","micro_direct_subsets","CHINA + BORDER + FELON + GENDER",4,0.332173808373911,0.272811480229369,"CHINA 0.099; BORDER 0.347; FELON -0.392; GENDER -0.003",NA
"micro_direct_790","micro_direct_subsets","ISRAEL + CHINA + BORDER + INFLATION + HEALTHCARE",5,0.346983713707736,0.27277731753816,"ISRAEL -0.302; CHINA 0.056; BORDER 0.322; INFLATION -0.058; HEALTHCARE 0.206",NA
"micro_direct_909","micro_direct_subsets","ISRAEL + BORDER + FENTANYL + HEALTHCARE + TAX",5,0.346810427208646,0.272584339391447,"ISRAEL -0.309; BORDER 0.336; FENTANYL -0.084; HEALTHCARE 0.238; TAX 0.012",NA
"micro_direct_1732","micro_direct_subsets","ISRAEL + CHINA + INFLATION + TAX + FELON + RACE",6,0.361577576637979,0.272495378029325,"ISRAEL -0.35; CHINA 0.245; INFLATION -0.024; TAX -0.062; FELON -0.387; RACE -0.09",NA
"micro_direct_1190","micro_direct_subsets","CHINA + BORDER + FELON + AUTHORITARIAN + RACE",5,0.346438719872596,0.272170392585391,"CHINA 0.105; BORDER 0.364; FELON -0.415; AUTHORITARIAN -0.053; RACE -0.123",NA
"micro_direct_1050","micro_direct_subsets","ISRAEL + INFLATION + HEALTHCARE + FELON + RACE",5,0.34622812113242,0.271935862170195,"ISRAEL -0.273; INFLATION -0.074; HEALTHCARE 0.241; FELON -0.339; RACE -0.024",NA
"micro_direct_1396","micro_direct_subsets","BORDER + INFLATION + TAX + FELON + RACE",5,0.346133135329948,0.271830082526533,"BORDER 0.407; INFLATION -0.067; TAX -0.067; FELON -0.403; RACE -0.143",NA
"micro_direct_1188","micro_direct_subsets","CHINA + BORDER + FELON + PROJECT2025 + RACE",5,0.346034424782345,0.271720154871248,"CHINA 0.105; BORDER 0.364; FELON -0.395; PROJECT2025 0.041; RACE -0.117",NA
"micro_direct_934","micro_direct_subsets","ISRAEL + BORDER + INFLATION + HEALTHCARE + GENDER",5,0.345689481110395,0.271336013054758,"ISRAEL -0.297; BORDER 0.343; INFLATION -0.065; HEALTHCARE 0.21; GENDER 0.035",NA
"micro_direct_1997","micro_direct_subsets","ISRAEL + INFLATION + HEALTHCARE + PROJECT2025 + AUTHORITARIAN + RACE",6,0.36051709265449,0.271286919536512,"ISRAEL -0.409; INFLATION -0.094; HEALTHCARE 0.351; PROJECT2025 0.098; AUTHORITARIAN 0.374; RACE 0.053",NA
"micro_direct_1079","micro_direct_subsets","ISRAEL + HEALTHCARE + TAX + FELON + GENDER",5,0.345451467756862,0.271070952729232,"ISRAEL -0.27; HEALTHCARE 0.245; TAX -0.065; FELON -0.348; GENDER -0.014",NA
"micro_direct_1964","micro_direct_subsets","ISRAEL + FENTANYL + HEALTHCARE + AUTHORITARIAN + GENDER + RACE",6,0.360313750592247,0.271055204163258,"ISRAEL -0.414; FENTANYL -0.125; HEALTHCARE 0.381; AUTHORITARIAN 0.375; GENDER -0.058; RACE 0.017",NA
"micro_direct_930","micro_direct_subsets","ISRAEL + BORDER + INFLATION + HEALTHCARE + TAX",5,0.345217777905372,0.2708107072128,"ISRAEL -0.296; BORDER 0.343; INFLATION -0.068; HEALTHCARE 0.218; TAX 0.026",NA
"micro_direct_1727","micro_direct_subsets","ISRAEL + CHINA + INFLATION + HEALTHCARE + AUTHORITARIAN + RACE",6,0.359926541768416,0.270613966201218,"ISRAEL -0.401; CHINA 0.102; INFLATION -0.078; HEALTHCARE 0.301; AUTHORITARIAN 0.345; RACE 0.047",NA
"micro_direct_961","micro_direct_subsets","ISRAEL + BORDER + HEALTHCARE + PROJECT2025 + GENDER",5,0.34501326954053,0.270582959261045,"ISRAEL -0.313; BORDER 0.341; HEALTHCARE 0.202; PROJECT2025 0.061; GENDER 0.049",NA
"micro_direct_1408","micro_direct_subsets","BORDER + INFLATION + FELON + GENDER + RACE",5,0.34494091386853,0.27050238135359,"BORDER 0.416; INFLATION -0.076; FELON -0.405; GENDER -0.064; RACE -0.159",NA
"micro_direct_1092","micro_direct_subsets","ISRAEL + HEALTHCARE + FELON + GENDER + RACE",5,0.344550132116039,0.270067192583771,"ISRAEL -0.275; HEALTHCARE 0.247; FELON -0.35; GENDER -0.078; RACE -0.06",NA
"micro_direct_1336","micro_direct_subsets","BORDER + FENTANYL + INFLATION + FELON + RACE",5,0.344527719725703,0.270042233330896,"BORDER 0.412; FENTANYL -0.049; INFLATION -0.083; FELON -0.402; RACE -0.133",NA
"micro_direct_295","micro_direct_subsets","ISRAEL + CHINA + BORDER + RACE",4,0.329442336869129,0.269837211257496,"ISRAEL -0.37; CHINA 0.115; BORDER 0.371; RACE -0.125",NA
"micro_direct_797","micro_direct_subsets","ISRAEL + CHINA + BORDER + HEALTHCARE + TAX",5,0.344152059257817,0.269623884173478,"ISRAEL -0.31; CHINA 0.065; BORDER 0.322; HEALTHCARE 0.191; TAX 0.02",NA
"micro_direct_801","micro_direct_subsets","ISRAEL + CHINA + BORDER + HEALTHCARE + GENDER",5,0.344145958716602,0.269617090388943,"ISRAEL -0.309; CHINA 0.059; BORDER 0.323; HEALTHCARE 0.188; GENDER 0.021",NA
"micro_direct_67","micro_direct_subsets","ISRAEL + CHINA + BORDER",3,0.314294031066345,0.269574076570672,"ISRAEL -0.368; CHINA 0.117; BORDER 0.348",NA
"micro_direct_613","micro_direct_subsets","BORDER + INFLATION + FELON + GENDER",4,0.32897900976839,0.269332699525581,"BORDER 0.388; INFLATION -0.065; FELON -0.388; GENDER 0.029",NA
"micro_direct_1361","micro_direct_subsets","BORDER + FENTANYL + TAX + FELON + RACE",5,0.343499590596141,0.268897271345703,"BORDER 0.406; FENTANYL -0.044; TAX -0.082; FELON -0.41; RACE -0.152",NA
"micro_direct_606","micro_direct_subsets","BORDER + INFLATION + TAX + FELON",4,0.328540730443929,0.268855462038945,"BORDER 0.386; INFLATION -0.061; TAX -0.02; FELON -0.397",NA
"micro_direct_952","micro_direct_subsets","ISRAEL + BORDER + HEALTHCARE + TAX + PROJECT2025",5,0.343440188567708,0.268831119086766,"ISRAEL -0.309; BORDER 0.341; HEALTHCARE 0.214; TAX 0.023; PROJECT2025 0.053",NA
"micro_direct_574","micro_direct_subsets","BORDER + FENTANYL + INFLATION + FELON",4,0.328463517818753,0.268771386069309,"BORDER 0.388; FENTANYL -0.017; INFLATION -0.066; FELON -0.397",NA
"micro_direct_611","micro_direct_subsets","BORDER + INFLATION + FELON + PROJECT2025",4,0.328251762780521,0.268540808361012,"BORDER 0.387; INFLATION -0.064; FELON -0.395; PROJECT2025 0.009",NA
"micro_direct_612","micro_direct_subsets","BORDER + INFLATION + FELON + AUTHORITARIAN",4,0.328190451015226,0.268474046661024,"BORDER 0.388; INFLATION -0.064; FELON -0.392; AUTHORITARIAN 0.004",NA
"micro_direct_1407","micro_direct_subsets","BORDER + INFLATION + FELON + AUTHORITARIAN + RACE",5,0.342916548647911,0.268247974630628,"BORDER 0.409; INFLATION -0.074; FELON -0.406; AUTHORITARIAN -0.028; RACE -0.127",NA
"micro_direct_1816","micro_direct_subsets","ISRAEL + BORDER + FENTANYL + HEALTHCARE + PROJECT2025 + RACE",6,0.357817249227154,0.268210353770478,"ISRAEL -0.324; BORDER 0.357; FENTANYL -0.093; HEALTHCARE 0.223; PROJECT2025 0.036; RACE -0.107",NA
"micro_direct_1405","micro_direct_subsets","BORDER + INFLATION + FELON + PROJECT2025 + RACE",5,0.342833641465869,0.268155646177899,"BORDER 0.409; INFLATION -0.076; FELON -0.395; PROJECT2025 0.022; RACE -0.124",NA
"micro_direct_1438","micro_direct_subsets","BORDER + TAX + FELON + GENDER + RACE",5,0.342614349147701,0.267911434278121,"BORDER 0.408; TAX -0.065; FELON -0.407; GENDER -0.04; RACE -0.159",NA
"micro_direct_1980","micro_direct_subsets","ISRAEL + INFLATION + HEALTHCARE + TAX + FELON + PROJECT2025",6,0.357246769069012,0.267560271729805,"ISRAEL -0.28; INFLATION -0.068; HEALTHCARE 0.257; TAX -0.051; FELON -0.353; PROJECT2025 0.092",NA
"micro_direct_1574","micro_direct_subsets","ISRAEL + CHINA + BORDER + FENTANYL + INFLATION + HEALTHCARE",6,0.35718429323005,0.267489078331918,"ISRAEL -0.315; CHINA 0.075; BORDER 0.307; FENTANYL -0.112; INFLATION -0.075; HEALTHCARE 0.242",NA
"micro_direct_1809","micro_direct_subsets","ISRAEL + BORDER + FENTANYL + HEALTHCARE + TAX + RACE",6,0.357155432513622,0.267456190538778,"ISRAEL -0.319; BORDER 0.357; FENTANYL -0.106; HEALTHCARE 0.226; TAX -0.024; RACE -0.114",NA
"micro_direct_1435","micro_direct_subsets","BORDER + TAX + FELON + PROJECT2025 + RACE",5,0.341916965942399,0.267134802981308,"BORDER 0.403; TAX -0.075; FELON -0.403; PROJECT2025 0.015; RACE -0.141",NA
"micro_direct_1819","micro_direct_subsets","ISRAEL + BORDER + FENTANYL + HEALTHCARE + GENDER + RACE",6,0.356676456385464,0.266910380532273,"ISRAEL -0.32; BORDER 0.358; FENTANYL -0.103; HEALTHCARE 0.223; GENDER 0; RACE -0.106",NA
"micro_direct_1437","micro_direct_subsets","BORDER + TAX + FELON + AUTHORITARIAN + RACE",5,0.3417095605312,0.266903828773382,"BORDER 0.403; TAX -0.075; FELON -0.403; AUTHORITARIAN -0.003; RACE -0.14",NA
"micro_direct_1634","micro_direct_subsets","ISRAEL + CHINA + BORDER + HEALTHCARE + PROJECT2025 + RACE",6,0.356632617680819,0.266860424799073,"ISRAEL -0.331; CHINA 0.087; BORDER 0.331; HEALTHCARE 0.174; PROJECT2025 0.076; RACE -0.099",NA
"micro_direct_2122","micro_direct_subsets","CHINA + BORDER + INFLATION + FELON + GENDER + RACE",6,0.356622984065483,0.266849446958341,"CHINA 0.127; BORDER 0.37; INFLATION -0.066; FELON -0.415; GENDER -0.118; RACE -0.187",NA
"micro_direct_954","micro_direct_subsets","ISRAEL + BORDER + HEALTHCARE + TAX + GENDER",5,0.341624039696961,0.266808589662525,"ISRAEL -0.303; BORDER 0.344; HEALTHCARE 0.2; TAX 0.003; GENDER 0.033",NA
"micro_direct_638","micro_direct_subsets","BORDER + TAX + FELON + GENDER",4,0.326641112619177,0.266786989296437,"BORDER 0.381; TAX -0.049; FELON -0.39; GENDER 0.047",NA
"micro_direct_84","micro_direct_subsets","ISRAEL + BORDER + GENDER",3,0.311553538117365,0.266654855820671,"ISRAEL -0.36; BORDER 0.394; GENDER 0.094",NA
"micro_direct_113","micro_direct_subsets","ISRAEL + FELON + AUTHORITARIAN",3,0.311452859257408,0.266547610948108,"ISRAEL -0.407; FELON -0.299; AUTHORITARIAN 0.168",NA
"micro_direct_1788","micro_direct_subsets","ISRAEL + BORDER + FENTANYL + INFLATION + HEALTHCARE + GENDER",6,0.356283228983191,0.266462284190148,"ISRAEL -0.31; BORDER 0.337; FENTANYL -0.117; INFLATION -0.085; HEALTHCARE 0.243; GENDER 0.062",NA
"micro_direct_1999","micro_direct_subsets","ISRAEL + INFLATION + HEALTHCARE + AUTHORITARIAN + GENDER + RACE",6,0.356172783452829,0.26633642765555,"ISRAEL -0.392; INFLATION -0.094; HEALTHCARE 0.365; AUTHORITARIAN 0.381; GENDER -0.088; RACE 0.018",NA
"micro_direct_1851","micro_direct_subsets","ISRAEL + BORDER + INFLATION + HEALTHCARE + PROJECT2025 + RACE",6,0.356118699100025,0.266274796648866,"ISRAEL -0.312; BORDER 0.36; INFLATION -0.072; HEALTHCARE 0.207; PROJECT2025 0.061; RACE -0.099",NA
"micro_direct_1992","micro_direct_subsets","ISRAEL + INFLATION + HEALTHCARE + FELON + PROJECT2025 + RACE",6,0.355910709481494,0.266037785223098,"ISRAEL -0.288; INFLATION -0.078; HEALTHCARE 0.248; FELON -0.348; PROJECT2025 0.101; RACE -0.034",NA
"micro_direct_1731","micro_direct_subsets","ISRAEL + CHINA + INFLATION + TAX + FELON + GENDER",6,0.355801777196542,0.265913653084431,"ISRAEL -0.35; CHINA 0.254; INFLATION -0.02; TAX -0.013; FELON -0.388; GENDER -0.043",NA
"micro_direct_2017","micro_direct_subsets","ISRAEL + HEALTHCARE + TAX + FELON + PROJECT2025 + RACE",6,0.355313346357126,0.265357069104632,"ISRAEL -0.288; HEALTHCARE 0.241; TAX -0.079; FELON -0.357; PROJECT2025 0.093; RACE -0.054",NA
"micro_direct_1607","micro_direct_subsets","ISRAEL + CHINA + BORDER + INFLATION + HEALTHCARE + RACE",6,0.355308242108932,0.26535125263576,"ISRAEL -0.311; CHINA 0.06; BORDER 0.343; INFLATION -0.064; HEALTHCARE 0.184; RACE -0.095",NA
"micro_direct_1991","micro_direct_subsets","ISRAEL + INFLATION + HEALTHCARE + FELON + PROJECT2025 + GENDER",6,0.355093920056586,0.265107025180761,"ISRAEL -0.283; INFLATION -0.075; HEALTHCARE 0.258; FELON -0.349; PROJECT2025 0.093; GENDER -0.02",NA
"micro_direct_637","micro_direct_subsets","BORDER + TAX + FELON + AUTHORITARIAN",4,0.325064764713734,0.265070521577177,"BORDER 0.383; TAX -0.034; FELON -0.39; AUTHORITARIAN 0.014",NA
"micro_direct_592","micro_direct_subsets","BORDER + FENTANYL + FELON + GENDER",4,0.325019303464287,0.265021019327779,"BORDER 0.386; FENTANYL -0.017; FELON -0.388; GENDER 0.031",NA
"micro_direct_585","micro_direct_subsets","BORDER + FENTANYL + TAX + FELON",4,0.325006643585832,0.265007234126795,"BORDER 0.383; FENTANYL -0.009; TAX -0.029; FELON -0.397",NA
"micro_direct_647","micro_direct_subsets","BORDER + FELON + PROJECT2025 + GENDER",4,0.324963850230677,0.264960636917848,"BORDER 0.386; FELON -0.387; PROJECT2025 0.014; GENDER 0.029",NA
"micro_direct_636","micro_direct_subsets","BORDER + TAX + FELON + PROJECT2025",4,0.32494938522934,0.264944886138615,"BORDER 0.383; TAX -0.028; FELON -0.396; PROJECT2025 0.004",NA
"micro_direct_1446","micro_direct_subsets","BORDER + FELON + AUTHORITARIAN + GENDER + RACE",5,0.339920959131403,0.264911977214517,"BORDER 0.412; FELON -0.415; AUTHORITARIAN -0.03; GENDER -0.062; RACE -0.156",NA
"micro_direct_1373","micro_direct_subsets","BORDER + FENTANYL + FELON + GENDER + RACE",5,0.339832945286939,0.264813961796819,"BORDER 0.413; FENTANYL -0.025; FELON -0.405; GENDER -0.057; RACE -0.153",NA
"micro_direct_649","micro_direct_subsets","BORDER + FELON + AUTHORITARIAN + GENDER",4,0.324800064146457,0.264782292070587,"BORDER 0.386; FELON -0.389; AUTHORITARIAN -0.006; GENDER 0.027",NA
"micro_direct_2160","micro_direct_subsets","CHINA + BORDER + FELON + AUTHORITARIAN + GENDER + RACE",6,0.354566092380316,0.264505547131058,"CHINA 0.144; BORDER 0.36; FELON -0.44; AUTHORITARIAN -0.057; GENDER -0.122; RACE -0.195",NA
"micro_direct_433","micro_direct_subsets","ISRAEL + TAX + FELON + AUTHORITARIAN",4,0.324375649095268,0.26432015123707,"ISRAEL -0.425; TAX -0.127; FELON -0.285; AUTHORITARIAN 0.235",NA
"micro_direct_1445","micro_direct_subsets","BORDER + FELON + PROJECT2025 + GENDER + RACE",5,0.339353102485115,0.264279591403878,"BORDER 0.412; FELON -0.402; PROJECT2025 0.009; GENDER -0.06; RACE -0.15",NA
"micro_direct_2087","micro_direct_subsets","CHINA + BORDER + FENTANYL + FELON + GENDER + RACE",6,0.354363219926464,0.264274366892947,"CHINA 0.144; BORDER 0.362; FENTANYL -0.049; FELON -0.42; GENDER -0.112; RACE -0.188",NA
"micro_direct_590","micro_direct_subsets","BORDER + FENTANYL + FELON + PROJECT2025",4,0.324218941110543,0.264149513653702,"BORDER 0.386; FENTANYL -0.006; FELON -0.393; PROJECT2025 0.006",NA
"micro_direct_591","micro_direct_subsets","BORDER + FENTANYL + FELON + AUTHORITARIAN",4,0.324193966308834,0.26412231886962,"BORDER 0.386; FENTANYL -0.008; FELON -0.393; AUTHORITARIAN -0.002",NA
"micro_direct_646","micro_direct_subsets","BORDER + FELON + PROJECT2025 + AUTHORITARIAN",4,0.324187911597253,0.264115725961453,"BORDER 0.386; FELON -0.393; PROJECT2025 0.007; AUTHORITARIAN -0.001",NA
"micro_direct_623","micro_direct_subsets","BORDER + HEALTHCARE + TAX + AUTHORITARIAN",4,0.324115444630755,0.264036817486822,"BORDER 0.308; HEALTHCARE 0.367; TAX -0.141; AUTHORITARIAN 0.289",NA
"micro_direct_2152","micro_direct_subsets","CHINA + BORDER + TAX + FELON + GENDER + RACE",6,0.35404884313641,0.263916123574049,"CHINA 0.127; BORDER 0.364; TAX -0.048; FELON -0.416; GENDER -0.1; RACE -0.187",NA
"micro_direct_2029","micro_direct_subsets","ISRAEL + HEALTHCARE + PROJECT2025 + AUTHORITARIAN + GENDER + RACE",6,0.354040997672451,0.263907183394189,"ISRAEL -0.412; HEALTHCARE 0.352; PROJECT2025 0.084; AUTHORITARIAN 0.376; GENDER -0.06; RACE 0.029",NA
"micro_direct_1372","micro_direct_subsets","BORDER + FENTANYL + FELON + AUTHORITARIAN + RACE",5,0.338960395404937,0.263842258519135,"BORDER 0.408; FENTANYL -0.04; FELON -0.415; AUTHORITARIAN -0.039; RACE -0.131",NA
"micro_direct_185","micro_direct_subsets","BORDER + HEALTHCARE + AUTHORITARIAN",3,0.308789946213335,0.263711029662031,"BORDER 0.327; HEALTHCARE 0.337; AUTHORITARIAN 0.224",NA
"micro_direct_1786","micro_direct_subsets","ISRAEL + BORDER + FENTANYL + INFLATION + HEALTHCARE + PROJECT2025",6,0.353708392881293,0.263528168632171,"ISRAEL -0.307; BORDER 0.332; FENTANYL -0.092; INFLATION -0.081; HEALTHCARE 0.259; PROJECT2025 0.028",NA
"micro_direct_1583","micro_direct_subsets","ISRAEL + CHINA + BORDER + FENTANYL + HEALTHCARE + PROJECT2025",6,0.353631847524279,0.263440942527666,"ISRAEL -0.327; CHINA 0.092; BORDER 0.302; FENTANYL -0.087; HEALTHCARE 0.222; PROJECT2025 0.045",NA
"micro_direct_2050","micro_direct_subsets","CHINA + BORDER + FENTANYL + INFLATION + FELON + RACE",6,0.353582084570918,0.263384235906395,"CHINA 0.107; BORDER 0.371; FENTANYL -0.073; INFLATION -0.079; FELON -0.406; RACE -0.136",NA
"micro_direct_2075","micro_direct_subsets","CHINA + BORDER + FENTANYL + TAX + FELON + RACE",6,0.3534731713834,0.263260125529921,"CHINA 0.112; BORDER 0.362; FENTANYL -0.071; TAX -0.083; FELON -0.416; RACE -0.156",NA
"micro_direct_1784","micro_direct_subsets","ISRAEL + BORDER + FENTANYL + INFLATION + HEALTHCARE + TAX",6,0.353469148058348,0.263255540810676,"ISRAEL -0.305; BORDER 0.336; FENTANYL -0.1; INFLATION -0.085; HEALTHCARE 0.255; TAX 0.022",NA
"micro_direct_7","micro_direct_subsets","ISRAEL + FELON",2,0.293321929840245,0.263250522599404,"ISRAEL -0.344; FELON -0.384",NA
"micro_direct_1585","micro_direct_subsets","ISRAEL + CHINA + BORDER + FENTANYL + HEALTHCARE + GENDER",6,0.353388088162474,0.263163170231656,"ISRAEL -0.324; CHINA 0.074; BORDER 0.312; FENTANYL -0.108; HEALTHCARE 0.213; GENDER 0.043",NA
"micro_direct_1370","micro_direct_subsets","BORDER + FENTANYL + FELON + PROJECT2025 + RACE",5,0.337997127912341,0.262769528811471,"BORDER 0.408; FENTANYL -0.031; FELON -0.396; PROJECT2025 0.011; RACE -0.122",NA
"micro_direct_1444","micro_direct_subsets","BORDER + FELON + PROJECT2025 + AUTHORITARIAN + RACE",5,0.337978214062486,0.262748465660496,"BORDER 0.406; FELON -0.408; PROJECT2025 0.022; AUTHORITARIAN -0.033; RACE -0.123",NA
"micro_direct_2159","micro_direct_subsets","CHINA + BORDER + FELON + PROJECT2025 + GENDER + RACE",6,0.353006054659023,0.262727829727724,"CHINA 0.139; BORDER 0.362; FELON -0.415; PROJECT2025 0.028; GENDER -0.114; RACE -0.182",NA
"micro_direct_1854","micro_direct_subsets","ISRAEL + BORDER + INFLATION + HEALTHCARE + GENDER + RACE",6,0.352966292541496,0.262682519407752,"ISRAEL -0.301; BORDER 0.363; INFLATION -0.071; HEALTHCARE 0.207; GENDER -0.024; RACE -0.107",NA
"micro_direct_1637","micro_direct_subsets","ISRAEL + CHINA + BORDER + HEALTHCARE + GENDER + RACE",6,0.352865027048652,0.262567123846139,"ISRAEL -0.317; CHINA 0.083; BORDER 0.337; HEALTHCARE 0.18; GENDER -0.05; RACE -0.119",NA
"micro_direct_2016","micro_direct_subsets","ISRAEL + HEALTHCARE + TAX + FELON + PROJECT2025 + GENDER",6,0.352792285808977,0.262484232666044,"ISRAEL -0.285; HEALTHCARE 0.246; TAX -0.063; FELON -0.352; PROJECT2025 0.09; GENDER 0.007",NA
"micro_direct_2110","micro_direct_subsets","CHINA + BORDER + INFLATION + TAX + FELON + RACE",6,0.35274872159428,0.262434589723714,"CHINA 0.089; BORDER 0.371; INFLATION -0.061; TAX -0.066; FELON -0.403; RACE -0.141",NA
"micro_direct_1844","micro_direct_subsets","ISRAEL + BORDER + INFLATION + HEALTHCARE + TAX + RACE",6,0.352600450644017,0.262265629803647,"ISRAEL -0.302; BORDER 0.362; INFLATION -0.07; HEALTHCARE 0.202; TAX -0.003; RACE -0.094",NA
"micro_direct_1581","micro_direct_subsets","ISRAEL + CHINA + BORDER + FENTANYL + HEALTHCARE + TAX",6,0.352109870869331,0.261706597037144,"ISRAEL -0.322; CHINA 0.084; BORDER 0.308; FENTANYL -0.098; HEALTHCARE 0.22; TAX 0.016",NA
"micro_direct_1114","micro_direct_subsets","CHINA + BORDER + FENTANYL + INFLATION + FELON",5,0.336783725990897,0.261418240308044,"CHINA 0.102; BORDER 0.347; FENTANYL -0.04; INFLATION -0.062; FELON -0.401",NA
"micro_direct_2027","micro_direct_subsets","ISRAEL + HEALTHCARE + FELON + PROJECT2025 + GENDER + RACE",6,0.351796985648439,0.261350053413337,"ISRAEL -0.29; HEALTHCARE 0.247; FELON -0.354; PROJECT2025 0.09; GENDER -0.055; RACE -0.057",NA
"micro_direct_1627","micro_direct_subsets","ISRAEL + CHINA + BORDER + HEALTHCARE + TAX + RACE",6,0.351489670998061,0.260999857648953,"ISRAEL -0.316; CHINA 0.068; BORDER 0.339; HEALTHCARE 0.173; TAX -0.008; RACE -0.094",NA
"micro_direct_1983","micro_direct_subsets","ISRAEL + INFLATION + HEALTHCARE + TAX + FELON + RACE",6,0.351396802945154,0.260894031263083,"ISRAEL -0.268; INFLATION -0.066; HEALTHCARE 0.244; TAX -0.078; FELON -0.351; RACE -0.049",NA
"micro_direct_1151","micro_direct_subsets","CHINA + BORDER + INFLATION + FELON + PROJECT2025",5,0.336144298741674,0.260706150871409,"CHINA 0.1; BORDER 0.347; INFLATION -0.057; FELON -0.397; PROJECT2025 0.029",NA
"micro_direct_1881","micro_direct_subsets","ISRAEL + BORDER + HEALTHCARE + TAX + PROJECT2025 + RACE",6,0.351079781413821,0.260532774169237,"ISRAEL -0.316; BORDER 0.359; HEALTHCARE 0.197; TAX -0.006; PROJECT2025 0.058; RACE -0.096",NA
"micro_direct_1893","micro_direct_subsets","ISRAEL + BORDER + HEALTHCARE + PROJECT2025 + GENDER + RACE",6,0.351070055850564,0.260521691550643,"ISRAEL -0.316; BORDER 0.36; HEALTHCARE 0.198; PROJECT2025 0.058; GENDER -0.006; RACE -0.097",NA
"micro_direct_1815","micro_direct_subsets","ISRAEL + BORDER + FENTANYL + HEALTHCARE + PROJECT2025 + GENDER",6,0.350992080762753,0.260432836218021,"ISRAEL -0.32; BORDER 0.338; FENTANYL -0.088; HEALTHCARE 0.224; PROJECT2025 0.042; GENDER 0.065",NA
"micro_direct_2086","micro_direct_subsets","CHINA + BORDER + FENTANYL + FELON + AUTHORITARIAN + RACE",6,0.350935478155843,0.260368335572937,"CHINA 0.126; BORDER 0.359; FENTANYL -0.074; FELON -0.436; AUTHORITARIAN -0.07; RACE -0.143",NA
"micro_direct_1604","micro_direct_subsets","ISRAEL + CHINA + BORDER + INFLATION + HEALTHCARE + PROJECT2025",6,0.350866845084315,0.260290125793754,"ISRAEL -0.314; CHINA 0.071; BORDER 0.313; INFLATION -0.058; HEALTHCARE 0.209; PROJECT2025 0.065",NA
"micro_direct_1146","micro_direct_subsets","CHINA + BORDER + INFLATION + TAX + FELON",5,0.335737841550726,0.260253505363308,"CHINA 0.093; BORDER 0.349; INFLATION -0.054; TAX -0.02; FELON -0.397",NA
"micro_direct_346","micro_direct_subsets","ISRAEL + BORDER + INFLATION + RACE",4,0.320608505610576,0.260218150553738,"ISRAEL -0.363; BORDER 0.419; INFLATION -0.047; RACE -0.132",NA
"micro_direct_603","micro_direct_subsets","BORDER + INFLATION + HEALTHCARE + AUTHORITARIAN",4,0.320483968496527,0.260082543473996,"BORDER 0.326; INFLATION -0.11; HEALTHCARE 0.352; AUTHORITARIAN 0.235",NA
"micro_direct_2119","micro_direct_subsets","CHINA + BORDER + INFLATION + FELON + PROJECT2025 + RACE",6,0.350676450521239,0.260073164547458,"CHINA 0.099; BORDER 0.369; INFLATION -0.069; FELON -0.398; PROJECT2025 0.042; RACE -0.124",NA
"micro_direct_2121","micro_direct_subsets","CHINA + BORDER + INFLATION + FELON + AUTHORITARIAN + RACE",6,0.350637532787807,0.260028816432618,"CHINA 0.098; BORDER 0.369; INFLATION -0.066; FELON -0.415; AUTHORITARIAN -0.048; RACE -0.129",NA
"micro_direct_1152","micro_direct_subsets","CHINA + BORDER + INFLATION + FELON + AUTHORITARIAN",5,0.335535798043904,0.260028502367075,"CHINA 0.095; BORDER 0.349; INFLATION -0.056; FELON -0.401; AUTHORITARIAN -0.015",NA
"micro_direct_1153","micro_direct_subsets","CHINA + BORDER + INFLATION + FELON + GENDER",5,0.335363648751317,0.259836790654875,"CHINA 0.092; BORDER 0.351; INFLATION -0.057; FELON -0.393; GENDER 0.002",NA
"micro_direct_80","micro_direct_subsets","ISRAEL + BORDER + TAX",3,0.30511612735968,0.259797613926616,"ISRAEL -0.364; BORDER 0.398; TAX 0.048",NA
"micro_direct_364","micro_direct_subsets","ISRAEL + BORDER + PROJECT2025 + RACE",4,0.320193685107166,0.259766457116692,"ISRAEL -0.373; BORDER 0.416; PROJECT2025 0.043; RACE -0.132",NA
"micro_direct_2149","micro_direct_subsets","CHINA + BORDER + TAX + FELON + PROJECT2025 + RACE",6,0.350394250106177,0.259751587330295,"CHINA 0.103; BORDER 0.362; TAX -0.072; FELON -0.405; PROJECT2025 0.036; RACE -0.14",NA
"micro_direct_339","micro_direct_subsets","ISRAEL + BORDER + FENTANYL + RACE",4,0.3201321986011,0.25969950514342,"ISRAEL -0.374; BORDER 0.419; FENTANYL -0.044; RACE -0.137",NA
"micro_direct_1995","micro_direct_subsets","ISRAEL + INFLATION + HEALTHCARE + FELON + GENDER + RACE",6,0.350262158273468,0.259601064079069,"ISRAEL -0.269; INFLATION -0.077; HEALTHCARE 0.258; FELON -0.352; GENDER -0.082; RACE -0.067",NA
"micro_direct_1808","micro_direct_subsets","ISRAEL + BORDER + FENTANYL + HEALTHCARE + TAX + GENDER",6,0.349637468715773,0.258889208536579,"ISRAEL -0.314; BORDER 0.337; FENTANYL -0.101; HEALTHCARE 0.226; TAX -0.015; GENDER 0.065",NA
"micro_direct_2151","micro_direct_subsets","CHINA + BORDER + TAX + FELON + AUTHORITARIAN + RACE",6,0.349614956133447,0.258863554663696,"CHINA 0.099; BORDER 0.364; TAX -0.066; FELON -0.413; AUTHORITARIAN -0.026; RACE -0.14",NA
"micro_direct_789","micro_direct_subsets","ISRAEL + CHINA + BORDER + FENTANYL + RACE",5,0.334479047559479,0.258851666600329,"ISRAEL -0.387; CHINA 0.135; BORDER 0.367; FENTANYL -0.077; RACE -0.142",NA
"micro_direct_1982","micro_direct_subsets","ISRAEL + INFLATION + HEALTHCARE + TAX + FELON + GENDER",6,0.34956910520726,0.258811305933854,"ISRAEL -0.265; INFLATION -0.066; HEALTHCARE 0.255; TAX -0.055; FELON -0.348; GENDER -0.018",NA
"micro_direct_78","micro_direct_subsets","ISRAEL + BORDER + INFLATION",3,0.304007645177921,0.258616839428655,"ISRAEL -0.361; BORDER 0.396; INFLATION -0.035",NA
"micro_direct_367","micro_direct_subsets","ISRAEL + BORDER + GENDER + RACE",4,0.319090861856484,0.258565605132617,"ISRAEL -0.364; BORDER 0.413; GENDER 0.032; RACE -0.108",NA
"micro_direct_814","micro_direct_subsets","ISRAEL + CHINA + BORDER + PROJECT2025 + RACE",5,0.334166404512967,0.258503495934895,"ISRAEL -0.384; CHINA 0.133; BORDER 0.363; PROJECT2025 0.072; RACE -0.133",NA
"micro_direct_1850","micro_direct_subsets","ISRAEL + BORDER + INFLATION + HEALTHCARE + PROJECT2025 + GENDER",6,0.349297991523137,0.258502362433342,"ISRAEL -0.308; BORDER 0.341; INFLATION -0.066; HEALTHCARE 0.212; PROJECT2025 0.063; GENDER 0.05",NA
"micro_direct_1125","micro_direct_subsets","CHINA + BORDER + FENTANYL + TAX + FELON",5,0.333905312607589,0.258212734494815,"CHINA 0.106; BORDER 0.342; FENTANYL -0.033; TAX -0.029; FELON -0.402",NA
"micro_direct_82","micro_direct_subsets","ISRAEL + BORDER + PROJECT2025",3,0.303564944144971,0.258145266589208,"ISRAEL -0.367; BORDER 0.394; PROJECT2025 0.028",NA
"micro_direct_2306","micro_direct_subsets","BORDER + FENTANYL + INFLATION + TAX + FELON + RACE",6,0.34898432990535,0.25814493407819,"BORDER 0.41; FENTANYL -0.057; INFLATION -0.076; TAX -0.073; FELON -0.414; RACE -0.159",NA
"micro_direct_2020","micro_direct_subsets","ISRAEL + HEALTHCARE + TAX + FELON + GENDER + RACE",6,0.348754272890434,0.257882776084449,"ISRAEL -0.272; HEALTHCARE 0.245; TAX -0.073; FELON -0.357; GENDER -0.053; RACE -0.071",NA
"micro_direct_1131","micro_direct_subsets","CHINA + BORDER + FENTANYL + FELON + AUTHORITARIAN",5,0.333595347457497,0.257867546032213,"CHINA 0.112; BORDER 0.341; FENTANYL -0.035; FELON -0.41; AUTHORITARIAN -0.026",NA
"micro_direct_357","micro_direct_subsets","ISRAEL + BORDER + TAX + RACE",4,0.318445277558338,0.257862635563523,"ISRAEL -0.365; BORDER 0.417; TAX 0.007; RACE -0.124",NA
"micro_direct_1633","micro_direct_subsets","ISRAEL + CHINA + BORDER + HEALTHCARE + PROJECT2025 + GENDER",6,0.348715390546164,0.257838468296791,"ISRAEL -0.323; CHINA 0.072; BORDER 0.316; HEALTHCARE 0.188; PROJECT2025 0.072; GENDER 0.036",NA
"micro_direct_1176","micro_direct_subsets","CHINA + BORDER + TAX + FELON + PROJECT2025",5,0.333552785456587,0.25782014744029,"CHINA 0.104; BORDER 0.342; TAX -0.025; FELON -0.398; PROJECT2025 0.026",NA
"micro_direct_294","micro_direct_subsets","ISRAEL + CHINA + BORDER + GENDER",4,0.318380042360131,0.257791601681032,"ISRAEL -0.365; CHINA 0.095; BORDER 0.356; GENDER 0.067",NA
"micro_direct_1130","micro_direct_subsets","CHINA + BORDER + FENTANYL + FELON + PROJECT2025",5,0.33350608178101,0.257768136528852,"CHINA 0.11; BORDER 0.342; FENTANYL -0.026; FELON -0.399; PROJECT2025 0.022",NA
"micro_direct_1186","micro_direct_subsets","CHINA + BORDER + FELON + PROJECT2025 + AUTHORITARIAN",5,0.333359199724081,0.25760456332909,"CHINA 0.109; BORDER 0.341; FELON -0.406; PROJECT2025 0.03; AUTHORITARIAN -0.024",NA
"micro_direct_442","micro_direct_subsets","ISRAEL + FELON + PROJECT2025 + AUTHORITARIAN",4,0.31816942556828,0.257562263396571,"ISRAEL -0.423; FELON -0.304; PROJECT2025 0.084; AUTHORITARIAN 0.172",NA
"micro_direct_1380","micro_direct_subsets","BORDER + INFLATION + HEALTHCARE + TAX + AUTHORITARIAN",5,0.333308221110887,0.25754779169167,"BORDER 0.309; INFLATION -0.098; HEALTHCARE 0.378; TAX -0.13; AUTHORITARIAN 0.293",NA
"micro_direct_2158","micro_direct_subsets","CHINA + BORDER + FELON + PROJECT2025 + AUTHORITARIAN + RACE",6,0.348460174613847,0.257547640839034,"CHINA 0.117; BORDER 0.358; FELON -0.423; PROJECT2025 0.047; AUTHORITARIAN -0.059; RACE -0.129",NA
"micro_direct_1624","micro_direct_subsets","ISRAEL + CHINA + BORDER + HEALTHCARE + TAX + PROJECT2025",6,0.348448599335499,0.257534450405568,"ISRAEL -0.323; CHINA 0.082; BORDER 0.313; HEALTHCARE 0.192; TAX 0.029; PROJECT2025 0.069",NA
"micro_direct_77","micro_direct_subsets","ISRAEL + BORDER + FENTANYL",3,0.302932061228736,0.257471108700175,"ISRAEL -0.365; BORDER 0.395; FENTANYL -0.012",NA
"micro_direct_2084","micro_direct_subsets","CHINA + BORDER + FENTANYL + FELON + PROJECT2025 + RACE",6,0.348338389745933,0.257408862733738,"CHINA 0.116; BORDER 0.363; FENTANYL -0.053; FELON -0.403; PROJECT2025 0.029; RACE -0.127",NA
"micro_direct_1132","micro_direct_subsets","CHINA + BORDER + FENTANYL + FELON + GENDER",5,0.333099943475994,0.257315846143721,"CHINA 0.104; BORDER 0.345; FENTANYL -0.033; FELON -0.396; GENDER 0.005",NA
"micro_direct_1178","micro_direct_subsets","CHINA + BORDER + TAX + FELON + GENDER",5,0.333046444254257,0.257256267464968,"CHINA 0.093; BORDER 0.346; TAX -0.034; FELON -0.394; GENDER 0.013",NA
"micro_direct_1177","micro_direct_subsets","CHINA + BORDER + TAX + FELON + AUTHORITARIAN",5,0.332977816919242,0.257179841569156,"CHINA 0.099; BORDER 0.344; TAX -0.025; FELON -0.4; AUTHORITARIAN -0.009",NA
"micro_direct_1841","micro_direct_subsets","ISRAEL + BORDER + INFLATION + HEALTHCARE + TAX + PROJECT2025",6,0.348116413775117,0.257155913371645,"ISRAEL -0.305; BORDER 0.341; INFLATION -0.07; HEALTHCARE 0.224; TAX 0.032; PROJECT2025 0.055",NA
"micro_direct_1187","micro_direct_subsets","CHINA + BORDER + FELON + PROJECT2025 + GENDER",5,0.332950028567855,0.257148895450566,"CHINA 0.104; BORDER 0.344; FELON -0.394; PROJECT2025 0.029; GENDER 0.003",NA
"micro_direct_1884","micro_direct_subsets","ISRAEL + BORDER + HEALTHCARE + TAX + GENDER + RACE",6,0.348096866968027,0.2571336391031,"ISRAEL -0.307; BORDER 0.362; HEALTHCARE 0.196; TAX -0.006; GENDER -0.019; RACE -0.101",NA
"micro_direct_1806","micro_direct_subsets","ISRAEL + BORDER + FENTANYL + HEALTHCARE + TAX + PROJECT2025",6,0.347750895750426,0.256739392831881,"ISRAEL -0.314; BORDER 0.336; FENTANYL -0.074; HEALTHCARE 0.238; TAX 0.016; PROJECT2025 0.033",NA
"micro_direct_1602","micro_direct_subsets","ISRAEL + CHINA + BORDER + INFLATION + HEALTHCARE + TAX",6,0.347713809311182,0.256697131540649,"ISRAEL -0.304; CHINA 0.057; BORDER 0.325; INFLATION -0.061; HEALTHCARE 0.201; TAX 0.028",NA
"micro_direct_1189","micro_direct_subsets","CHINA + BORDER + FELON + AUTHORITARIAN + GENDER",5,0.332493987077587,0.256641031063677,"CHINA 0.102; BORDER 0.345; FELON -0.401; AUTHORITARIAN -0.021; GENDER -0.001",NA
"micro_direct_292","micro_direct_subsets","ISRAEL + CHINA + BORDER + PROJECT2025",4,0.317250193425691,0.256561321730197,"ISRAEL -0.379; CHINA 0.131; BORDER 0.341; PROJECT2025 0.057",NA
"micro_direct_1606","micro_direct_subsets","ISRAEL + CHINA + BORDER + INFLATION + HEALTHCARE + GENDER",6,0.347463790252943,0.25641222610219,"ISRAEL -0.303; CHINA 0.05; BORDER 0.326; INFLATION -0.059; HEALTHCARE 0.199; GENDER 0.024",NA
"micro_direct_2383","micro_direct_subsets","BORDER + INFLATION + TAX + FELON + GENDER + RACE",6,0.347264439364394,0.256185058810588,"BORDER 0.412; INFLATION -0.069; TAX -0.055; FELON -0.409; GENDER -0.044; RACE -0.165",NA
"micro_direct_290","micro_direct_subsets","ISRAEL + CHINA + BORDER + TAX",4,0.316727156541391,0.255991792678404,"ISRAEL -0.37; CHINA 0.118; BORDER 0.352; TAX 0.05",NA
"micro_direct_2380","micro_direct_subsets","BORDER + INFLATION + TAX + FELON + PROJECT2025 + RACE",6,0.346429637956181,0.25523377348495,"BORDER 0.407; INFLATION -0.068; TAX -0.065; FELON -0.405; PROJECT2025 0.017; RACE -0.145",NA
"micro_direct_287","micro_direct_subsets","ISRAEL + CHINA + BORDER + FENTANYL",4,0.31593399024405,0.255128122710188,"ISRAEL -0.377; CHINA 0.129; BORDER 0.344; FENTANYL -0.043",NA
"micro_direct_2318","micro_direct_subsets","BORDER + FENTANYL + INFLATION + FELON + GENDER + RACE",6,0.34630625856498,0.255093178364744,"BORDER 0.417; FENTANYL -0.04; INFLATION -0.082; FELON -0.41; GENDER -0.054; RACE -0.163",NA
"micro_direct_387","micro_direct_subsets","ISRAEL + FENTANYL + FELON + AUTHORITARIAN",4,0.31583308810067,0.255018251487396,"ISRAEL -0.42; FENTANYL -0.069; FELON -0.31; AUTHORITARIAN 0.167",NA
"micro_direct_2382","micro_direct_subsets","BORDER + INFLATION + TAX + FELON + AUTHORITARIAN + RACE",6,0.346136237648301,0.254899433599227,"BORDER 0.407; INFLATION -0.067; TAX -0.066; FELON -0.404; AUTHORITARIAN -0.002; RACE -0.144",NA
"micro_direct_796","micro_direct_subsets","ISRAEL + CHINA + BORDER + INFLATION + RACE",5,0.330902061834504,0.254868205224788,"ISRAEL -0.369; CHINA 0.111; BORDER 0.374; INFLATION -0.039; RACE -0.129",NA
"micro_direct_1843","micro_direct_subsets","ISRAEL + BORDER + INFLATION + HEALTHCARE + TAX + GENDER",6,0.345835231632014,0.254556426743457,"ISRAEL -0.298; BORDER 0.344; INFLATION -0.066; HEALTHCARE 0.21; TAX 0.014; GENDER 0.029",NA
"micro_direct_2317","micro_direct_subsets","BORDER + FENTANYL + INFLATION + FELON + AUTHORITARIAN + RACE",6,0.345473366466176,0.254144068763782,"BORDER 0.412; FENTANYL -0.054; INFLATION -0.082; FELON -0.419; AUTHORITARIAN -0.036; RACE -0.142",NA
"micro_direct_288","micro_direct_subsets","ISRAEL + CHINA + BORDER + INFLATION",4,0.314974341640673,0.254083172008733,"ISRAEL -0.367; CHINA 0.115; BORDER 0.35; INFLATION -0.026",NA
"micro_direct_2391","micro_direct_subsets","BORDER + INFLATION + FELON + AUTHORITARIAN + GENDER + RACE",6,0.345410516231945,0.254072448729426,"BORDER 0.415; INFLATION -0.075; FELON -0.416; AUTHORITARIAN -0.025; GENDER -0.063; RACE -0.163",NA
"micro_direct_1395","micro_direct_subsets","BORDER + INFLATION + TAX + FELON + GENDER",5,0.330161446969246,0.254043429579388,"BORDER 0.384; INFLATION -0.06; TAX -0.039; FELON -0.391; GENDER 0.045",NA
"micro_direct_2390","micro_direct_subsets","BORDER + INFLATION + FELON + PROJECT2025 + GENDER + RACE",6,0.345061078070767,0.25367425175506,"BORDER 0.415; INFLATION -0.076; FELON -0.405; PROJECT2025 0.011; GENDER -0.061; RACE -0.158",NA
"micro_direct_1880","micro_direct_subsets","ISRAEL + BORDER + HEALTHCARE + TAX + PROJECT2025 + GENDER",6,0.345028531811341,0.253637164157109,"ISRAEL -0.313; BORDER 0.342; HEALTHCARE 0.201; TAX 0.004; PROJECT2025 0.061; GENDER 0.047",NA
"micro_direct_1335","micro_direct_subsets","BORDER + FENTANYL + INFLATION + FELON + GENDER",5,0.329688989160092,0.253517283382829,"BORDER 0.388; FENTANYL -0.029; INFLATION -0.069; FELON -0.392; GENDER 0.037",NA
"micro_direct_363","micro_direct_subsets","ISRAEL + BORDER + PROJECT2025 + GENDER",4,0.314438602991444,0.253499812146239,"ISRAEL -0.37; BORDER 0.392; PROJECT2025 0.057; GENDER 0.108",NA
"micro_direct_112","micro_direct_subsets","ISRAEL + FELON + PROJECT2025",3,0.299142848102207,0.253434772978438,"ISRAEL -0.357; FELON -0.391; PROJECT2025 0.078",NA
"micro_direct_817","micro_direct_subsets","ISRAEL + CHINA + BORDER + GENDER + RACE",5,0.329598825192312,0.25341687350962,"ISRAEL -0.371; CHINA 0.12; BORDER 0.37; GENDER -0.016; RACE -0.135",NA
"micro_direct_807","micro_direct_subsets","ISRAEL + CHINA + BORDER + TAX + RACE",5,0.329518498706142,0.253327419013659,"ISRAEL -0.371; CHINA 0.115; BORDER 0.371; TAX 0.009; RACE -0.122",NA
"micro_direct_1345","micro_direct_subsets","BORDER + FENTANYL + HEALTHCARE + TAX + AUTHORITARIAN",5,0.329440975355749,0.253241086191629,"BORDER 0.301; FENTANYL -0.079; HEALTHCARE 0.398; TAX -0.15; AUTHORITARIAN 0.296",NA
"micro_direct_2315","micro_direct_subsets","BORDER + FENTANYL + INFLATION + FELON + PROJECT2025 + RACE",6,0.344606376749329,0.253156103737607,"BORDER 0.412; FENTANYL -0.046; INFLATION -0.083; FELON -0.402; PROJECT2025 0.009; RACE -0.134",NA
"micro_direct_1097","micro_direct_subsets","ISRAEL + TAX + FELON + PROJECT2025 + AUTHORITARIAN",5,0.329261915098092,0.253041678177421,"ISRAEL -0.437; TAX -0.119; FELON -0.291; PROJECT2025 0.072; AUTHORITARIAN 0.234",NA
"micro_direct_1404","micro_direct_subsets","BORDER + INFLATION + FELON + PROJECT2025 + GENDER",5,0.329231246603098,0.253007524626177,"BORDER 0.387; INFLATION -0.066; FELON -0.389; PROJECT2025 0.016; GENDER 0.033",NA
"micro_direct_1023","micro_direct_subsets","ISRAEL + FENTANYL + TAX + FELON + AUTHORITARIAN",5,0.329163859318581,0.252932479695692,"ISRAEL -0.438; FENTANYL -0.072; TAX -0.129; FELON -0.297; AUTHORITARIAN 0.235",NA
"micro_direct_1626","micro_direct_subsets","ISRAEL + CHINA + BORDER + HEALTHCARE + TAX + GENDER",6,0.344296422001014,0.252802899489528,"ISRAEL -0.31; CHINA 0.061; BORDER 0.324; HEALTHCARE 0.188; TAX 0.014; GENDER 0.015",NA
"micro_direct_408","micro_direct_subsets","ISRAEL + INFLATION + FELON + AUTHORITARIAN",4,0.3137948741427,0.252798862955384,"ISRAEL -0.407; INFLATION -0.049; FELON -0.299; AUTHORITARIAN 0.171",NA
"micro_direct_1406","micro_direct_subsets","BORDER + INFLATION + FELON + AUTHORITARIAN + GENDER",5,0.328980117547292,0.252727858177667,"BORDER 0.388; INFLATION -0.065; FELON -0.389; AUTHORITARIAN -0.001; GENDER 0.029",NA
"micro_direct_1328","micro_direct_subsets","BORDER + FENTANYL + INFLATION + TAX + FELON",5,0.328838857181775,0.252570545497886,"BORDER 0.386; FENTANYL -0.018; INFLATION -0.063; TAX -0.02; FELON -0.4",NA
"micro_direct_338","micro_direct_subsets","ISRAEL + BORDER + FENTANYL + GENDER",4,0.31349161784027,0.252468650537183,"ISRAEL -0.37; BORDER 0.394; FENTANYL -0.047; GENDER 0.108",NA
"micro_direct_1394","micro_direct_subsets","BORDER + INFLATION + TAX + FELON + AUTHORITARIAN",5,0.328690818537231,0.252405684280098,"BORDER 0.386; INFLATION -0.061; TAX -0.025; FELON -0.39; AUTHORITARIAN 0.015",NA
"micro_direct_2348","micro_direct_subsets","BORDER + FENTANYL + TAX + FELON + GENDER + RACE",6,0.343899271262568,0.252350332368972,"BORDER 0.408; FENTANYL -0.039; TAX -0.074; FELON -0.413; GENDER -0.027; RACE -0.164",NA
"micro_direct_1393","micro_direct_subsets","BORDER + INFLATION + TAX + FELON + PROJECT2025",5,0.32858409586673,0.252286834033404,"BORDER 0.385; INFLATION -0.061; TAX -0.019; FELON -0.397; PROJECT2025 0.007",NA
"micro_direct_89","micro_direct_subsets","ISRAEL + FENTANYL + FELON",3,0.297989329158955,0.252206024538887,"ISRAEL -0.358; FENTANYL -0.071; FELON -0.395",NA
"micro_direct_1333","micro_direct_subsets","BORDER + FENTANYL + INFLATION + FELON + PROJECT2025",5,0.328476844784102,0.252167395327751,"BORDER 0.388; FENTANYL -0.016; INFLATION -0.066; FELON -0.397; PROJECT2025 0.004",NA
"micro_direct_1334","micro_direct_subsets","BORDER + FENTANYL + INFLATION + FELON + AUTHORITARIAN",5,0.328467999321485,0.252157544698927,"BORDER 0.388; FENTANYL -0.017; INFLATION -0.066; FELON -0.396; AUTHORITARIAN 0.002",NA
"micro_direct_345","micro_direct_subsets","ISRAEL + BORDER + INFLATION + GENDER",4,0.313156857585543,0.252104133815369,"ISRAEL -0.359; BORDER 0.395; INFLATION -0.04; GENDER 0.096",NA
"micro_direct_2347","micro_direct_subsets","BORDER + FENTANYL + TAX + FELON + AUTHORITARIAN + RACE",6,0.343549127309898,0.251951331120582,"BORDER 0.406; FENTANYL -0.045; TAX -0.079; FELON -0.414; AUTHORITARIAN -0.009; RACE -0.153",NA
"micro_direct_1403","micro_direct_subsets","BORDER + INFLATION + FELON + PROJECT2025 + AUTHORITARIAN",5,0.328262286702221,0.251928455645656,"BORDER 0.387; INFLATION -0.064; FELON -0.393; PROJECT2025 0.009; AUTHORITARIAN 0.004",NA
"micro_direct_2345","micro_direct_subsets","BORDER + FENTANYL + TAX + FELON + PROJECT2025 + RACE",6,0.343503496675246,0.251899333420629,"BORDER 0.406; FENTANYL -0.044; TAX -0.081; FELON -0.41; PROJECT2025 0.002; RACE -0.152",NA
"micro_direct_2389","micro_direct_subsets","BORDER + INFLATION + FELON + PROJECT2025 + AUTHORITARIAN + RACE",6,0.343459857180813,0.251849604694415,"BORDER 0.409; INFLATION -0.075; FELON -0.409; PROJECT2025 0.024; AUTHORITARIAN -0.029; RACE -0.13",NA
"micro_direct_582","micro_direct_subsets","BORDER + FENTANYL + HEALTHCARE + AUTHORITARIAN",4,0.312364982903675,0.251241870272891,"BORDER 0.322; FENTANYL -0.064; HEALTHCARE 0.361; AUTHORITARIAN 0.227",NA
"micro_direct_633","micro_direct_subsets","BORDER + HEALTHCARE + AUTHORITARIAN + GENDER",4,0.312268851290925,0.251137193627897,"BORDER 0.322; HEALTHCARE 0.36; AUTHORITARIAN 0.242; GENDER -0.065",NA
"micro_direct_2410","micro_direct_subsets","BORDER + TAX + FELON + PROJECT2025 + GENDER + RACE",6,0.342686105650993,0.250967887834853,"BORDER 0.407; TAX -0.065; FELON -0.408; PROJECT2025 0.009; GENDER -0.037; RACE -0.159",NA
"micro_direct_1325","micro_direct_subsets","BORDER + FENTANYL + INFLATION + HEALTHCARE + AUTHORITARIAN",5,0.327379761001687,0.250945642933697,"BORDER 0.319; FENTANYL -0.091; INFLATION -0.127; HEALTHCARE 0.39; AUTHORITARIAN 0.241",NA
"micro_direct_2411","micro_direct_subsets","BORDER + TAX + FELON + AUTHORITARIAN + GENDER + RACE",6,0.342634779199426,0.250909399552834,"BORDER 0.408; TAX -0.063; FELON -0.41; AUTHORITARIAN -0.006; GENDER -0.04; RACE -0.16",NA
"micro_direct_1101","micro_direct_subsets","ISRAEL + TAX + FELON + AUTHORITARIAN + RACE",5,0.327314939891927,0.250873455788737,"ISRAEL -0.423; TAX -0.145; FELON -0.292; AUTHORITARIAN 0.226; RACE -0.058",NA
"micro_direct_1360","micro_direct_subsets","BORDER + FENTANYL + TAX + FELON + GENDER",5,0.327232612711735,0.25078177324716,"BORDER 0.381; FENTANYL -0.026; TAX -0.054; FELON -0.393; GENDER 0.057",NA
"micro_direct_446","micro_direct_subsets","ISRAEL + FELON + AUTHORITARIAN + RACE",4,0.31188510542633,0.250719337019782,"ISRAEL -0.405; FELON -0.302; AUTHORITARIAN 0.161; RACE -0.021",NA
"micro_direct_356","micro_direct_subsets","ISRAEL + BORDER + TAX + GENDER",4,0.311605350746072,0.250414715256834,"ISRAEL -0.361; BORDER 0.394; TAX 0.008; GENDER 0.09",NA
"micro_direct_1434","micro_direct_subsets","BORDER + TAX + FELON + PROJECT2025 + GENDER",5,0.326830509279284,0.250333976242839,"BORDER 0.381; TAX -0.049; FELON -0.391; PROJECT2025 0.014; GENDER 0.05",NA
"micro_direct_1436","micro_direct_subsets","BORDER + TAX + FELON + AUTHORITARIAN + GENDER",5,0.326788353245615,0.250287029750798,"BORDER 0.382; TAX -0.054; FELON -0.384; AUTHORITARIAN 0.015; GENDER 0.047",NA
"micro_direct_445","micro_direct_subsets","ISRAEL + FELON + AUTHORITARIAN + GENDER",4,0.311453397960349,0.250249255556824,"ISRAEL -0.407; FELON -0.299; AUTHORITARIAN 0.168; GENDER -0.001",NA
"micro_direct_115","micro_direct_subsets","ISRAEL + FELON + RACE",3,0.296133861944937,0.25022954859352,"ISRAEL -0.346; FELON -0.384; RACE -0.053",NA
"micro_direct_1100","micro_direct_subsets","ISRAEL + TAX + FELON + AUTHORITARIAN + GENDER",5,0.326666070818887,0.25015085159376,"ISRAEL -0.424; TAX -0.15; FELON -0.278; AUTHORITARIAN 0.235; GENDER 0.054",NA
"micro_direct_2290","micro_direct_subsets","BORDER + FENTANYL + INFLATION + HEALTHCARE + TAX + AUTHORITARIAN",6,0.341955816786821,0.250135698198935,"BORDER 0.3; FENTANYL -0.102; INFLATION -0.116; HEALTHCARE 0.422; TAX -0.139; AUTHORITARIAN 0.304",NA
"micro_direct_2409","micro_direct_subsets","BORDER + TAX + FELON + PROJECT2025 + AUTHORITARIAN + RACE",6,0.341929262670947,0.250105438857591,"BORDER 0.403; TAX -0.073; FELON -0.405; PROJECT2025 0.015; AUTHORITARIAN -0.004; RACE -0.141",NA
"micro_direct_1163","micro_direct_subsets","CHINA + BORDER + HEALTHCARE + TAX + AUTHORITARIAN",5,0.326493875965432,0.249959089143322,"CHINA -0.057; BORDER 0.326; HEALTHCARE 0.383; TAX -0.15; AUTHORITARIAN 0.303",NA
"micro_direct_107","micro_direct_subsets","ISRAEL + TAX + FELON",3,0.29537957690626,0.24942607105232,"ISRAEL -0.342; TAX -0.046; FELON -0.391",NA
"micro_direct_96","micro_direct_subsets","ISRAEL + INFLATION + FELON",3,0.294971325972175,0.248991195057317,"ISRAEL -0.343; INFLATION -0.041; FELON -0.386",NA
"micro_direct_1058","micro_direct_subsets","ISRAEL + INFLATION + TAX + FELON + AUTHORITARIAN",5,0.325518823026978,0.248873234734589,"ISRAEL -0.424; INFLATION -0.034; TAX -0.122; FELON -0.286; AUTHORITARIAN 0.235",NA
"micro_direct_1421","micro_direct_subsets","BORDER + HEALTHCARE + TAX + AUTHORITARIAN + RACE",5,0.325488259634731,0.248839198229586,"BORDER 0.317; HEALTHCARE 0.359; TAX -0.152; AUTHORITARIAN 0.284; RACE -0.041",NA
"micro_direct_2356","micro_direct_subsets","BORDER + FENTANYL + FELON + AUTHORITARIAN + GENDER + RACE",6,0.340711458048763,0.248717708009055,"BORDER 0.413; FENTANYL -0.03; FELON -0.421; AUTHORITARIAN -0.035; GENDER -0.054; RACE -0.16",NA
"micro_direct_1359","micro_direct_subsets","BORDER + FENTANYL + TAX + FELON + AUTHORITARIAN",5,0.325125832194062,0.248435585852478,"BORDER 0.383; FENTANYL -0.008; TAX -0.034; FELON -0.392; AUTHORITARIAN 0.014",NA
"micro_direct_1369","micro_direct_subsets","BORDER + FENTANYL + FELON + PROJECT2025 + GENDER",5,0.325123178036554,0.248432630086163,"BORDER 0.386; FENTANYL -0.014; FELON -0.388; PROJECT2025 0.011; GENDER 0.032",NA
"micro_direct_1433","micro_direct_subsets","BORDER + TAX + FELON + PROJECT2025 + AUTHORITARIAN",5,0.325076664179581,0.248380830563624,"BORDER 0.383; TAX -0.033; FELON -0.39; PROJECT2025 0.004; AUTHORITARIAN 0.014",NA
"micro_direct_1371","micro_direct_subsets","BORDER + FENTANYL + FELON + AUTHORITARIAN + GENDER",5,0.325076490192849,0.248380636805673,"BORDER 0.386; FENTANYL -0.018; FELON -0.392; AUTHORITARIAN -0.009; GENDER 0.032",NA
"micro_direct_1358","micro_direct_subsets","BORDER + FENTANYL + TAX + FELON + PROJECT2025",5,0.325009938262324,0.24830652215577,"BORDER 0.383; FENTANYL -0.008; TAX -0.029; FELON -0.397; PROJECT2025 0.002",NA
"micro_direct_1443","micro_direct_subsets","BORDER + FELON + PROJECT2025 + AUTHORITARIAN + GENDER",5,0.325002687780589,0.248298447755656,"BORDER 0.385; FELON -0.39; PROJECT2025 0.015; AUTHORITARIAN -0.007; GENDER 0.03",NA
"micro_direct_470","micro_direct_subsets","CHINA + BORDER + HEALTHCARE + AUTHORITARIAN",4,0.309600894726166,0.248232085368492,"CHINA -0.033; BORDER 0.338; HEALTHCARE 0.345; AUTHORITARIAN 0.23",NA
"micro_direct_2413","micro_direct_subsets","BORDER + FELON + PROJECT2025 + AUTHORITARIAN + GENDER + RACE",6,0.34003454913113,0.24794634668431,"BORDER 0.411; FELON -0.416; PROJECT2025 0.011; AUTHORITARIAN -0.03; GENDER -0.059; RACE -0.156",NA
"micro_direct_114","micro_direct_subsets","ISRAEL + FELON + GENDER",3,0.293878723875766,0.247827336302447,"ISRAEL -0.344; FELON -0.379; GENDER 0.024",NA
"micro_direct_2355","micro_direct_subsets","BORDER + FENTANYL + FELON + PROJECT2025 + GENDER + RACE",6,0.339841343361206,0.247726181969746,"BORDER 0.413; FENTANYL -0.024; FELON -0.405; PROJECT2025 0.003; GENDER -0.056; RACE -0.153",NA
"micro_direct_630","micro_direct_subsets","BORDER + HEALTHCARE + PROJECT2025 + AUTHORITARIAN",4,0.30912020254311,0.247708664991387,"BORDER 0.326; HEALTHCARE 0.34; PROJECT2025 0.018; AUTHORITARIAN 0.225",NA
"micro_direct_1420","micro_direct_subsets","BORDER + HEALTHCARE + TAX + AUTHORITARIAN + GENDER",5,0.324420251354472,0.247649825372026,"BORDER 0.308; HEALTHCARE 0.372; TAX -0.134; AUTHORITARIAN 0.291; GENDER -0.02",NA
"micro_direct_1368","micro_direct_subsets","BORDER + FENTANYL + FELON + PROJECT2025 + AUTHORITARIAN",5,0.324221718864517,0.247428732371848,"BORDER 0.386; FENTANYL -0.006; FELON -0.394; PROJECT2025 0.006; AUTHORITARIAN -0.002",NA
"micro_direct_634","micro_direct_subsets","BORDER + HEALTHCARE + AUTHORITARIAN + RACE",4,0.30883311527895,0.247396058859301,"BORDER 0.329; HEALTHCARE 0.335; AUTHORITARIAN 0.223; RACE -0.007",NA
"micro_direct_1417","micro_direct_subsets","BORDER + HEALTHCARE + TAX + PROJECT2025 + AUTHORITARIAN",5,0.324166527604443,0.247367269377676,"BORDER 0.308; HEALTHCARE 0.368; TAX -0.141; PROJECT2025 0.007; AUTHORITARIAN 0.289",NA
"micro_direct_1390","micro_direct_subsets","BORDER + INFLATION + HEALTHCARE + AUTHORITARIAN + GENDER",5,0.324149752995409,0.247348588563069,"BORDER 0.321; INFLATION -0.11; HEALTHCARE 0.377; AUTHORITARIAN 0.254; GENDER -0.067",NA
"micro_direct_74","micro_direct_subsets","ISRAEL + CHINA + AUTHORITARIAN",3,0.29299967234307,0.246890955321965,"ISRAEL -0.487; CHINA 0.214; AUTHORITARIAN 0.302",NA
"micro_direct_2354","micro_direct_subsets","BORDER + FENTANYL + FELON + PROJECT2025 + AUTHORITARIAN + RACE",6,0.339082629956917,0.246861601578813,"BORDER 0.408; FENTANYL -0.037; FELON -0.416; PROJECT2025 0.012; AUTHORITARIAN -0.039; RACE -0.132",NA
"micro_direct_496","micro_direct_subsets","CHINA + FENTANYL + HEALTHCARE + FELON",4,0.308253967781796,0.246765431584623,"CHINA 0.169; FENTANYL -0.141; HEALTHCARE 0.307; FELON -0.37",NA
"micro_direct_813","micro_direct_subsets","ISRAEL + CHINA + BORDER + PROJECT2025 + GENDER",5,0.323083135403754,0.246160764426908,"ISRAEL -0.379; CHINA 0.108; BORDER 0.349; PROJECT2025 0.073; GENDER 0.082",NA
"micro_direct_908","micro_direct_subsets","ISRAEL + BORDER + FENTANYL + INFLATION + RACE",5,0.323065920996456,0.246141593836963,"ISRAEL -0.374; BORDER 0.422; FENTANYL -0.053; INFLATION -0.055; RACE -0.144",NA
"micro_direct_947","micro_direct_subsets","ISRAEL + BORDER + INFLATION + PROJECT2025 + RACE",5,0.322486788060753,0.245496650340384,"ISRAEL -0.371; BORDER 0.419; INFLATION -0.048; PROJECT2025 0.044; RACE -0.137",NA
"micro_direct_1143","micro_direct_subsets","CHINA + BORDER + INFLATION + HEALTHCARE + AUTHORITARIAN",5,0.322420174754776,0.245422467340546,"CHINA -0.051; BORDER 0.343; INFLATION -0.116; HEALTHCARE 0.366; AUTHORITARIAN 0.245",NA
"micro_direct_341","micro_direct_subsets","ISRAEL + BORDER + INFLATION + TAX",4,0.306938385178543,0.245332908305525,"ISRAEL -0.363; BORDER 0.4; INFLATION -0.043; TAX 0.055",NA
"micro_direct_147","micro_direct_subsets","CHINA + HEALTHCARE + FELON",3,0.291443329115633,0.245233111449261,"CHINA 0.15; HEALTHCARE 0.267; FELON -0.355",NA
"micro_direct_1598","micro_direct_subsets","ISRAEL + CHINA + BORDER + FENTANYL + PROJECT2025 + RACE",6,0.337399392291062,0.244943493540978,"ISRAEL -0.396; CHINA 0.146; BORDER 0.361; FENTANYL -0.063; PROJECT2025 0.058; RACE -0.146",NA
"micro_direct_788","micro_direct_subsets","ISRAEL + CHINA + BORDER + FENTANYL + GENDER",5,0.321889085463447,0.244831026993384,"ISRAEL -0.379; CHINA 0.107; BORDER 0.352; FENTANYL -0.065; GENDER 0.084",NA
"micro_direct_2042","micro_direct_subsets","CHINA + BORDER + FENTANYL + INFLATION + TAX + FELON",6,0.337191738256534,0.244706864524887,"CHINA 0.103; BORDER 0.345; FENTANYL -0.04; INFLATION -0.059; TAX -0.021; FELON -0.404",NA
"micro_direct_2047","micro_direct_subsets","CHINA + BORDER + FENTANYL + INFLATION + FELON + PROJECT2025",6,0.337132367052066,0.244639208966308,"CHINA 0.106; BORDER 0.345; FENTANYL -0.034; INFLATION -0.061; FELON -0.402; PROJECT2025 0.02",NA
"micro_direct_2048","micro_direct_subsets","CHINA + BORDER + FENTANYL + INFLATION + FELON + AUTHORITARIAN",6,0.3371270851367,0.244633190039496,"CHINA 0.107; BORDER 0.344; FENTANYL -0.043; INFLATION -0.06; FELON -0.412; AUTHORITARIAN -0.022",NA
"micro_direct_354","micro_direct_subsets","ISRAEL + BORDER + TAX + PROJECT2025",4,0.306295574689185,0.244632959106001,"ISRAEL -0.37; BORDER 0.398; TAX 0.053; PROJECT2025 0.035",NA
"micro_direct_2094","micro_direct_subsets","CHINA + BORDER + INFLATION + HEALTHCARE + TAX + AUTHORITARIAN",6,0.337063548816757,0.244560788186538,"CHINA -0.072; BORDER 0.331; INFLATION -0.106; HEALTHCARE 0.4; TAX -0.14; AUTHORITARIAN 0.312",NA
"micro_direct_984","micro_direct_subsets","ISRAEL + BORDER + PROJECT2025 + GENDER + RACE",5,0.321590530654184,0.244498545501251,"ISRAEL -0.373; BORDER 0.411; PROJECT2025 0.053; GENDER 0.047; RACE -0.105",NA
"micro_direct_929","micro_direct_subsets","ISRAEL + BORDER + FENTANYL + GENDER + RACE",5,0.32150942924466,0.244408228022462,"ISRAEL -0.374; BORDER 0.415; FENTANYL -0.053; GENDER 0.047; RACE -0.112",NA
"micro_direct_2049","micro_direct_subsets","CHINA + BORDER + FENTANYL + INFLATION + FELON + GENDER",6,0.336910791526007,0.244386715924984,"CHINA 0.099; BORDER 0.349; FENTANYL -0.043; INFLATION -0.063; FELON -0.399; GENDER 0.013",NA
"micro_direct_1580","micro_direct_subsets","ISRAEL + CHINA + BORDER + FENTANYL + INFLATION + RACE",6,0.336833630873664,0.244298788669989,"ISRAEL -0.387; CHINA 0.133; BORDER 0.371; FENTANYL -0.084; INFLATION -0.049; RACE -0.149",NA
"micro_direct_319","micro_direct_subsets","ISRAEL + CHINA + TAX + AUTHORITARIAN",4,0.30596192840197,0.244269655371034,"ISRAEL -0.501; CHINA 0.2; TAX -0.128; AUTHORITARIAN 0.364",NA
"micro_direct_950","micro_direct_subsets","ISRAEL + BORDER + INFLATION + GENDER + RACE",5,0.321299872599223,0.244174858121862,"ISRAEL -0.362; BORDER 0.415; INFLATION -0.047; GENDER 0.032; RACE -0.113",NA
"micro_direct_926","micro_direct_subsets","ISRAEL + BORDER + FENTANYL + PROJECT2025 + RACE",5,0.321171837098399,0.244032273132308,"ISRAEL -0.378; BORDER 0.418; FENTANYL -0.034; PROJECT2025 0.034; RACE -0.139",NA
"micro_direct_1387","micro_direct_subsets","BORDER + INFLATION + HEALTHCARE + PROJECT2025 + AUTHORITARIAN",5,0.320991087175222,0.243830983445134,"BORDER 0.325; INFLATION -0.11; HEALTHCARE 0.356; PROJECT2025 0.023; AUTHORITARIAN 0.236",NA
"micro_direct_2107","micro_direct_subsets","CHINA + BORDER + INFLATION + TAX + FELON + PROJECT2025",6,0.336415208848711,0.243821982176438,"CHINA 0.099; BORDER 0.346; INFLATION -0.054; TAX -0.017; FELON -0.399; PROJECT2025 0.027",NA
"micro_direct_2117","micro_direct_subsets","CHINA + BORDER + INFLATION + FELON + PROJECT2025 + AUTHORITARIAN",6,0.336385463071621,0.243788085825801,"CHINA 0.103; BORDER 0.345; INFLATION -0.055; FELON -0.406; PROJECT2025 0.03; AUTHORITARIAN -0.018",NA
"micro_direct_940","micro_direct_subsets","ISRAEL + BORDER + INFLATION + TAX + RACE",5,0.320778341812844,0.243594062473394,"ISRAEL -0.364; BORDER 0.419; INFLATION -0.049; TAX 0.014; RACE -0.127",NA
"micro_direct_2118","micro_direct_subsets","CHINA + BORDER + INFLATION + FELON + PROJECT2025 + GENDER",6,0.336192514194728,0.243568213849806,"CHINA 0.097; BORDER 0.348; INFLATION -0.057; FELON -0.396; PROJECT2025 0.03; GENDER 0.008",NA
"micro_direct_334","micro_direct_subsets","ISRAEL + BORDER + FENTANYL + TAX",4,0.305256425360211,0.243501440947785,"ISRAEL -0.366; BORDER 0.399; FENTANYL -0.012; TAX 0.048",NA
"micro_direct_1067","micro_direct_subsets","ISRAEL + INFLATION + FELON + PROJECT2025 + AUTHORITARIAN",5,0.320646938466314,0.243447726928395,"ISRAEL -0.422; INFLATION -0.05; FELON -0.305; PROJECT2025 0.085; AUTHORITARIAN 0.176",NA
"micro_direct_1391","micro_direct_subsets","BORDER + INFLATION + HEALTHCARE + AUTHORITARIAN + RACE",5,0.320630665396621,0.243429604646237,"BORDER 0.329; INFLATION -0.11; HEALTHCARE 0.35; AUTHORITARIAN 0.232; RACE -0.013",NA
"micro_direct_804","micro_direct_subsets","ISRAEL + CHINA + BORDER + TAX + PROJECT2025",5,0.320516997238242,0.243303019651678,"ISRAEL -0.382; CHINA 0.134; BORDER 0.344; TAX 0.058; PROJECT2025 0.065",NA
"micro_direct_326","micro_direct_subsets","ISRAEL + CHINA + PROJECT2025 + AUTHORITARIAN",4,0.304994249923323,0.243215961027618,"ISRAEL -0.51; CHINA 0.236; PROJECT2025 0.114; AUTHORITARIAN 0.309",NA
"micro_direct_2109","micro_direct_subsets","CHINA + BORDER + INFLATION + TAX + FELON + GENDER",6,0.335871325837747,0.243202208512781,"CHINA 0.088; BORDER 0.35; INFLATION -0.054; TAX -0.026; FELON -0.395; GENDER 0.014",NA
"micro_direct_2108","micro_direct_subsets","CHINA + BORDER + INFLATION + TAX + FELON + AUTHORITARIAN",6,0.335771130033212,0.243088031898311,"CHINA 0.094; BORDER 0.348; INFLATION -0.054; TAX -0.017; FELON -0.4; AUTHORITARIAN -0.007",NA
"micro_direct_972","micro_direct_subsets","ISRAEL + BORDER + TAX + PROJECT2025 + RACE",5,0.320316780611477,0.243080051135509,"ISRAEL -0.373; BORDER 0.417; TAX 0.012; PROJECT2025 0.044; RACE -0.128",NA
"micro_direct_343","micro_direct_subsets","ISRAEL + BORDER + INFLATION + PROJECT2025",4,0.304801648688396,0.24300623968292,"ISRAEL -0.366; BORDER 0.395; INFLATION -0.035; PROJECT2025 0.029",NA
"micro_direct_1032","micro_direct_subsets","ISRAEL + FENTANYL + FELON + PROJECT2025 + AUTHORITARIAN",5,0.320199668127553,0.242949630414775,"ISRAEL -0.429; FENTANYL -0.049; FELON -0.312; PROJECT2025 0.07; AUTHORITARIAN 0.171",NA
"micro_direct_1619","micro_direct_subsets","ISRAEL + CHINA + BORDER + INFLATION + PROJECT2025 + RACE",6,0.335627182880587,0.242923999096483,"ISRAEL -0.383; CHINA 0.129; BORDER 0.366; INFLATION -0.039; PROJECT2025 0.072; RACE -0.137",NA
"micro_direct_919","micro_direct_subsets","ISRAEL + BORDER + FENTANYL + TAX + RACE",5,0.320143586360604,0.242887175719763,"ISRAEL -0.374; BORDER 0.419; FENTANYL -0.043; TAX 0.004; RACE -0.136",NA
"micro_direct_2120","micro_direct_subsets","CHINA + BORDER + INFLATION + FELON + AUTHORITARIAN + GENDER",6,0.335545292492973,0.242830682143155,"CHINA 0.094; BORDER 0.349; INFLATION -0.056; FELON -0.4; AUTHORITARIAN -0.016; GENDER 0.003",NA
"micro_direct_332","micro_direct_subsets","ISRAEL + BORDER + FENTANYL + INFLATION",4,0.304283883184457,0.242442450578631,"ISRAEL -0.364; BORDER 0.396; FENTANYL -0.017; INFLATION -0.037",NA
"micro_direct_1968","micro_direct_subsets","ISRAEL + FENTANYL + TAX + FELON + AUTHORITARIAN + GENDER",6,0.334960000478594,0.242163721475607,"ISRAEL -0.441; FENTANYL -0.1; TAX -0.169; FELON -0.29; AUTHORITARIAN 0.235; GENDER 0.091",NA
"micro_direct_2366","micro_direct_subsets","BORDER + INFLATION + HEALTHCARE + TAX + AUTHORITARIAN + RACE",6,0.334884658419729,0.24207786657132,"BORDER 0.318; INFLATION -0.099; HEALTHCARE 0.37; TAX -0.141; AUTHORITARIAN 0.288; RACE -0.044",NA
"micro_direct_795","micro_direct_subsets","ISRAEL + CHINA + BORDER + INFLATION + GENDER",5,0.319375478236343,0.242031782581382,"ISRAEL -0.364; CHINA 0.091; BORDER 0.359; INFLATION -0.032; GENDER 0.07",NA
"micro_direct_998","micro_direct_subsets","ISRAEL + FENTANYL + INFLATION + FELON + AUTHORITARIAN",5,0.319198759924795,0.241834982643521,"ISRAEL -0.42; FENTANYL -0.077; INFLATION -0.059; FELON -0.312; AUTHORITARIAN 0.171",NA
"micro_direct_1969","micro_direct_subsets","ISRAEL + FENTANYL + TAX + FELON + AUTHORITARIAN + RACE",6,0.334662030835517,0.241824174673031,"ISRAEL -0.438; FENTANYL -0.092; TAX -0.155; FELON -0.31; AUTHORITARIAN 0.222; RACE -0.082",NA
"micro_direct_975","micro_direct_subsets","ISRAEL + BORDER + TAX + GENDER + RACE",5,0.319094240000089,0.241718585454645,"ISRAEL -0.364; BORDER 0.413; TAX -0.002; GENDER 0.033; RACE -0.108",NA
"micro_direct_1108","micro_direct_subsets","ISRAEL + FELON + PROJECT2025 + AUTHORITARIAN + RACE",5,0.31907322328586,0.241695180477435,"ISRAEL -0.421; FELON -0.309; PROJECT2025 0.087; AUTHORITARIAN 0.163; RACE -0.031",NA
"micro_direct_336","micro_direct_subsets","ISRAEL + BORDER + FENTANYL + PROJECT2025",4,0.30358154408028,0.24167768133186,"ISRAEL -0.368; BORDER 0.394; FENTANYL -0.004; PROJECT2025 0.027",NA
"micro_direct_1591","micro_direct_subsets","ISRAEL + CHINA + BORDER + FENTANYL + TAX + RACE",6,0.33448645576568,0.24162410075624,"ISRAEL -0.387; CHINA 0.135; BORDER 0.367; FENTANYL -0.077; TAX 0.003; RACE -0.141",NA
"micro_direct_1601","micro_direct_subsets","ISRAEL + CHINA + BORDER + FENTANYL + GENDER + RACE",6,0.334481048581347,0.24161793908107,"ISRAEL -0.387; CHINA 0.136; BORDER 0.367; FENTANYL -0.077; GENDER -0.002; RACE -0.143",NA
"micro_direct_1644","micro_direct_subsets","ISRAEL + CHINA + BORDER + TAX + PROJECT2025 + RACE",6,0.334419455140432,0.241547751206539,"ISRAEL -0.385; CHINA 0.133; BORDER 0.363; TAX 0.017; PROJECT2025 0.074; RACE -0.127",NA
"micro_direct_2074","micro_direct_subsets","CHINA + BORDER + FENTANYL + TAX + FELON + GENDER",6,0.334333580189379,0.241449893704176,"CHINA 0.099; BORDER 0.344; FENTANYL -0.039; TAX -0.041; FELON -0.4; GENDER 0.026",NA
"micro_direct_806","micro_direct_subsets","ISRAEL + CHINA + BORDER + TAX + GENDER",5,0.318851716063294,0.241448501979577,"ISRAEL -0.367; CHINA 0.099; BORDER 0.357; TAX 0.025; GENDER 0.055",NA
"micro_direct_1197","micro_direct_subsets","CHINA + FENTANYL + INFLATION + HEALTHCARE + FELON",5,0.318752809700877,0.241338356257795,"CHINA 0.16; FENTANYL -0.161; INFLATION -0.106; HEALTHCARE 0.33; FELON -0.373",NA
"micro_direct_2072","micro_direct_subsets","CHINA + BORDER + FENTANYL + TAX + FELON + PROJECT2025",6,0.334203771761499,0.241301972472406,"CHINA 0.109; BORDER 0.34; FENTANYL -0.028; TAX -0.027; FELON -0.403; PROJECT2025 0.019",NA
"micro_direct_1656","micro_direct_subsets","ISRAEL + CHINA + BORDER + PROJECT2025 + GENDER + RACE",6,0.334167517290658,0.241260659238191,"ISRAEL -0.384; CHINA 0.133; BORDER 0.363; PROJECT2025 0.072; GENDER -0.001; RACE -0.134",NA
"micro_direct_2082","micro_direct_subsets","CHINA + BORDER + FENTANYL + FELON + PROJECT2025 + AUTHORITARIAN",6,0.33406561559167,0.241144538697485,"CHINA 0.116; BORDER 0.338; FENTANYL -0.029; FELON -0.412; PROJECT2025 0.023; AUTHORITARIAN -0.028",NA
"micro_direct_2073","micro_direct_subsets","CHINA + BORDER + FENTANYL + TAX + FELON + AUTHORITARIAN",6,0.334045414778401,0.241121519166085,"CHINA 0.109; BORDER 0.34; FENTANYL -0.035; TAX -0.024; FELON -0.409; AUTHORITARIAN -0.015",NA
"micro_direct_1107","micro_direct_subsets","ISRAEL + FELON + PROJECT2025 + AUTHORITARIAN + GENDER",5,0.318550704182225,0.241113284202932,"ISRAEL -0.422; FELON -0.303; PROJECT2025 0.089; AUTHORITARIAN 0.168; GENDER 0.021",NA
"micro_direct_444","micro_direct_subsets","ISRAEL + FELON + PROJECT2025 + RACE",4,0.303040402537407,0.241088438318509,"ISRAEL -0.361; FELON -0.392; PROJECT2025 0.085; RACE -0.063",NA
"micro_direct_389","micro_direct_subsets","ISRAEL + FENTANYL + FELON + RACE",4,0.302917088164742,0.240954162668274,"ISRAEL -0.363; FENTANYL -0.087; FELON -0.398; RACE -0.072",NA
"micro_direct_784","micro_direct_subsets","ISRAEL + CHINA + BORDER + FENTANYL + TAX",5,0.318365998253151,0.240907588963736,"ISRAEL -0.379; CHINA 0.129; BORDER 0.348; FENTANYL -0.043; TAX 0.05",NA
"micro_direct_2365","micro_direct_subsets","BORDER + INFLATION + HEALTHCARE + TAX + AUTHORITARIAN + GENDER",6,0.333819563374286,0.240864153612558,"BORDER 0.308; INFLATION -0.099; HEALTHCARE 0.386; TAX -0.12; AUTHORITARIAN 0.296; GENDER -0.027",NA
"micro_direct_2148","micro_direct_subsets","CHINA + BORDER + TAX + FELON + PROJECT2025 + GENDER",6,0.333778717570142,0.240817608393883,"CHINA 0.098; BORDER 0.343; TAX -0.033; FELON -0.396; PROJECT2025 0.028; GENDER 0.018",NA
"micro_direct_2147","micro_direct_subsets","CHINA + BORDER + TAX + FELON + PROJECT2025 + AUTHORITARIAN",6,0.333670277786907,0.240694037478103,"CHINA 0.107; BORDER 0.34; TAX -0.02; FELON -0.404; PROJECT2025 0.028; AUTHORITARIAN -0.014",NA
"micro_direct_2085","micro_direct_subsets","CHINA + BORDER + FENTANYL + FELON + AUTHORITARIAN + GENDER",6,0.333661365957287,0.240683882137374,"CHINA 0.109; BORDER 0.342; FENTANYL -0.037; FELON -0.409; AUTHORITARIAN -0.028; GENDER 0.009",NA
"micro_direct_2083","micro_direct_subsets","CHINA + BORDER + FENTANYL + FELON + PROJECT2025 + GENDER",6,0.333559651912975,0.240567975435716,"CHINA 0.108; BORDER 0.343; FENTANYL -0.027; FELON -0.397; PROJECT2025 0.023; GENDER 0.008",NA
"micro_direct_786","micro_direct_subsets","ISRAEL + CHINA + BORDER + FENTANYL + PROJECT2025",5,0.318034519762451,0.240538442462729,"ISRAEL -0.384; CHINA 0.138; BORDER 0.339; FENTANYL -0.031; PROJECT2025 0.049",NA
"micro_direct_2362","micro_direct_subsets","BORDER + INFLATION + HEALTHCARE + TAX + PROJECT2025 + AUTHORITARIAN",6,0.333450478442531,0.240443568457768,"BORDER 0.308; INFLATION -0.098; HEALTHCARE 0.38; TAX -0.129; PROJECT2025 0.012; AUTHORITARIAN 0.293",NA
"micro_direct_2030","micro_direct_subsets","ISRAEL + TAX + FELON + PROJECT2025 + AUTHORITARIAN + GENDER",6,0.333415591670898,0.240403813764512,"ISRAEL -0.438; TAX -0.149; FELON -0.283; PROJECT2025 0.087; AUTHORITARIAN 0.234; GENDER 0.074",NA
"micro_direct_793","micro_direct_subsets","ISRAEL + CHINA + BORDER + INFLATION + PROJECT2025",5,0.317900357076428,0.240389034016931,"ISRAEL -0.378; CHINA 0.129; BORDER 0.342; INFLATION -0.026; PROJECT2025 0.057",NA
"micro_direct_2157","micro_direct_subsets","CHINA + BORDER + FELON + PROJECT2025 + AUTHORITARIAN + GENDER",6,0.333386853724843,0.240371065872496,"CHINA 0.108; BORDER 0.341; FELON -0.405; PROJECT2025 0.032; AUTHORITARIAN -0.024; GENDER 0.006",NA
"micro_direct_791","micro_direct_subsets","ISRAEL + CHINA + BORDER + INFLATION + TAX",5,0.317876404130604,0.240362359145445,"ISRAEL -0.368; CHINA 0.114; BORDER 0.354; INFLATION -0.034; TAX 0.055",NA
"micro_direct_47","micro_direct_subsets","HEALTHCARE + FELON",2,0.271208568827882,0.240196167501409,"HEALTHCARE 0.317; FELON -0.347",NA
"micro_direct_2150","micro_direct_subsets","CHINA + BORDER + TAX + FELON + AUTHORITARIAN + GENDER",6,0.333085695898486,0.240027886023856,"CHINA 0.095; BORDER 0.345; TAX -0.03; FELON -0.398; AUTHORITARIAN -0.008; GENDER 0.013",NA
"micro_direct_2031","micro_direct_subsets","ISRAEL + TAX + FELON + PROJECT2025 + AUTHORITARIAN + RACE",6,0.33290164615454,0.23981815492029,"ISRAEL -0.435; TAX -0.138; FELON -0.299; PROJECT2025 0.077; AUTHORITARIAN 0.224; RACE -0.065",NA
"micro_direct_1036","micro_direct_subsets","ISRAEL + FENTANYL + FELON + AUTHORITARIAN + RACE",5,0.317237175231925,0.23965049059919,"ISRAEL -0.418; FENTANYL -0.078; FELON -0.318; AUTHORITARIAN 0.154; RACE -0.04",NA
"micro_direct_386","micro_direct_subsets","ISRAEL + FENTANYL + FELON + PROJECT2025",4,0.301543017264402,0.239457952132349,"ISRAEL -0.365; FENTANYL -0.053; FELON -0.398; PROJECT2025 0.063",NA
"micro_direct_782","micro_direct_subsets","ISRAEL + CHINA + BORDER + FENTANYL + INFLATION",5,0.316882965339048,0.239256029582122,"ISRAEL -0.377; CHINA 0.127; BORDER 0.346; FENTANYL -0.046; INFLATION -0.031",NA
"micro_direct_443","micro_direct_subsets","ISRAEL + FELON + PROJECT2025 + GENDER",4,0.301034243543931,0.238903954081169,"ISRAEL -0.359; FELON -0.383; PROJECT2025 0.089; GENDER 0.046",NA
"micro_direct_2331","micro_direct_subsets","BORDER + FENTANYL + HEALTHCARE + TAX + AUTHORITARIAN + RACE",6,0.332086069926762,0.238888777358404,"BORDER 0.312; FENTANYL -0.089; HEALTHCARE 0.392; TAX -0.166; AUTHORITARIAN 0.291; RACE -0.058",NA
"micro_direct_407","micro_direct_subsets","ISRAEL + INFLATION + FELON + PROJECT2025",4,0.300882666540819,0.238738903566669,"ISRAEL -0.356; INFLATION -0.042; FELON -0.393; PROJECT2025 0.079",NA
"micro_direct_1965","micro_direct_subsets","ISRAEL + FENTANYL + TAX + FELON + PROJECT2025 + AUTHORITARIAN",6,0.331908021584052,0.238685885060896,"ISRAEL -0.445; FENTANYL -0.056; TAX -0.122; FELON -0.299; PROJECT2025 0.056; AUTHORITARIAN 0.234",NA
"micro_direct_435","micro_direct_subsets","ISRAEL + TAX + FELON + RACE",4,0.300742698646136,0.238586494081348,"ISRAEL -0.343; TAX -0.073; FELON -0.395; RACE -0.078",NA
"micro_direct_1217","micro_direct_subsets","CHINA + FENTANYL + HEALTHCARE + TAX + FELON",5,0.316254943603034,0.238556641739743,"CHINA 0.163; FENTANYL -0.147; HEALTHCARE 0.319; TAX -0.091; FELON -0.382",NA
"micro_direct_1035","micro_direct_subsets","ISRAEL + FENTANYL + FELON + AUTHORITARIAN + GENDER",5,0.316247544464328,0.23854840178982,"ISRAEL -0.419; FENTANYL -0.075; FELON -0.309; AUTHORITARIAN 0.162; GENDER 0.022",NA
"micro_direct_544","micro_direct_subsets","CHINA + HEALTHCARE + FELON + GENDER",4,0.300620707925586,0.238453659741194,"CHINA 0.173; HEALTHCARE 0.288; FELON -0.369; GENDER -0.104",NA
"micro_direct_946","micro_direct_subsets","ISRAEL + BORDER + INFLATION + PROJECT2025 + GENDER",5,0.316146362489246,0.238435721863024,"ISRAEL -0.369; BORDER 0.393; INFLATION -0.041; PROJECT2025 0.058; GENDER 0.11",NA
"micro_direct_370","micro_direct_subsets","ISRAEL + FENTANYL + INFLATION + FELON",4,0.300540080392265,0.238365865316022,"ISRAEL -0.357; FENTANYL -0.078; INFLATION -0.051; FELON -0.399",NA
"micro_direct_432","micro_direct_subsets","ISRAEL + TAX + FELON + PROJECT2025",4,0.30048943684255,0.238310720117443,"ISRAEL -0.355; TAX -0.037; FELON -0.397; PROJECT2025 0.073",NA
"micro_direct_381","micro_direct_subsets","ISRAEL + FENTANYL + TAX + FELON",4,0.300242945493665,0.238042318426435,"ISRAEL -0.355; FENTANYL -0.072; TAX -0.048; FELON -0.403",NA
"micro_direct_907","micro_direct_subsets","ISRAEL + BORDER + FENTANYL + INFLATION + GENDER",5,0.315738717683554,0.237981753783958,"ISRAEL -0.37; BORDER 0.396; FENTANYL -0.055; INFLATION -0.048; GENDER 0.113",NA
"micro_direct_2305","micro_direct_subsets","BORDER + FENTANYL + INFLATION + TAX + FELON + GENDER",6,0.331250536209727,0.237936657541317,"BORDER 0.384; FENTANYL -0.036; INFLATION -0.065; TAX -0.046; FELON -0.396; GENDER 0.059",NA
"micro_direct_388","micro_direct_subsets","ISRAEL + FENTANYL + FELON + GENDER",4,0.300095452168736,0.237881714583735,"ISRAEL -0.36; FENTANYL -0.085; FELON -0.388; GENDER 0.049",NA
"micro_direct_1612","micro_direct_subsets","ISRAEL + CHINA + BORDER + INFLATION + TAX + RACE",6,0.331088422153927,0.237751922919591,"ISRAEL -0.369; CHINA 0.111; BORDER 0.374; INFLATION -0.04; TAX 0.015; RACE -0.124",NA
"micro_direct_925","micro_direct_subsets","ISRAEL + BORDER + FENTANYL + PROJECT2025 + GENDER",5,0.3155055542003,0.237722094450334,"ISRAEL -0.376; BORDER 0.393; FENTANYL -0.036; PROJECT2025 0.048; GENDER 0.117",NA
"micro_direct_1926","micro_direct_subsets","ISRAEL + FENTANYL + INFLATION + TAX + FELON + AUTHORITARIAN",6,0.33105952998815,0.237718999288822,"ISRAEL -0.438; FENTANYL -0.078; INFLATION -0.044; TAX -0.123; FELON -0.299; AUTHORITARIAN 0.234",NA
"micro_direct_1622","micro_direct_subsets","ISRAEL + CHINA + BORDER + INFLATION + GENDER + RACE",6,0.331029528525849,0.237684811575967,"ISRAEL -0.37; CHINA 0.116; BORDER 0.374; INFLATION -0.038; GENDER -0.015; RACE -0.137",NA
"micro_direct_2059","micro_direct_subsets","CHINA + BORDER + FENTANYL + HEALTHCARE + TAX + AUTHORITARIAN",6,0.330930390408919,0.237571840233419,"CHINA -0.045; BORDER 0.316; FENTANYL -0.073; HEALTHCARE 0.409; TAX -0.156; AUTHORITARIAN 0.307",NA
"micro_direct_886","micro_direct_subsets","ISRAEL + CHINA + TAX + PROJECT2025 + AUTHORITARIAN",5,0.315102811141998,0.237273585135407,"ISRAEL -0.52; CHINA 0.221; TAX -0.114; PROJECT2025 0.1; AUTHORITARIAN 0.363",NA
"micro_direct_2000","micro_direct_subsets","ISRAEL + INFLATION + TAX + FELON + PROJECT2025 + AUTHORITARIAN",6,0.330560510111605,0.237150348731829,"ISRAEL -0.436; INFLATION -0.036; TAX -0.113; FELON -0.292; PROJECT2025 0.073; AUTHORITARIAN 0.234",NA
"micro_direct_301","micro_direct_subsets","ISRAEL + CHINA + FENTANYL + AUTHORITARIAN",4,0.299402400426485,0.237127058242173,"ISRAEL -0.506; CHINA 0.233; FENTANYL -0.084; AUTHORITARIAN 0.306",NA
"micro_direct_2379","micro_direct_subsets","BORDER + INFLATION + TAX + FELON + PROJECT2025 + GENDER",6,0.330407999771844,0.236976557879543,"BORDER 0.384; INFLATION -0.061; TAX -0.039; FELON -0.392; PROJECT2025 0.016; GENDER 0.049",NA
"micro_direct_2381","micro_direct_subsets","BORDER + INFLATION + TAX + FELON + AUTHORITARIAN + GENDER",6,0.330323883690133,0.236880704670152,"BORDER 0.384; INFLATION -0.06; TAX -0.045; FELON -0.384; AUTHORITARIAN 0.016; GENDER 0.046",NA
"micro_direct_1355","micro_direct_subsets","BORDER + FENTANYL + HEALTHCARE + AUTHORITARIAN + GENDER",5,0.314558177268236,0.236667061048717,"BORDER 0.319; FENTANYL -0.053; HEALTHCARE 0.376; AUTHORITARIAN 0.241; GENDER -0.053",NA
"micro_direct_971","micro_direct_subsets","ISRAEL + BORDER + TAX + PROJECT2025 + GENDER",5,0.314503412660283,0.236606073189861,"ISRAEL -0.371; BORDER 0.393; TAX 0.009; PROJECT2025 0.057; GENDER 0.104",NA
"micro_direct_1071","micro_direct_subsets","ISRAEL + INFLATION + FELON + AUTHORITARIAN + RACE",5,0.314399244969711,0.236490068261724,"ISRAEL -0.405; INFLATION -0.05; FELON -0.303; AUTHORITARIAN 0.164; RACE -0.025",NA
"micro_direct_211","micro_direct_subsets","FENTANYL + HEALTHCARE + FELON",3,0.283104076126874,0.236349994135148,"FENTANYL -0.117; HEALTHCARE 0.356; FELON -0.359",NA
"micro_direct_1647","micro_direct_subsets","ISRAEL + CHINA + BORDER + TAX + GENDER + RACE",6,0.329800147239095,0.236283888714317,"ISRAEL -0.372; CHINA 0.123; BORDER 0.371; TAX 0.016; GENDER -0.024; RACE -0.133",NA
"micro_direct_2314","micro_direct_subsets","BORDER + FENTANYL + INFLATION + FELON + PROJECT2025 + GENDER",6,0.329780398215761,0.236261384013309,"BORDER 0.388; FENTANYL -0.026; INFLATION -0.069; FELON -0.392; PROJECT2025 0.01; GENDER 0.039",NA
"micro_direct_1432","micro_direct_subsets","BORDER + HEALTHCARE + AUTHORITARIAN + GENDER + RACE",5,0.314169275503699,0.236233965901847,"BORDER 0.332; HEALTHCARE 0.358; AUTHORITARIAN 0.238; GENDER -0.094; RACE -0.054",NA
"micro_direct_2316","micro_direct_subsets","BORDER + FENTANYL + INFLATION + FELON + AUTHORITARIAN + GENDER",6,0.329712673460471,0.236184209292164,"BORDER 0.388; FENTANYL -0.029; INFLATION -0.069; FELON -0.394; AUTHORITARIAN -0.006; GENDER 0.038",NA
"micro_direct_2327","micro_direct_subsets","BORDER + FENTANYL + HEALTHCARE + TAX + PROJECT2025 + AUTHORITARIAN",6,0.329661036057553,0.236125366670235,"BORDER 0.302; FENTANYL -0.084; HEALTHCARE 0.398; TAX -0.152; PROJECT2025 -0.016; AUTHORITARIAN 0.297",NA
"micro_direct_2330","micro_direct_subsets","BORDER + FENTANYL + HEALTHCARE + TAX + AUTHORITARIAN + GENDER",6,0.329449098025218,0.235883855889202,"BORDER 0.301; FENTANYL -0.08; HEALTHCARE 0.398; TAX -0.151; AUTHORITARIAN 0.296; GENDER 0.003",NA
"micro_direct_410","micro_direct_subsets","ISRAEL + INFLATION + FELON + RACE",4,0.298202134354682,0.235820101852876,"ISRAEL -0.344; INFLATION -0.046; FELON -0.386; RACE -0.057",NA
"micro_direct_1070","micro_direct_subsets","ISRAEL + INFLATION + FELON + AUTHORITARIAN + GENDER",5,0.313795961913912,0.23581823031322,"ISRAEL -0.407; INFLATION -0.049; FELON -0.299; AUTHORITARIAN 0.171; GENDER 0.001",NA
"micro_direct_2388","micro_direct_subsets","BORDER + INFLATION + FELON + PROJECT2025 + AUTHORITARIAN + GENDER",6,0.329236404794927,0.235641484533755,"BORDER 0.387; INFLATION -0.065; FELON -0.39; PROJECT2025 0.017; AUTHORITARIAN -0.003; GENDER 0.033",NA
"micro_direct_2300","micro_direct_subsets","BORDER + FENTANYL + INFLATION + HEALTHCARE + AUTHORITARIAN + GENDER",6,0.329228210963221,0.235632147376694,"BORDER 0.316; FENTANYL -0.08; INFLATION -0.125; HEALTHCARE 0.403; AUTHORITARIAN 0.254; GENDER -0.049",NA
"micro_direct_537","micro_direct_subsets","CHINA + HEALTHCARE + TAX + FELON",4,0.298014290667959,0.235615560949555,"CHINA 0.144; HEALTHCARE 0.276; TAX -0.083; FELON -0.365",NA
"micro_direct_918","micro_direct_subsets","ISRAEL + BORDER + FENTANYL + TAX + GENDER",5,0.313491719245635,0.235479414614458,"ISRAEL -0.37; BORDER 0.394; FENTANYL -0.047; TAX 0; GENDER 0.109",NA
"micro_direct_542","micro_direct_subsets","CHINA + HEALTHCARE + FELON + PROJECT2025",4,0.297855537905519,0.235442696830454,"CHINA 0.164; HEALTHCARE 0.273; FELON -0.362; PROJECT2025 0.082",NA
"micro_direct_1224","micro_direct_subsets","CHINA + FENTANYL + HEALTHCARE + FELON + GENDER",5,0.313353588502001,0.23532558719541,"CHINA 0.184; FENTANYL -0.125; HEALTHCARE 0.319; FELON -0.379; GENDER -0.079",NA
"micro_direct_2304","micro_direct_subsets","BORDER + FENTANYL + INFLATION + TAX + FELON + AUTHORITARIAN",6,0.328956413403277,0.235322424575827,"BORDER 0.386; FENTANYL -0.017; INFLATION -0.063; TAX -0.025; FELON -0.394; AUTHORITARIAN 0.014",NA
"micro_direct_939","micro_direct_subsets","ISRAEL + BORDER + INFLATION + TAX + GENDER",5,0.313326167561484,0.235295050238925,"ISRAEL -0.36; BORDER 0.396; INFLATION -0.042; TAX 0.015; GENDER 0.089",NA
"micro_direct_434","micro_direct_subsets","ISRAEL + TAX + FELON + GENDER",4,0.297637864666238,0.235205674858793,"ISRAEL -0.34; TAX -0.069; FELON -0.384; GENDER 0.054",NA
"micro_direct_2303","micro_direct_subsets","BORDER + FENTANYL + INFLATION + TAX + FELON + PROJECT2025",6,0.328840708797457,0.235190575141288,"BORDER 0.386; FENTANYL -0.017; INFLATION -0.063; TAX -0.02; FELON -0.4; PROJECT2025 0.001",NA
"micro_direct_2378","micro_direct_subsets","BORDER + INFLATION + TAX + FELON + PROJECT2025 + AUTHORITARIAN",6,0.328721770131716,0.235055040382653,"BORDER 0.386; INFLATION -0.061; TAX -0.024; FELON -0.391; PROJECT2025 0.006; AUTHORITARIAN 0.015",NA
"micro_direct_2004","micro_direct_subsets","ISRAEL + INFLATION + TAX + FELON + AUTHORITARIAN + RACE",6,0.328622960653275,0.234942443535128,"ISRAEL -0.421; INFLATION -0.037; TAX -0.14; FELON -0.293; AUTHORITARIAN 0.226; RACE -0.06",NA
"micro_direct_517","micro_direct_subsets","CHINA + INFLATION + HEALTHCARE + FELON",4,0.297388447407027,0.23493408717654,"CHINA 0.141; INFLATION -0.078; HEALTHCARE 0.28; FELON -0.355",NA
"micro_direct_2313","micro_direct_subsets","BORDER + FENTANYL + INFLATION + FELON + PROJECT2025 + AUTHORITARIAN",6,0.328481187643008,0.234780888244358,"BORDER 0.388; FENTANYL -0.016; INFLATION -0.066; FELON -0.396; PROJECT2025 0.004; AUTHORITARIAN 0.002",NA
"micro_direct_2039","micro_direct_subsets","CHINA + BORDER + FENTANYL + INFLATION + HEALTHCARE + AUTHORITARIAN",6,0.328474988882207,0.234773824540189,"CHINA -0.039; BORDER 0.332; FENTANYL -0.086; INFLATION -0.131; HEALTHCARE 0.398; AUTHORITARIAN 0.248",NA
"micro_direct_1122","micro_direct_subsets","CHINA + BORDER + FENTANYL + HEALTHCARE + AUTHORITARIAN",5,0.312734518656677,0.234636168504026,"CHINA -0.022; BORDER 0.33; FENTANYL -0.061; HEALTHCARE 0.366; AUTHORITARIAN 0.231",NA
"micro_direct_1356","micro_direct_subsets","BORDER + FENTANYL + HEALTHCARE + AUTHORITARIAN + RACE",5,0.312620119874264,0.234508769859976,"BORDER 0.326; FENTANYL -0.067; HEALTHCARE 0.358; AUTHORITARIAN 0.223; RACE -0.017",NA
"micro_direct_833","micro_direct_subsets","ISRAEL + CHINA + FENTANYL + TAX + AUTHORITARIAN",5,0.312611464345589,0.234499130748497,"ISRAEL -0.52; CHINA 0.22; FENTANYL -0.086; TAX -0.129; AUTHORITARIAN 0.368",NA
"micro_direct_1173","micro_direct_subsets","CHINA + BORDER + HEALTHCARE + AUTHORITARIAN + GENDER",5,0.312556312965886,0.234437712166555,"CHINA -0.02; BORDER 0.329; HEALTHCARE 0.364; AUTHORITARIAN 0.245; GENDER -0.061",NA
"micro_direct_2301","micro_direct_subsets","BORDER + FENTANYL + INFLATION + HEALTHCARE + AUTHORITARIAN + RACE",6,0.32807807685138,0.234321529435293,"BORDER 0.326; FENTANYL -0.096; INFLATION -0.129; HEALTHCARE 0.385; AUTHORITARIAN 0.235; RACE -0.029",NA
"micro_direct_1352","micro_direct_subsets","BORDER + FENTANYL + HEALTHCARE + PROJECT2025 + AUTHORITARIAN",5,0.312367135978867,0.234227037794648,"BORDER 0.322; FENTANYL -0.064; HEALTHCARE 0.361; PROJECT2025 0.002; AUTHORITARIAN 0.227",NA
"micro_direct_1429","micro_direct_subsets","BORDER + HEALTHCARE + PROJECT2025 + AUTHORITARIAN + GENDER",5,0.312298583330008,0.234150695072054,"BORDER 0.321; HEALTHCARE 0.361; PROJECT2025 0.006; AUTHORITARIAN 0.242; GENDER -0.064",NA
"micro_direct_2033","micro_direct_subsets","ISRAEL + TAX + FELON + AUTHORITARIAN + GENDER + RACE",6,0.327867240071527,0.23408127356988,"ISRAEL -0.422; TAX -0.153; FELON -0.286; AUTHORITARIAN 0.229; GENDER 0.031; RACE -0.043",NA
"micro_direct_402","micro_direct_subsets","ISRAEL + INFLATION + TAX + FELON",4,0.296569747123968,0.234042613534988,"ISRAEL -0.341; INFLATION -0.035; TAX -0.041; FELON -0.392",NA
"micro_direct_657","micro_direct_subsets","FENTANYL + INFLATION + HEALTHCARE + FELON",4,0.296527601963755,0.233996722138311,"FENTANYL -0.142; INFLATION -0.119; HEALTHCARE 0.379; FELON -0.363",NA
"micro_direct_2003","micro_direct_subsets","ISRAEL + INFLATION + TAX + FELON + AUTHORITARIAN + GENDER",6,0.327757643239121,0.233956384156208,"ISRAEL -0.423; INFLATION -0.033; TAX -0.145; FELON -0.279; AUTHORITARIAN 0.235; GENDER 0.053",NA
"micro_direct_1110","micro_direct_subsets","ISRAEL + FELON + AUTHORITARIAN + GENDER + RACE",5,0.312107156070246,0.233937514714592,"ISRAEL -0.406; FELON -0.305; AUTHORITARIAN 0.162; GENDER -0.019; RACE -0.032",NA
"micro_direct_2135","micro_direct_subsets","CHINA + BORDER + HEALTHCARE + TAX + AUTHORITARIAN + RACE",6,0.327701144592981,0.233892001978048,"CHINA -0.055; BORDER 0.333; HEALTHCARE 0.375; TAX -0.16; AUTHORITARIAN 0.298; RACE -0.038",NA
"micro_direct_447","micro_direct_subsets","ISRAEL + FELON + GENDER + RACE",4,0.296207645489449,0.233648325088511,"ISRAEL -0.346; FELON -0.386; GENDER -0.011; RACE -0.059",NA
"micro_direct_2297","micro_direct_subsets","BORDER + FENTANYL + INFLATION + HEALTHCARE + PROJECT2025 + AUTHORITARIAN",6,0.327380129909165,0.233526194547653,"BORDER 0.319; FENTANYL -0.091; INFLATION -0.127; HEALTHCARE 0.39; PROJECT2025 -0.001; AUTHORITARIAN 0.241",NA
"micro_direct_2346","micro_direct_subsets","BORDER + FENTANYL + TAX + FELON + AUTHORITARIAN + GENDER",6,0.327334546399006,0.233474250547704,"BORDER 0.382; FENTANYL -0.025; TAX -0.058; FELON -0.388; AUTHORITARIAN 0.013; GENDER 0.056",NA
"micro_direct_2344","micro_direct_subsets","BORDER + FENTANYL + TAX + FELON + PROJECT2025 + GENDER",6,0.327293735758714,0.233427745399465,"BORDER 0.381; FENTANYL -0.024; TAX -0.053; FELON -0.394; PROJECT2025 0.008; GENDER 0.058",NA
"micro_direct_2402","micro_direct_subsets","BORDER + HEALTHCARE + TAX + AUTHORITARIAN + GENDER + RACE",6,0.327104585929489,0.233212202570813,"BORDER 0.319; HEALTHCARE 0.37; TAX -0.139; AUTHORITARIAN 0.287; GENDER -0.054; RACE -0.065",NA
"micro_direct_2408","micro_direct_subsets","BORDER + TAX + FELON + PROJECT2025 + AUTHORITARIAN + GENDER",6,0.326951689483867,0.23303797173743,"BORDER 0.381; TAX -0.054; FELON -0.385; PROJECT2025 0.013; AUTHORITARIAN 0.014; GENDER 0.05",NA
"micro_direct_409","micro_direct_subsets","ISRAEL + INFLATION + FELON + GENDER",4,0.295621942810188,0.233010559948872,"ISRAEL -0.343; INFLATION -0.042; FELON -0.381; GENDER 0.026",NA
"micro_direct_2377","micro_direct_subsets","BORDER + INFLATION + HEALTHCARE + AUTHORITARIAN + GENDER + RACE",6,0.326770266984036,0.23283123447018,"BORDER 0.333; INFLATION -0.114; HEALTHCARE 0.375; AUTHORITARIAN 0.249; GENDER -0.101; RACE -0.064",NA
"micro_direct_232","micro_direct_subsets","INFLATION + HEALTHCARE + FELON",3,0.27974906681794,0.232776179871284,"INFLATION -0.093; HEALTHCARE 0.329; FELON -0.348",NA
"micro_direct_252","micro_direct_subsets","HEALTHCARE + TAX + FELON",3,0.279634156030393,0.232653774901941,"HEALTHCARE 0.325; TAX -0.093; FELON -0.36",NA
"micro_direct_2134","micro_direct_subsets","CHINA + BORDER + HEALTHCARE + TAX + AUTHORITARIAN + GENDER",6,0.326511162012316,0.23253597531636,"CHINA -0.055; BORDER 0.325; HEALTHCARE 0.384; TAX -0.148; AUTHORITARIAN 0.303; GENDER -0.005",NA
"micro_direct_2131","micro_direct_subsets","CHINA + BORDER + HEALTHCARE + TAX + PROJECT2025 + AUTHORITARIAN",6,0.326501711387282,0.232525205999461,"CHINA -0.057; BORDER 0.326; HEALTHCARE 0.383; TAX -0.151; PROJECT2025 -0.003; AUTHORITARIAN 0.303",NA
"micro_direct_1222","micro_direct_subsets","CHINA + FENTANYL + HEALTHCARE + FELON + PROJECT2025",5,0.31052943542348,0.232180507630694,"CHINA 0.176; FENTANYL -0.127; HEALTHCARE 0.307; FELON -0.373; PROJECT2025 0.051",NA
"micro_direct_329","micro_direct_subsets","ISRAEL + CHINA + AUTHORITARIAN + GENDER",4,0.294495799833919,0.231784315374712,"ISRAEL -0.491; CHINA 0.224; AUTHORITARIAN 0.312; GENDER -0.041",NA
"micro_direct_2400","micro_direct_subsets","BORDER + HEALTHCARE + TAX + PROJECT2025 + AUTHORITARIAN + RACE",6,0.325570950552751,0.231464571560112,"BORDER 0.316; HEALTHCARE 0.36; TAX -0.151; PROJECT2025 0.009; AUTHORITARIAN 0.284; RACE -0.041",NA
"micro_direct_1225","micro_direct_subsets","CHINA + FENTANYL + HEALTHCARE + FELON + RACE",5,0.309797071572088,0.231364920614371,"CHINA 0.175; FENTANYL -0.149; HEALTHCARE 0.302; FELON -0.373; RACE -0.041",NA
"micro_direct_1170","micro_direct_subsets","CHINA + BORDER + HEALTHCARE + PROJECT2025 + AUTHORITARIAN",5,0.309773194273797,0.231338329986728,"CHINA -0.03; BORDER 0.336; HEALTHCARE 0.347; PROJECT2025 0.014; AUTHORITARIAN 0.23",NA
"micro_direct_1174","micro_direct_subsets","CHINA + BORDER + HEALTHCARE + AUTHORITARIAN + RACE",5,0.30961850108988,0.231166058031912,"CHINA -0.032; BORDER 0.339; HEALTHCARE 0.344; AUTHORITARIAN 0.229; RACE -0.004",NA
"micro_direct_308","micro_direct_subsets","ISRAEL + CHINA + INFLATION + AUTHORITARIAN",4,0.293917027572659,0.231154096690229,"ISRAEL -0.487; CHINA 0.212; INFLATION -0.03; AUTHORITARIAN 0.305",NA
"micro_direct_1597","micro_direct_subsets","ISRAEL + CHINA + BORDER + FENTANYL + PROJECT2025 + GENDER",6,0.325217997509142,0.231062369254603,"ISRAEL -0.388; CHINA 0.116; BORDER 0.347; FENTANYL -0.052; PROJECT2025 0.063; GENDER 0.093",NA
"micro_direct_2104","micro_direct_subsets","CHINA + BORDER + INFLATION + HEALTHCARE + AUTHORITARIAN + GENDER",6,0.325204962478128,0.231047515382053,"CHINA -0.038; BORDER 0.334; INFLATION -0.115; HEALTHCARE 0.385; AUTHORITARIAN 0.259; GENDER -0.059",NA
"micro_direct_2353","micro_direct_subsets","BORDER + FENTANYL + FELON + PROJECT2025 + AUTHORITARIAN + GENDER",6,0.325187230375073,0.23102730903206,"BORDER 0.386; FENTANYL -0.015; FELON -0.393; PROJECT2025 0.011; AUTHORITARIAN -0.009; GENDER 0.034",NA
"micro_direct_2343","micro_direct_subsets","BORDER + FENTANYL + TAX + FELON + PROJECT2025 + AUTHORITARIAN",6,0.325127117793721,0.230958808648658,"BORDER 0.383; FENTANYL -0.008; TAX -0.034; FELON -0.392; PROJECT2025 0.001; AUTHORITARIAN 0.014",NA
"micro_direct_748","micro_direct_subsets","HEALTHCARE + TAX + FELON + AUTHORITARIAN",4,0.293709327260261,0.230927934127839,"HEALTHCARE 0.369; TAX -0.154; FELON -0.286; AUTHORITARIAN 0.156",NA
"micro_direct_1430","micro_direct_subsets","BORDER + HEALTHCARE + PROJECT2025 + AUTHORITARIAN + RACE",5,0.309182516617338,0.230680529869308,"BORDER 0.328; HEALTHCARE 0.338; PROJECT2025 0.019; AUTHORITARIAN 0.223; RACE -0.008",NA
"micro_direct_2162","micro_direct_subsets","CHINA + FENTANYL + INFLATION + HEALTHCARE + TAX + FELON",6,0.324809497458265,0.230596869196627,"CHINA 0.155; FENTANYL -0.165; INFLATION -0.096; HEALTHCARE 0.339; TAX -0.08; FELON -0.384",NA
"micro_direct_1025","micro_direct_subsets","ISRAEL + FENTANYL + TAX + FELON + RACE",5,0.309032852505045,0.230513858471527,"ISRAEL -0.361; FENTANYL -0.097; TAX -0.085; FELON -0.413; RACE -0.103",NA
"micro_direct_1804","micro_direct_subsets","ISRAEL + BORDER + FENTANYL + INFLATION + GENDER + RACE",6,0.324597002410109,0.230354723676636,"ISRAEL -0.374; BORDER 0.418; FENTANYL -0.063; INFLATION -0.057; GENDER 0.049; RACE -0.118",NA
"micro_direct_677","micro_direct_subsets","FENTANYL + HEALTHCARE + TAX + FELON",4,0.293108753926761,0.230273976498029,"FENTANYL -0.125; HEALTHCARE 0.367; TAX -0.102; FELON -0.374",NA
"micro_direct_1223","micro_direct_subsets","CHINA + FENTANYL + HEALTHCARE + FELON + AUTHORITARIAN",5,0.308754284716627,0.230203635252607,"CHINA 0.163; FENTANYL -0.14; HEALTHCARE 0.316; FELON -0.355; AUTHORITARIAN 0.027",NA
"micro_direct_330","micro_direct_subsets","ISRAEL + CHINA + AUTHORITARIAN + RACE",4,0.293036699241533,0.230195516951892,"ISRAEL -0.487; CHINA 0.214; AUTHORITARIAN 0.301; RACE -0.006",NA
"micro_direct_2399","micro_direct_subsets","BORDER + HEALTHCARE + TAX + PROJECT2025 + AUTHORITARIAN + GENDER",6,0.324434154173235,0.230169152429966,"BORDER 0.307; HEALTHCARE 0.373; TAX -0.134; PROJECT2025 0.004; AUTHORITARIAN 0.291; GENDER -0.02",NA
"micro_direct_1302","micro_direct_subsets","CHINA + HEALTHCARE + FELON + GENDER + RACE",5,0.308560766038821,0.229988125815959,"CHINA 0.201; HEALTHCARE 0.282; FELON -0.384; GENDER -0.177; RACE -0.114",NA
"micro_direct_2374","micro_direct_subsets","BORDER + INFLATION + HEALTHCARE + PROJECT2025 + AUTHORITARIAN + GENDER",6,0.324241523906643,0.229949643521524,"BORDER 0.32; INFLATION -0.111; HEALTHCARE 0.378; PROJECT2025 0.01; AUTHORITARIAN 0.253; GENDER -0.064",NA
"micro_direct_1618","micro_direct_subsets","ISRAEL + CHINA + BORDER + INFLATION + PROJECT2025 + GENDER",6,0.324105496770483,0.229794635854737,"ISRAEL -0.378; CHINA 0.104; BORDER 0.351; INFLATION -0.032; PROJECT2025 0.073; GENDER 0.085",NA
"micro_direct_1801","micro_direct_subsets","ISRAEL + BORDER + FENTANYL + INFLATION + PROJECT2025 + RACE",6,0.324025379496314,0.229703339426032,"ISRAEL -0.378; BORDER 0.422; FENTANYL -0.043; INFLATION -0.054; PROJECT2025 0.033; RACE -0.146",NA
"micro_direct_937","micro_direct_subsets","ISRAEL + BORDER + INFLATION + TAX + PROJECT2025",5,0.308205155486288,0.229592104973366,"ISRAEL -0.369; BORDER 0.4; INFLATION -0.044; TAX 0.06; PROJECT2025 0.037",NA
"micro_direct_1873","micro_direct_subsets","ISRAEL + BORDER + INFLATION + PROJECT2025 + GENDER + RACE",6,0.323897226113435,0.229557304175775,"ISRAEL -0.372; BORDER 0.413; INFLATION -0.048; PROJECT2025 0.054; GENDER 0.047; RACE -0.11",NA
"micro_direct_1484","micro_direct_subsets","FENTANYL + HEALTHCARE + TAX + FELON + AUTHORITARIAN",5,0.30806895344041,0.229440425422274,"FENTANYL -0.129; HEALTHCARE 0.414; TAX -0.165; FELON -0.298; AUTHORITARIAN 0.161",NA
"micro_direct_1643","micro_direct_subsets","ISRAEL + CHINA + BORDER + TAX + PROJECT2025 + GENDER",6,0.323703334523276,0.229336357945128,"ISRAEL -0.381; CHINA 0.113; BORDER 0.349; TAX 0.028; PROJECT2025 0.074; GENDER 0.068",NA
"micro_direct_543","micro_direct_subsets","CHINA + HEALTHCARE + FELON + AUTHORITARIAN",4,0.29222285692686,0.229309333098136,"CHINA 0.142; HEALTHCARE 0.278; FELON -0.336; AUTHORITARIAN 0.034",NA
"micro_direct_840","micro_direct_subsets","ISRAEL + CHINA + FENTANYL + PROJECT2025 + AUTHORITARIAN",5,0.307930118850228,0.229285814174117,"ISRAEL -0.52; CHINA 0.246; FENTANYL -0.059; PROJECT2025 0.099; AUTHORITARIAN 0.311",NA
"micro_direct_1579","micro_direct_subsets","ISRAEL + CHINA + BORDER + FENTANYL + INFLATION + GENDER",6,0.323503156366829,0.229108247952898,"ISRAEL -0.378; CHINA 0.103; BORDER 0.355; FENTANYL -0.071; INFLATION -0.041; GENDER 0.089",NA
"micro_direct_2212","micro_direct_subsets","CHINA + FENTANYL + HEALTHCARE + FELON + GENDER + RACE",6,0.323480275620212,0.229082174543963,"CHINA 0.217; FENTANYL -0.136; HEALTHCARE 0.314; FELON -0.397; GENDER -0.16; RACE -0.129",NA
"micro_direct_1935","micro_direct_subsets","ISRAEL + FENTANYL + INFLATION + FELON + PROJECT2025 + AUTHORITARIAN",6,0.323395205705515,0.22898523440861,"ISRAEL -0.43; FENTANYL -0.057; INFLATION -0.057; FELON -0.314; PROJECT2025 0.069; AUTHORITARIAN 0.174",NA
"micro_direct_890","micro_direct_subsets","ISRAEL + CHINA + TAX + AUTHORITARIAN + RACE",5,0.307500782345325,0.228807689430021,"ISRAEL -0.501; CHINA 0.202; TAX -0.141; AUTHORITARIAN 0.36; RACE -0.042",NA
"micro_direct_1794","micro_direct_subsets","ISRAEL + BORDER + FENTANYL + INFLATION + TAX + RACE",6,0.323159833007363,0.228717019008391,"ISRAEL -0.374; BORDER 0.423; FENTANYL -0.052; INFLATION -0.056; TAX 0.01; RACE -0.141",NA
"micro_direct_545","micro_direct_subsets","CHINA + HEALTHCARE + FELON + RACE",4,0.291612220167097,0.228644417515283,"CHINA 0.152; HEALTHCARE 0.264; FELON -0.355; RACE -0.013",NA
"micro_direct_1838","micro_direct_subsets","ISRAEL + BORDER + FENTANYL + PROJECT2025 + GENDER + RACE",6,0.323087768228664,0.228634898679175,"ISRAEL -0.38; BORDER 0.413; FENTANYL -0.043; PROJECT2025 0.043; GENDER 0.056; RACE -0.109",NA
"micro_direct_903","micro_direct_subsets","ISRAEL + BORDER + FENTANYL + INFLATION + TAX",5,0.307246099541235,0.228524065398193,"ISRAEL -0.366; BORDER 0.401; FENTANYL -0.018; INFLATION -0.046; TAX 0.055",NA
"micro_direct_2169","micro_direct_subsets","CHINA + FENTANYL + INFLATION + HEALTHCARE + FELON + GENDER",6,0.322803759508985,0.228311260835821,"CHINA 0.173; FENTANYL -0.146; INFLATION -0.101; HEALTHCARE 0.34; FELON -0.381; GENDER -0.071",NA
"micro_direct_1861","micro_direct_subsets","ISRAEL + BORDER + INFLATION + TAX + PROJECT2025 + RACE",6,0.322791154066268,0.228296896494119,"ISRAEL -0.372; BORDER 0.419; INFLATION -0.05; TAX 0.019; PROJECT2025 0.046; RACE -0.131",NA
"micro_direct_1034","micro_direct_subsets","ISRAEL + FENTANYL + FELON + PROJECT2025 + RACE",5,0.306992271386593,0.228241393135069,"ISRAEL -0.371; FENTANYL -0.069; FELON -0.401; PROJECT2025 0.068; RACE -0.076",NA
"micro_direct_2101","micro_direct_subsets","CHINA + BORDER + INFLATION + HEALTHCARE + PROJECT2025 + AUTHORITARIAN",6,0.322638542222932,0.228122989974969,"CHINA -0.048; BORDER 0.341; INFLATION -0.116; HEALTHCARE 0.368; PROJECT2025 0.015; AUTHORITARIAN 0.245",NA
"micro_direct_258","micro_direct_subsets","HEALTHCARE + FELON + AUTHORITARIAN",3,0.27533492670668,0.228074161057116,"HEALTHCARE 0.336; FELON -0.307; AUTHORITARIAN 0.076",NA
"micro_direct_1099","micro_direct_subsets","ISRAEL + TAX + FELON + PROJECT2025 + RACE",5,0.306797622466055,0.228024625019016,"ISRAEL -0.357; TAX -0.066; FELON -0.402; PROJECT2025 0.08; RACE -0.085",NA
"micro_direct_2105","micro_direct_subsets","CHINA + BORDER + INFLATION + HEALTHCARE + AUTHORITARIAN + RACE",6,0.32249625749523,0.227960851564332,"CHINA -0.05; BORDER 0.345; INFLATION -0.116; HEALTHCARE 0.364; AUTHORITARIAN 0.243; RACE -0.009",NA
"micro_direct_259","micro_direct_subsets","HEALTHCARE + FELON + GENDER",3,0.275194030527897,0.227924075997108,"HEALTHCARE 0.335; FELON -0.356; GENDER -0.067",NA
"micro_direct_24","micro_direct_subsets","BORDER + HEALTHCARE",2,0.25936643994321,0.227850118238666,"BORDER 0.332; HEALTHCARE 0.307",NA
"micro_direct_1000","micro_direct_subsets","ISRAEL + FENTANYL + INFLATION + FELON + RACE",5,0.306474882612689,0.227665210182312,"ISRAEL -0.363; FENTANYL -0.098; INFLATION -0.061; FELON -0.402; RACE -0.08",NA
"micro_direct_916","micro_direct_subsets","ISRAEL + BORDER + FENTANYL + TAX + PROJECT2025",5,0.306299072901086,0.227469422094391,"ISRAEL -0.371; BORDER 0.398; FENTANYL -0.002; TAX 0.053; PROJECT2025 0.035",NA
"micro_direct_1590","micro_direct_subsets","ISRAEL + CHINA + BORDER + FENTANYL + TAX + GENDER",6,0.322064872186091,0.227469272956243,"ISRAEL -0.379; CHINA 0.109; BORDER 0.353; FENTANYL -0.063; TAX 0.015; GENDER 0.076",NA
"micro_direct_2198","micro_direct_subsets","CHINA + FENTANYL + HEALTHCARE + TAX + FELON + AUTHORITARIAN",6,0.322026397382549,0.227425429575463,"CHINA 0.134; FENTANYL -0.146; HEALTHCARE 0.358; TAX -0.135; FELON -0.331; AUTHORITARIAN 0.106",NA
"micro_direct_2200","micro_direct_subsets","CHINA + FENTANYL + HEALTHCARE + TAX + FELON + RACE",6,0.322011108354419,0.227408007194571,"CHINA 0.172; FENTANYL -0.167; HEALTHCARE 0.312; TAX -0.121; FELON -0.392; RACE -0.084",NA
"micro_direct_854","micro_direct_subsets","ISRAEL + CHINA + INFLATION + TAX + AUTHORITARIAN",5,0.30623664608172,0.227399901318279,"ISRAEL -0.501; CHINA 0.199; INFLATION -0.017; TAX -0.126; AUTHORITARIAN 0.364",NA
"micro_direct_889","micro_direct_subsets","ISRAEL + CHINA + TAX + AUTHORITARIAN + GENDER",5,0.306096366422558,0.227243680788758,"ISRAEL -0.501; CHINA 0.196; TAX -0.134; AUTHORITARIAN 0.364; GENDER 0.014",NA
"micro_direct_1976","micro_direct_subsets","ISRAEL + FENTANYL + FELON + PROJECT2025 + AUTHORITARIAN + RACE",6,0.321855797703854,0.227231025290438,"ISRAEL -0.428; FENTANYL -0.058; FELON -0.32; PROJECT2025 0.072; AUTHORITARIAN 0.157; RACE -0.043",NA
"micro_direct_2011","micro_direct_subsets","ISRAEL + INFLATION + FELON + PROJECT2025 + AUTHORITARIAN + RACE",6,0.321810746319002,0.227179687665839,"ISRAEL -0.42; INFLATION -0.053; FELON -0.311; PROJECT2025 0.089; AUTHORITARIAN 0.165; RACE -0.036",NA
"micro_direct_1259","micro_direct_subsets","CHINA + INFLATION + HEALTHCARE + FELON + GENDER",5,0.306018451844394,0.227156912281257,"CHINA 0.163; INFLATION -0.075; HEALTHCARE 0.3; FELON -0.369; GENDER -0.101",NA
"micro_direct_1024","micro_direct_subsets","ISRAEL + FENTANYL + TAX + FELON + GENDER",5,0.306014575827341,0.227152595807721,"ISRAEL -0.358; FENTANYL -0.101; TAX -0.088; FELON -0.396; GENDER 0.091",NA
"micro_direct_1609","micro_direct_subsets","ISRAEL + CHINA + BORDER + INFLATION + TAX + PROJECT2025",6,0.321707095452397,0.227061573887615,"ISRAEL -0.381; CHINA 0.131; BORDER 0.347; INFLATION -0.035; TAX 0.063; PROJECT2025 0.065",NA
"micro_direct_861","micro_direct_subsets","ISRAEL + CHINA + INFLATION + PROJECT2025 + AUTHORITARIAN",5,0.305922516617788,0.227050075324355,"ISRAEL -0.51; CHINA 0.233; INFLATION -0.031; PROJECT2025 0.114; AUTHORITARIAN 0.312",NA
"micro_direct_257","micro_direct_subsets","HEALTHCARE + FELON + PROJECT2025",3,0.274320431954376,0.226993503603574,"HEALTHCARE 0.324; FELON -0.352; PROJECT2025 0.057",NA
"micro_direct_1829","micro_direct_subsets","ISRAEL + BORDER + FENTANYL + TAX + GENDER + RACE",6,0.32162525597594,0.226968314949326,"ISRAEL -0.374; BORDER 0.414; FENTANYL -0.055; TAX -0.012; GENDER 0.052; RACE -0.113",NA
"micro_direct_1903","micro_direct_subsets","ISRAEL + BORDER + TAX + PROJECT2025 + GENDER + RACE",6,0.321591193079453,0.22692949909054,"ISRAEL -0.373; BORDER 0.411; TAX -0.001; PROJECT2025 0.053; GENDER 0.047; RACE -0.105",NA
"micro_direct_1864","micro_direct_subsets","ISRAEL + BORDER + INFLATION + TAX + GENDER + RACE",6,0.321320515764333,0.226621052847728,"ISRAEL -0.362; BORDER 0.416; INFLATION -0.048; TAX 0.005; GENDER 0.03; RACE -0.112",NA
"micro_direct_2170","micro_direct_subsets","CHINA + FENTANYL + INFLATION + HEALTHCARE + FELON + RACE",6,0.321246165415368,0.226536328031466,"CHINA 0.167; FENTANYL -0.173; INFLATION -0.111; HEALTHCARE 0.325; FELON -0.376; RACE -0.052",NA
"micro_direct_1826","micro_direct_subsets","ISRAEL + BORDER + FENTANYL + TAX + PROJECT2025 + RACE",6,0.321227641290946,0.226515219145497,"ISRAEL -0.378; BORDER 0.419; FENTANYL -0.033; TAX 0.008; PROJECT2025 0.035; RACE -0.136",NA
"micro_direct_1975","micro_direct_subsets","ISRAEL + FENTANYL + FELON + PROJECT2025 + AUTHORITARIAN + GENDER",6,0.321225816433205,0.226513139656443,"ISRAEL -0.429; FENTANYL -0.058; FELON -0.311; PROJECT2025 0.076; AUTHORITARIAN 0.163; GENDER 0.035",NA
"micro_direct_1588","micro_direct_subsets","ISRAEL + CHINA + BORDER + FENTANYL + TAX + PROJECT2025",6,0.321195124447206,0.226478165067747,"ISRAEL -0.387; CHINA 0.14; BORDER 0.342; FENTANYL -0.028; TAX 0.057; PROJECT2025 0.058",NA
"micro_direct_2375","micro_direct_subsets","BORDER + INFLATION + HEALTHCARE + PROJECT2025 + AUTHORITARIAN + RACE",6,0.32118191892378,0.226463116913145,"BORDER 0.328; INFLATION -0.111; HEALTHCARE 0.353; PROJECT2025 0.024; AUTHORITARIAN 0.233; RACE -0.015",NA
"micro_direct_1939","micro_direct_subsets","ISRAEL + FENTANYL + INFLATION + FELON + AUTHORITARIAN + RACE",6,0.321164922700491,0.226443749123815,"ISRAEL -0.419; FENTANYL -0.089; INFLATION -0.064; FELON -0.321; AUTHORITARIAN 0.156; RACE -0.047",NA
"micro_direct_899","micro_direct_subsets","ISRAEL + CHINA + PROJECT2025 + AUTHORITARIAN + RACE",5,0.305375259758401,0.226440630185492,"ISRAEL -0.51; CHINA 0.238; PROJECT2025 0.116; AUTHORITARIAN 0.305; RACE -0.02",NA
"micro_direct_2010","micro_direct_subsets","ISRAEL + INFLATION + FELON + PROJECT2025 + AUTHORITARIAN + GENDER",6,0.321114973506388,0.226386830274721,"ISRAEL -0.422; INFLATION -0.051; FELON -0.304; PROJECT2025 0.09; AUTHORITARIAN 0.171; GENDER 0.023",NA
"micro_direct_1069","micro_direct_subsets","ISRAEL + INFLATION + FELON + PROJECT2025 + RACE",5,0.305303407664003,0.226360613080367,"ISRAEL -0.359; INFLATION -0.048; FELON -0.394; PROJECT2025 0.087; RACE -0.067",NA
"micro_direct_898","micro_direct_subsets","ISRAEL + CHINA + PROJECT2025 + AUTHORITARIAN + GENDER",5,0.305271226615046,0.226324775094029,"ISRAEL -0.511; CHINA 0.239; PROJECT2025 0.11; AUTHORITARIAN 0.313; GENDER -0.018",NA
"micro_direct_2167","micro_direct_subsets","CHINA + FENTANYL + INFLATION + HEALTHCARE + FELON + PROJECT2025",6,0.320737514135107,0.225956702153959,"CHINA 0.166; FENTANYL -0.148; INFLATION -0.104; HEALTHCARE 0.33; FELON -0.376; PROJECT2025 0.047",NA
"micro_direct_905","micro_direct_subsets","ISRAEL + BORDER + FENTANYL + INFLATION + PROJECT2025",5,0.304878963855617,0.225887937021028,"ISRAEL -0.367; BORDER 0.395; FENTANYL -0.009; INFLATION -0.036; PROJECT2025 0.026",NA
"micro_direct_1033","micro_direct_subsets","ISRAEL + FENTANYL + FELON + PROJECT2025 + GENDER",5,0.304819995231246,0.225822267416615,"ISRAEL -0.37; FENTANYL -0.068; FELON -0.39; PROJECT2025 0.074; GENDER 0.062",NA
"micro_direct_2415","micro_direct_subsets","FENTANYL + INFLATION + HEALTHCARE + TAX + FELON + AUTHORITARIAN",6,0.320507605829088,0.225694713619193,"FENTANYL -0.152; INFLATION -0.116; HEALTHCARE 0.437; TAX -0.154; FELON -0.296; AUTHORITARIAN 0.17",NA
"micro_direct_1098","micro_direct_subsets","ISRAEL + TAX + FELON + PROJECT2025 + GENDER",5,0.304643756883288,0.225626001983662,"ISRAEL -0.355; TAX -0.067; FELON -0.389; PROJECT2025 0.088; GENDER 0.074",NA
"micro_direct_1298","micro_direct_subsets","CHINA + HEALTHCARE + FELON + PROJECT2025 + GENDER",5,0.304612776114863,0.225591500673371,"CHINA 0.181; HEALTHCARE 0.29; FELON -0.373; PROJECT2025 0.066; GENDER -0.091",NA
"micro_direct_2168","micro_direct_subsets","CHINA + FENTANYL + INFLATION + HEALTHCARE + FELON + AUTHORITARIAN",6,0.320094468119984,0.225223928787889,"CHINA 0.148; FENTANYL -0.161; INFLATION -0.111; HEALTHCARE 0.346; FELON -0.349; AUTHORITARIAN 0.045",NA
"micro_direct_1611","micro_direct_subsets","ISRAEL + CHINA + BORDER + INFLATION + TAX + GENDER",6,0.320047105510748,0.22516995744248,"ISRAEL -0.366; CHINA 0.096; BORDER 0.359; INFLATION -0.035; TAX 0.03; GENDER 0.056",NA
"micro_direct_1288","micro_direct_subsets","CHINA + HEALTHCARE + TAX + FELON + AUTHORITARIAN",5,0.3040683148695,0.224985168831944,"CHINA 0.115; HEALTHCARE 0.317; TAX -0.127; FELON -0.313; AUTHORITARIAN 0.109",NA
"micro_direct_1575","micro_direct_subsets","ISRAEL + CHINA + BORDER + FENTANYL + INFLATION + TAX",6,0.319865810528394,0.224963365485845,"ISRAEL -0.378; CHINA 0.127; BORDER 0.35; FENTANYL -0.047; INFLATION -0.04; TAX 0.055",NA
"micro_direct_1257","micro_direct_subsets","CHINA + INFLATION + HEALTHCARE + FELON + PROJECT2025",5,0.30403344848294,0.224946340356002,"CHINA 0.155; INFLATION -0.08; HEALTHCARE 0.286; FELON -0.363; PROJECT2025 0.084",NA
"micro_direct_1938","micro_direct_subsets","ISRAEL + FENTANYL + INFLATION + FELON + AUTHORITARIAN + GENDER",6,0.319837082034394,0.224930628364774,"ISRAEL -0.42; FENTANYL -0.085; INFLATION -0.061; FELON -0.311; AUTHORITARIAN 0.165; GENDER 0.028",NA
"micro_direct_1448","micro_direct_subsets","FENTANYL + INFLATION + HEALTHCARE + TAX + FELON",5,0.303979148188059,0.224885869573066,"FENTANYL -0.147; INFLATION -0.108; HEALTHCARE 0.387; TAX -0.089; FELON -0.375",NA
"micro_direct_997","micro_direct_subsets","ISRAEL + FENTANYL + INFLATION + FELON + PROJECT2025",5,0.303945266889496,0.224848138126939,"ISRAEL -0.364; FENTANYL -0.06; INFLATION -0.05; FELON -0.402; PROJECT2025 0.062",NA
"micro_direct_2035","micro_direct_subsets","ISRAEL + FELON + PROJECT2025 + AUTHORITARIAN + GENDER + RACE",6,0.319085624563192,0.224074316362707,"ISRAEL -0.421; FELON -0.309; PROJECT2025 0.088; AUTHORITARIAN 0.163; GENDER 0.005; RACE -0.029",NA
"micro_direct_1022","micro_direct_subsets","ISRAEL + FENTANYL + TAX + FELON + PROJECT2025",5,0.303145241107891,0.223957200324696,"ISRAEL -0.362; FENTANYL -0.056; TAX -0.041; FELON -0.405; PROJECT2025 0.058",NA
"micro_direct_1287","micro_direct_subsets","CHINA + HEALTHCARE + TAX + FELON + PROJECT2025",5,0.303137552630353,0.22394863815653,"CHINA 0.157; HEALTHCARE 0.28; TAX -0.074; FELON -0.371; PROJECT2025 0.074",NA
"micro_direct_1109","micro_direct_subsets","ISRAEL + FELON + PROJECT2025 + GENDER + RACE",5,0.303133475958559,0.223944098226577,"ISRAEL -0.361; FELON -0.39; PROJECT2025 0.088; GENDER 0.012; RACE -0.056",NA
"micro_direct_999","micro_direct_subsets","ISRAEL + FENTANYL + INFLATION + FELON + GENDER",5,0.303116904455884,0.223925643598598,"ISRAEL -0.36; FENTANYL -0.095; INFLATION -0.056; FELON -0.391; GENDER 0.054",NA
"micro_direct_1300","micro_direct_subsets","CHINA + HEALTHCARE + FELON + AUTHORITARIAN + GENDER",5,0.30307417308265,0.223878056387497,"CHINA 0.161; HEALTHCARE 0.311; FELON -0.338; AUTHORITARIAN 0.062; GENDER -0.116",NA
"micro_direct_1577","micro_direct_subsets","ISRAEL + CHINA + BORDER + FENTANYL + INFLATION + PROJECT2025",6,0.318876055170168,0.223835504728796,"ISRAEL -0.383; CHINA 0.136; BORDER 0.34; FENTANYL -0.034; INFLATION -0.029; PROJECT2025 0.048",NA
"micro_direct_683","micro_direct_subsets","FENTANYL + HEALTHCARE + FELON + AUTHORITARIAN",4,0.287155597524785,0.2237916506381,"FENTANYL -0.117; HEALTHCARE 0.374; FELON -0.32; AUTHORITARIAN 0.075",NA
"micro_direct_1037","micro_direct_subsets","ISRAEL + FENTANYL + FELON + GENDER + RACE",5,0.302994943980661,0.223789823978463,"ISRAEL -0.363; FENTANYL -0.089; FELON -0.396; GENDER 0.011; RACE -0.066",NA
"micro_direct_1068","micro_direct_subsets","ISRAEL + INFLATION + FELON + PROJECT2025 + GENDER",5,0.302970729682254,0.223762858055237,"ISRAEL -0.358; INFLATION -0.044; FELON -0.385; PROJECT2025 0.09; GENDER 0.048",NA
"micro_direct_260","micro_direct_subsets","HEALTHCARE + FELON + RACE",3,0.271213867167024,0.223684336764874,"HEALTHCARE 0.317; FELON -0.347; RACE 0.002",NA
"micro_direct_1698","micro_direct_subsets","ISRAEL + CHINA + FENTANYL + TAX + PROJECT2025 + AUTHORITARIAN",6,0.31859088067292,0.223510538441234,"ISRAEL -0.531; CHINA 0.232; FENTANYL -0.064; TAX -0.117; PROJECT2025 0.084; AUTHORITARIAN 0.366",NA
"micro_direct_1252","micro_direct_subsets","CHINA + INFLATION + HEALTHCARE + TAX + FELON",5,0.302539844376383,0.223283008510063,"CHINA 0.136; INFLATION -0.069; HEALTHCARE 0.287; TAX -0.074; FELON -0.365",NA
"micro_direct_1289","micro_direct_subsets","CHINA + HEALTHCARE + TAX + FELON + GENDER",5,0.302435119731941,0.223166383337843,"CHINA 0.164; HEALTHCARE 0.289; TAX -0.049; FELON -0.372; GENDER -0.081",NA
"micro_direct_1454","micro_direct_subsets","FENTANYL + INFLATION + HEALTHCARE + FELON + AUTHORITARIAN",5,0.302386216361842,0.223111922766596,"FENTANYL -0.143; INFLATION -0.128; HEALTHCARE 0.403; FELON -0.316; AUTHORITARIAN 0.091",NA
"micro_direct_992","micro_direct_subsets","ISRAEL + FENTANYL + INFLATION + TAX + FELON",5,0.302205978581524,0.222911203420333,"ISRAEL -0.355; FENTANYL -0.078; INFLATION -0.045; TAX -0.042; FELON -0.405",NA
"micro_direct_1060","micro_direct_subsets","ISRAEL + INFLATION + TAX + FELON + RACE",5,0.302157613995514,0.222857342858641,"ISRAEL -0.341; INFLATION -0.038; TAX -0.068; FELON -0.396; RACE -0.08",NA
"micro_direct_712","micro_direct_subsets","INFLATION + HEALTHCARE + TAX + FELON",4,0.286149809222873,0.222696458931573,"INFLATION -0.082; HEALTHCARE 0.334; TAX -0.082; FELON -0.359",NA
"micro_direct_1057","micro_direct_subsets","ISRAEL + INFLATION + TAX + FELON + PROJECT2025",5,0.301841577432407,0.222505393049726,"ISRAEL -0.354; INFLATION -0.037; TAX -0.032; FELON -0.398; PROJECT2025 0.075",NA
"micro_direct_1800","micro_direct_subsets","ISRAEL + BORDER + FENTANYL + INFLATION + PROJECT2025 + GENDER",6,0.317702762236171,0.222498496501683,"ISRAEL -0.376; BORDER 0.394; FENTANYL -0.044; INFLATION -0.048; PROJECT2025 0.048; GENDER 0.122",NA
"micro_direct_2197","micro_direct_subsets","CHINA + FENTANYL + HEALTHCARE + TAX + FELON + PROJECT2025",6,0.317567873997422,0.222344786648226,"CHINA 0.168; FENTANYL -0.136; HEALTHCARE 0.318; TAX -0.086; FELON -0.384; PROJECT2025 0.039",NA
"micro_direct_1776","micro_direct_subsets","ISRAEL + CHINA + TAX + PROJECT2025 + AUTHORITARIAN + RACE",6,0.317406859448356,0.222161304952778,"ISRAEL -0.52; CHINA 0.224; TAX -0.129; PROJECT2025 0.105; AUTHORITARIAN 0.359; RACE -0.052",NA
"micro_direct_2199","micro_direct_subsets","CHINA + FENTANYL + HEALTHCARE + TAX + FELON + GENDER",6,0.317352439516154,0.222099291541664,"CHINA 0.172; FENTANYL -0.137; HEALTHCARE 0.323; TAX -0.073; FELON -0.385; GENDER -0.042",NA
"micro_direct_1978","micro_direct_subsets","ISRAEL + FENTANYL + FELON + AUTHORITARIAN + GENDER + RACE",6,0.317237736207673,0.221968583120372,"ISRAEL -0.418; FENTANYL -0.078; FELON -0.318; AUTHORITARIAN 0.154; GENDER 0.001; RACE -0.039",NA
"micro_direct_1519","micro_direct_subsets","INFLATION + HEALTHCARE + TAX + FELON + AUTHORITARIAN",5,0.301258450812979,0.221856002041727,"INFLATION -0.089; HEALTHCARE 0.381; TAX -0.145; FELON -0.282; AUTHORITARIAN 0.162",NA
"micro_direct_718","micro_direct_subsets","INFLATION + HEALTHCARE + FELON + AUTHORITARIAN",4,0.285298526752303,0.221769506908063,"INFLATION -0.101; HEALTHCARE 0.351; FELON -0.302; AUTHORITARIAN 0.088",NA
"micro_direct_822","micro_direct_subsets","ISRAEL + CHINA + FENTANYL + INFLATION + AUTHORITARIAN",5,0.301019885043299,0.221590326525492,"ISRAEL -0.507; CHINA 0.231; FENTANYL -0.089; INFLATION -0.041; AUTHORITARIAN 0.31",NA
"micro_direct_1102","micro_direct_subsets","ISRAEL + TAX + FELON + GENDER + RACE",5,0.300889348619436,0.2214449564171,"ISRAEL -0.342; TAX -0.077; FELON -0.393; GENDER 0.016; RACE -0.071",NA
"micro_direct_2342","micro_direct_subsets","BORDER + FENTANYL + HEALTHCARE + AUTHORITARIAN + GENDER + RACE",6,0.31665898241984,0.22130907299005,"BORDER 0.33; FENTANYL -0.055; HEALTHCARE 0.374; AUTHORITARIAN 0.237; GENDER -0.083; RACE -0.057",NA
"micro_direct_684","micro_direct_subsets","FENTANYL + HEALTHCARE + FELON + GENDER",4,0.284698383605674,0.221116017703956,"FENTANYL -0.108; HEALTHCARE 0.364; FELON -0.364; GENDER -0.043",NA
"micro_direct_1702","micro_direct_subsets","ISRAEL + CHINA + FENTANYL + TAX + AUTHORITARIAN + RACE",6,0.316447970308976,0.221068617328833,"ISRAEL -0.524; CHINA 0.227; FENTANYL -0.103; TAX -0.15; AUTHORITARIAN 0.363; RACE -0.068",NA
"micro_direct_1860","micro_direct_subsets","ISRAEL + BORDER + INFLATION + TAX + PROJECT2025 + GENDER",6,0.316344494943279,0.220950703540015,"ISRAEL -0.37; BORDER 0.395; INFLATION -0.043; TAX 0.016; PROJECT2025 0.058; GENDER 0.104",NA
"micro_direct_844","micro_direct_subsets","ISRAEL + CHINA + FENTANYL + AUTHORITARIAN + RACE",5,0.300080898847372,0.220544637352755,"ISRAEL -0.506; CHINA 0.237; FENTANYL -0.091; AUTHORITARIAN 0.3; RACE -0.028",NA
"micro_direct_1775","micro_direct_subsets","ISRAEL + CHINA + TAX + PROJECT2025 + AUTHORITARIAN + GENDER",6,0.315879569461213,0.22042090473487,"ISRAEL -0.519; CHINA 0.212; TAX -0.128; PROJECT2025 0.105; AUTHORITARIAN 0.363; GENDER 0.034",NA
"micro_direct_1793","micro_direct_subsets","ISRAEL + BORDER + FENTANYL + INFLATION + TAX + GENDER",6,0.315767306835101,0.220292977556278,"ISRAEL -0.37; BORDER 0.396; FENTANYL -0.055; INFLATION -0.049; TAX 0.006; GENDER 0.111",NA
"micro_direct_1290","micro_direct_subsets","CHINA + HEALTHCARE + TAX + FELON + RACE",5,0.299821530881252,0.220255795754122,"CHINA 0.148; HEALTHCARE 0.269; TAX -0.098; FELON -0.369; RACE -0.046",NA
"micro_direct_843","micro_direct_subsets","ISRAEL + CHINA + FENTANYL + AUTHORITARIAN + GENDER",5,0.299725586789418,0.22014894892458,"ISRAEL -0.507; CHINA 0.237; FENTANYL -0.079; AUTHORITARIAN 0.31; GENDER -0.02",NA
"micro_direct_682","micro_direct_subsets","FENTANYL + HEALTHCARE + FELON + PROJECT2025",4,0.283801705307425,0.220139634668085,"FENTANYL -0.109; HEALTHCARE 0.356; FELON -0.361; PROJECT2025 0.028",NA
"micro_direct_1825","micro_direct_subsets","ISRAEL + BORDER + FENTANYL + TAX + PROJECT2025 + GENDER",6,0.315510578185114,0.220000426303968,"ISRAEL -0.376; BORDER 0.393; FENTANYL -0.036; TAX 0.003; PROJECT2025 0.049; GENDER 0.116",NA
"micro_direct_1733","micro_direct_subsets","ISRAEL + CHINA + INFLATION + TAX + PROJECT2025 + AUTHORITARIAN",6,0.315436321768198,0.219915808526551,"ISRAEL -0.52; CHINA 0.22; INFLATION -0.019; TAX -0.111; PROJECT2025 0.101; AUTHORITARIAN 0.364",NA
"micro_direct_719","micro_direct_subsets","INFLATION + HEALTHCARE + FELON + GENDER",4,0.283577713994619,0.219895733016363,"INFLATION -0.092; HEALTHCARE 0.346; FELON -0.357; GENDER -0.066",NA
"micro_direct_685","micro_direct_subsets","FENTANYL + HEALTHCARE + FELON + RACE",4,0.283411578024547,0.219714829404506,"FENTANYL -0.121; HEALTHCARE 0.354; FELON -0.36; RACE -0.018",NA
"micro_direct_109","micro_direct_subsets","ISRAEL + TAX + AUTHORITARIAN",3,0.267358668701722,0.219577712312704,"ISRAEL -0.509; TAX -0.154; AUTHORITARIAN 0.407",NA
"micro_direct_717","micro_direct_subsets","INFLATION + HEALTHCARE + FELON + PROJECT2025",4,0.283250579489682,0.219539519888765,"INFLATION -0.095; HEALTHCARE 0.336; FELON -0.353; PROJECT2025 0.06",NA
"micro_direct_2210","micro_direct_subsets","CHINA + FENTANYL + HEALTHCARE + FELON + AUTHORITARIAN + GENDER",6,0.314922539532723,0.219330335746592,"CHINA 0.174; FENTANYL -0.121; HEALTHCARE 0.336; FELON -0.354; AUTHORITARIAN 0.05; GENDER -0.089",NA
"micro_direct_1258","micro_direct_subsets","CHINA + INFLATION + HEALTHCARE + FELON + AUTHORITARIAN",5,0.298925745238245,0.219258216288046,"CHINA 0.129; INFLATION -0.084; HEALTHCARE 0.296; FELON -0.329; AUTHORITARIAN 0.048",NA
"micro_direct_2208","micro_direct_subsets","CHINA + FENTANYL + HEALTHCARE + FELON + PROJECT2025 + GENDER",6,0.314785174811076,0.219173803854482,"CHINA 0.188; FENTANYL -0.115; HEALTHCARE 0.317; FELON -0.381; PROJECT2025 0.041; GENDER -0.073",NA
"micro_direct_1059","micro_direct_subsets","ISRAEL + INFLATION + TAX + FELON + GENDER",5,0.298775771900262,0.219091200525292,"ISRAEL -0.339; INFLATION -0.034; TAX -0.064; FELON -0.385; GENDER 0.053",NA
"micro_direct_2069","micro_direct_subsets","CHINA + BORDER + FENTANYL + HEALTHCARE + AUTHORITARIAN + GENDER",6,0.314686409773244,0.21906125764858,"CHINA -0.013; BORDER 0.324; FENTANYL -0.051; HEALTHCARE 0.378; AUTHORITARIAN 0.243; GENDER -0.051",NA
"micro_direct_2013","micro_direct_subsets","ISRAEL + INFLATION + FELON + AUTHORITARIAN + GENDER + RACE",6,0.314632793832078,0.219000160413298,"ISRAEL -0.405; INFLATION -0.051; FELON -0.306; AUTHORITARIAN 0.165; GENDER -0.019; RACE -0.036",NA
"micro_direct_2247","micro_direct_subsets","CHINA + INFLATION + HEALTHCARE + FELON + GENDER + RACE",6,0.314626619005136,0.218993123982597,"CHINA 0.192; INFLATION -0.079; HEALTHCARE 0.294; FELON -0.385; GENDER -0.177; RACE -0.119",NA
"micro_direct_2339","micro_direct_subsets","BORDER + FENTANYL + HEALTHCARE + PROJECT2025 + AUTHORITARIAN + GENDER",6,0.314599109933632,0.218961776435999,"BORDER 0.319; FENTANYL -0.054; HEALTHCARE 0.376; PROJECT2025 -0.007; AUTHORITARIAN 0.242; GENDER -0.054",NA
"micro_direct_175","micro_direct_subsets","BORDER + INFLATION + HEALTHCARE",3,0.266726885875388,0.218904726258565,"BORDER 0.331; INFLATION -0.087; HEALTHCARE 0.318",NA
"micro_direct_1297","micro_direct_subsets","CHINA + HEALTHCARE + FELON + PROJECT2025 + AUTHORITARIAN",5,0.298446228478244,0.218724208987136,"CHINA 0.157; HEALTHCARE 0.282; FELON -0.346; PROJECT2025 0.081; AUTHORITARIAN 0.03",NA
"micro_direct_1299","micro_direct_subsets","CHINA + HEALTHCARE + FELON + PROJECT2025 + RACE",5,0.298352211133683,0.218619507853419,"CHINA 0.167; HEALTHCARE 0.268; FELON -0.363; PROJECT2025 0.085; RACE -0.023",NA
"micro_direct_1072","micro_direct_subsets","ISRAEL + INFLATION + FELON + GENDER + RACE",5,0.29828046084137,0.218539604118798,"ISRAEL -0.344; INFLATION -0.046; FELON -0.388; GENDER -0.011; RACE -0.063",NA
"micro_direct_2146","micro_direct_subsets","CHINA + BORDER + HEALTHCARE + AUTHORITARIAN + GENDER + RACE",6,0.314222866163298,0.218533033534921,"CHINA -0.009; BORDER 0.335; HEALTHCARE 0.36; AUTHORITARIAN 0.239; GENDER -0.091; RACE -0.052",NA
"micro_direct_2407","micro_direct_subsets","BORDER + HEALTHCARE + PROJECT2025 + AUTHORITARIAN + GENDER + RACE",6,0.314180053314154,0.21848424679985,"BORDER 0.332; HEALTHCARE 0.358; PROJECT2025 0.003; AUTHORITARIAN 0.238; GENDER -0.093; RACE -0.054",NA
"micro_direct_1701","micro_direct_subsets","ISRAEL + CHINA + FENTANYL + TAX + AUTHORITARIAN + GENDER",6,0.314057081364912,0.21834411597397,"ISRAEL -0.521; CHINA 0.208; FENTANYL -0.099; TAX -0.151; AUTHORITARIAN 0.368; GENDER 0.047",NA
"micro_direct_760","micro_direct_subsets","HEALTHCARE + FELON + AUTHORITARIAN + GENDER",4,0.282133637135496,0.218323293769763,"HEALTHCARE 0.367; FELON -0.306; AUTHORITARIAN 0.101; GENDER -0.09",NA
"micro_direct_747","micro_direct_subsets","HEALTHCARE + TAX + FELON + PROJECT2025",4,0.281862382661836,0.218027927787333,"HEALTHCARE 0.331; TAX -0.089; FELON -0.363; PROJECT2025 0.048",NA
"micro_direct_1260","micro_direct_subsets","CHINA + INFLATION + HEALTHCARE + FELON + RACE",5,0.297705378923162,0.217899171982613,"CHINA 0.143; INFLATION -0.079; HEALTHCARE 0.277; FELON -0.356; RACE -0.018",NA
"micro_direct_1455","micro_direct_subsets","FENTANYL + INFLATION + HEALTHCARE + FELON + GENDER",5,0.297623499096349,0.217807987630025,"FENTANYL -0.133; INFLATION -0.117; HEALTHCARE 0.386; FELON -0.367; GENDER -0.036",NA
"micro_direct_1456","micro_direct_subsets","FENTANYL + INFLATION + HEALTHCARE + FELON + RACE",5,0.297469319225764,0.217636287319601,"FENTANYL -0.149; INFLATION -0.123; HEALTHCARE 0.377; FELON -0.365; RACE -0.032",NA
"micro_direct_1666","micro_direct_subsets","ISRAEL + CHINA + FENTANYL + INFLATION + TAX + AUTHORITARIAN",6,0.313315177394478,0.217498690519289,"ISRAEL -0.521; CHINA 0.219; FENTANYL -0.089; INFLATION -0.027; TAX -0.125; AUTHORITARIAN 0.369",NA
"micro_direct_1453","micro_direct_subsets","FENTANYL + INFLATION + HEALTHCARE + FELON + PROJECT2025",5,0.297113203314529,0.217239703691181,"FENTANYL -0.134; INFLATION -0.119; HEALTHCARE 0.379; FELON -0.365; PROJECT2025 0.026",NA
"micro_direct_2070","micro_direct_subsets","CHINA + BORDER + FENTANYL + HEALTHCARE + AUTHORITARIAN + RACE",6,0.312928387428323,0.217057929860182,"CHINA -0.021; BORDER 0.333; FENTANYL -0.063; HEALTHCARE 0.363; AUTHORITARIAN 0.228; RACE -0.015",NA
"micro_direct_2066","micro_direct_subsets","CHINA + BORDER + FENTANYL + HEALTHCARE + PROJECT2025 + AUTHORITARIAN",6,0.31273648200576,0.216839246936796,"CHINA -0.023; BORDER 0.33; FENTANYL -0.061; HEALTHCARE 0.366; PROJECT2025 -0.001; AUTHORITARIAN 0.231",NA
"micro_direct_2340","micro_direct_subsets","BORDER + FENTANYL + HEALTHCARE + PROJECT2025 + AUTHORITARIAN + RACE",6,0.312623916524486,0.216710974644181,"BORDER 0.326; FENTANYL -0.066; HEALTHCARE 0.358; PROJECT2025 0.002; AUTHORITARIAN 0.223; RACE -0.017",NA
"micro_direct_2143","micro_direct_subsets","CHINA + BORDER + HEALTHCARE + PROJECT2025 + AUTHORITARIAN + GENDER",6,0.312565185657989,0.216644048773058,"CHINA -0.019; BORDER 0.328; HEALTHCARE 0.364; PROJECT2025 0.003; AUTHORITARIAN 0.245; GENDER -0.06",NA
"micro_direct_2279","micro_direct_subsets","CHINA + HEALTHCARE + FELON + PROJECT2025 + GENDER + RACE",6,0.312558479565562,0.216636406946803,"CHINA 0.209; HEALTHCARE 0.284; FELON -0.389; PROJECT2025 0.066; GENDER -0.164; RACE -0.114",NA
"micro_direct_750","micro_direct_subsets","HEALTHCARE + TAX + FELON + RACE",4,0.280574612299335,0.216625688948165,"HEALTHCARE 0.321; TAX -0.104; FELON -0.362; RACE -0.033",NA
"micro_direct_1486","micro_direct_subsets","FENTANYL + HEALTHCARE + TAX + FELON + RACE",5,0.296390650947674,0.216435043100819,"FENTANYL -0.139; HEALTHCARE 0.364; TAX -0.124; FELON -0.38; RACE -0.063",NA
"micro_direct_749","micro_direct_subsets","HEALTHCARE + TAX + FELON + GENDER",4,0.2803647514661,0.216397173818642,"HEALTHCARE 0.332; TAX -0.081; FELON -0.362; GENDER -0.032",NA
"micro_direct_2209","micro_direct_subsets","CHINA + FENTANYL + HEALTHCARE + FELON + PROJECT2025 + RACE",6,0.31233801660469,0.216385181712321,"CHINA 0.183; FENTANYL -0.135; HEALTHCARE 0.301; FELON -0.376; PROJECT2025 0.054; RACE -0.044",NA
"micro_direct_9","micro_direct_subsets","ISRAEL + AUTHORITARIAN",2,0.248261877111688,0.216273020818568,"ISRAEL -0.492; AUTHORITARIAN 0.335",NA
"micro_direct_1967","micro_direct_subsets","ISRAEL + FENTANYL + TAX + FELON + PROJECT2025 + RACE",6,0.31206048244923,0.216068921860751,"ISRAEL -0.368; FENTANYL -0.081; TAX -0.078; FELON -0.414; PROJECT2025 0.059; RACE -0.104",NA
"micro_direct_720","micro_direct_subsets","INFLATION + HEALTHCARE + FELON + RACE",4,0.279768958225672,0.215748421179065,"INFLATION -0.094; HEALTHCARE 0.328; FELON -0.348; RACE -0.005",NA
"micro_direct_901","micro_direct_subsets","ISRAEL + CHINA + AUTHORITARIAN + GENDER + RACE",5,0.295765399334225,0.21573874016766,"ISRAEL -0.492; CHINA 0.235; AUTHORITARIAN 0.308; GENDER -0.069; RACE -0.045",NA
"micro_direct_1928","micro_direct_subsets","ISRAEL + FENTANYL + INFLATION + TAX + FELON + RACE",6,0.311725934059456,0.215687692300311,"ISRAEL -0.361; FENTANYL -0.106; INFLATION -0.053; TAX -0.079; FELON -0.415; RACE -0.108",NA
"micro_direct_1553","micro_direct_subsets","HEALTHCARE + TAX + FELON + PROJECT2025 + AUTHORITARIAN",5,0.29542238360994,0.215356745383797,"HEALTHCARE 0.373; TAX -0.149; FELON -0.29; PROJECT2025 0.042; AUTHORITARIAN 0.154",NA
"micro_direct_864","micro_direct_subsets","ISRAEL + CHINA + INFLATION + AUTHORITARIAN + GENDER",5,0.295283089001057,0.215201621842087,"ISRAEL -0.491; CHINA 0.222; INFLATION -0.028; AUTHORITARIAN 0.314; GENDER -0.04",NA
"micro_direct_2272","micro_direct_subsets","CHINA + HEALTHCARE + TAX + FELON + GENDER + RACE",6,0.311122636654988,0.215000213862661,"CHINA 0.192; HEALTHCARE 0.282; TAX -0.058; FELON -0.389; GENDER -0.153; RACE -0.119",NA
"micro_direct_1556","micro_direct_subsets","HEALTHCARE + TAX + FELON + AUTHORITARIAN + GENDER",5,0.295078477994627,0.214973759584926,"HEALTHCARE 0.38; TAX -0.139; FELON -0.287; AUTHORITARIAN 0.161; GENDER -0.043",NA
"micro_direct_187","micro_direct_subsets","BORDER + HEALTHCARE + RACE",3,0.26292002143431,0.214849588049591,"BORDER 0.346; HEALTHCARE 0.294; RACE -0.062",NA
"micro_direct_2207","micro_direct_subsets","CHINA + FENTANYL + HEALTHCARE + FELON + PROJECT2025 + AUTHORITARIAN",6,0.310957484827937,0.214812017594626,"CHINA 0.17; FENTANYL -0.126; HEALTHCARE 0.315; FELON -0.359; PROJECT2025 0.05; AUTHORITARIAN 0.025",NA
"micro_direct_757","micro_direct_subsets","HEALTHCARE + FELON + PROJECT2025 + AUTHORITARIAN",4,0.278443217989765,0.214304837366633,"HEALTHCARE 0.343; FELON -0.312; PROJECT2025 0.057; AUTHORITARIAN 0.076",NA
"micro_direct_1937","micro_direct_subsets","ISRAEL + FENTANYL + INFLATION + FELON + PROJECT2025 + RACE",6,0.310413840212942,0.214192515591492,"ISRAEL -0.371; FENTANYL -0.08; INFLATION -0.06; FELON -0.405; PROJECT2025 0.067; RACE -0.083",NA
"micro_direct_1970","micro_direct_subsets","ISRAEL + FENTANYL + TAX + FELON + GENDER + RACE",6,0.310387586413409,0.214162598471095,"ISRAEL -0.361; FENTANYL -0.108; TAX -0.099; FELON -0.407; GENDER 0.05; RACE -0.082",NA
"micro_direct_2243","micro_direct_subsets","CHINA + INFLATION + HEALTHCARE + FELON + PROJECT2025 + GENDER",6,0.310260729522461,0.214018040618619,"CHINA 0.172; INFLATION -0.076; HEALTHCARE 0.302; FELON -0.374; PROJECT2025 0.068; GENDER -0.087",NA
"micro_direct_1966","micro_direct_subsets","ISRAEL + FENTANYL + TAX + FELON + PROJECT2025 + GENDER",6,0.310163278716389,0.213906992025652,"ISRAEL -0.367; FENTANYL -0.084; TAX -0.083; FELON -0.398; PROJECT2025 0.07; GENDER 0.101",NA
"micro_direct_865","micro_direct_subsets","ISRAEL + CHINA + INFLATION + AUTHORITARIAN + RACE",5,0.293984150370642,0.213755076549124,"ISRAEL -0.486; CHINA 0.212; INFLATION -0.031; AUTHORITARIAN 0.303; RACE -0.008",NA
"micro_direct_1557","micro_direct_subsets","HEALTHCARE + TAX + FELON + AUTHORITARIAN + RACE",5,0.293850333942474,0.213606053708664,"HEALTHCARE 0.367; TAX -0.158; FELON -0.288; AUTHORITARIAN 0.154; RACE -0.013",NA
"micro_direct_2211","micro_direct_subsets","CHINA + FENTANYL + HEALTHCARE + FELON + AUTHORITARIAN + RACE",6,0.309885681499505,0.213590660313389,"CHINA 0.172; FENTANYL -0.148; HEALTHCARE 0.306; FELON -0.366; AUTHORITARIAN 0.012; RACE -0.037",NA
"micro_direct_168","micro_direct_subsets","BORDER + FENTANYL + HEALTHCARE",3,0.261679683398729,0.213528358402994,"BORDER 0.328; FENTANYL -0.052; HEALTHCARE 0.326",NA
"micro_direct_2144","micro_direct_subsets","CHINA + BORDER + HEALTHCARE + PROJECT2025 + AUTHORITARIAN + RACE",6,0.309802214073948,0.213495546270313,"CHINA -0.029; BORDER 0.337; HEALTHCARE 0.345; PROJECT2025 0.014; AUTHORITARIAN 0.229; RACE -0.006",NA
"micro_direct_2233","micro_direct_subsets","CHINA + INFLATION + HEALTHCARE + TAX + FELON + AUTHORITARIAN",6,0.309638784108618,0.213309312123774,"CHINA 0.104; INFLATION -0.077; HEALTHCARE 0.332; TAX -0.121; FELON -0.307; AUTHORITARIAN 0.118",NA
"micro_direct_2245","micro_direct_subsets","CHINA + INFLATION + HEALTHCARE + FELON + AUTHORITARIAN + GENDER",6,0.309631521252079,0.213301035845393,"CHINA 0.147; INFLATION -0.083; HEALTHCARE 0.329; FELON -0.331; AUTHORITARIAN 0.076; GENDER -0.115",NA
"micro_direct_2453","micro_direct_subsets","FENTANYL + HEALTHCARE + TAX + FELON + AUTHORITARIAN + RACE",6,0.309558442070153,0.213217759568314,"FENTANYL -0.138; HEALTHCARE 0.409; TAX -0.177; FELON -0.306; AUTHORITARIAN 0.153; RACE -0.043",NA
"micro_direct_1483","micro_direct_subsets","FENTANYL + HEALTHCARE + TAX + FELON + PROJECT2025",5,0.293315612114122,0.213010568036181,"FENTANYL -0.12; HEALTHCARE 0.367; TAX -0.1; FELON -0.374; PROJECT2025 0.015",NA
"micro_direct_1673","micro_direct_subsets","ISRAEL + CHINA + FENTANYL + INFLATION + PROJECT2025 + AUTHORITARIAN",6,0.309334641345019,0.212962730835021,"ISRAEL -0.521; CHINA 0.244; FENTANYL -0.064; INFLATION -0.038; PROJECT2025 0.098; AUTHORITARIAN 0.314",NA
"micro_direct_2280","micro_direct_subsets","CHINA + HEALTHCARE + FELON + AUTHORITARIAN + GENDER + RACE",6,0.309321604822502,0.212947875262851,"CHINA 0.192; HEALTHCARE 0.295; FELON -0.365; AUTHORITARIAN 0.036; GENDER -0.178; RACE -0.104",NA
"micro_direct_1485","micro_direct_subsets","FENTANYL + HEALTHCARE + TAX + FELON + GENDER",5,0.293140063193529,0.212815070374611,"FENTANYL -0.127; HEALTHCARE 0.366; TAX -0.105; FELON -0.373; GENDER 0.007",NA
"micro_direct_758","micro_direct_subsets","HEALTHCARE + FELON + PROJECT2025 + GENDER",4,0.277056316019628,0.212794655221372,"HEALTHCARE 0.338; FELON -0.358; PROJECT2025 0.045; GENDER -0.057",NA
"micro_direct_762","micro_direct_subsets","HEALTHCARE + FELON + GENDER + RACE",4,0.276826334448398,0.212544230843811,"HEALTHCARE 0.336; FELON -0.361; GENDER -0.096; RACE -0.049",NA
"micro_direct_1711","micro_direct_subsets","ISRAEL + CHINA + FENTANYL + PROJECT2025 + AUTHORITARIAN + RACE",6,0.308960756064706,0.212536675515595,"ISRAEL -0.521; CHINA 0.251; FENTANYL -0.067; PROJECT2025 0.101; AUTHORITARIAN 0.303; RACE -0.034",NA
"micro_direct_2002","micro_direct_subsets","ISRAEL + INFLATION + TAX + FELON + PROJECT2025 + RACE",6,0.308427951920062,0.211929526606582,"ISRAEL -0.356; INFLATION -0.041; TAX -0.061; FELON -0.403; PROJECT2025 0.082; RACE -0.087",NA
"micro_direct_1531","micro_direct_subsets","INFLATION + HEALTHCARE + FELON + AUTHORITARIAN + GENDER",5,0.292336646842759,0.211920356711255,"INFLATION -0.102; HEALTHCARE 0.383; FELON -0.3; AUTHORITARIAN 0.115; GENDER -0.092",NA
"micro_direct_2270","micro_direct_subsets","CHINA + HEALTHCARE + TAX + FELON + AUTHORITARIAN + GENDER",6,0.308397802107511,0.211895169843443,"CHINA 0.134; HEALTHCARE 0.329; TAX -0.093; FELON -0.32; AUTHORITARIAN 0.108; GENDER -0.08",NA
"micro_direct_297","micro_direct_subsets","ISRAEL + CHINA + FENTANYL + HEALTHCARE",4,0.276193890792287,0.211855569973823,"ISRAEL -0.331; CHINA 0.195; FENTANYL -0.139; HEALTHCARE 0.281",NA
"micro_direct_1301","micro_direct_subsets","CHINA + HEALTHCARE + FELON + AUTHORITARIAN + RACE",5,0.292239151091207,0.211811781897026,"CHINA 0.143; HEALTHCARE 0.277; FELON -0.337; AUTHORITARIAN 0.032; RACE -0.004",NA
"micro_direct_1791","micro_direct_subsets","ISRAEL + BORDER + FENTANYL + INFLATION + TAX + PROJECT2025",6,0.308261205168154,0.211739512866036,"ISRAEL -0.371; BORDER 0.4; FENTANYL -0.008; INFLATION -0.045; TAX 0.06; PROJECT2025 0.034",NA
"micro_direct_2417","micro_direct_subsets","FENTANYL + INFLATION + HEALTHCARE + TAX + FELON + RACE",6,0.308209069168688,0.211680102075947,"FENTANYL -0.163; INFLATION -0.113; HEALTHCARE 0.384; TAX -0.114; FELON -0.383; RACE -0.072",NA
"micro_direct_1927","micro_direct_subsets","ISRAEL + FENTANYL + INFLATION + TAX + FELON + GENDER",6,0.308202209034033,0.211672284713201,"ISRAEL -0.358; FENTANYL -0.108; INFLATION -0.048; TAX -0.082; FELON -0.398; GENDER 0.093",NA
"micro_direct_70","micro_direct_subsets","ISRAEL + CHINA + HEALTHCARE",3,0.259915272445962,0.211648877170699,"ISRAEL -0.314; CHINA 0.175; HEALTHCARE 0.243",NA
"micro_direct_2449","micro_direct_subsets","FENTANYL + HEALTHCARE + TAX + FELON + PROJECT2025 + AUTHORITARIAN",6,0.308117005082649,0.211575191838367,"FENTANYL -0.127; HEALTHCARE 0.414; TAX -0.164; FELON -0.298; PROJECT2025 0.007; AUTHORITARIAN 0.161",NA
"micro_direct_2452","micro_direct_subsets","FENTANYL + HEALTHCARE + TAX + FELON + AUTHORITARIAN + GENDER",6,0.308084036588107,0.211537623088774,"FENTANYL -0.128; HEALTHCARE 0.415; TAX -0.163; FELON -0.298; AUTHORITARIAN 0.162; GENDER -0.005",NA
"micro_direct_2267","micro_direct_subsets","CHINA + HEALTHCARE + TAX + FELON + PROJECT2025 + AUTHORITARIAN",6,0.308042186560256,0.211489933522152,"CHINA 0.129; HEALTHCARE 0.317; TAX -0.116; FELON -0.323; PROJECT2025 0.066; AUTHORITARIAN 0.099",NA
"micro_direct_2232","micro_direct_subsets","CHINA + INFLATION + HEALTHCARE + TAX + FELON + PROJECT2025",6,0.307992804710725,0.211433661181988,"CHINA 0.15; INFLATION -0.071; HEALTHCARE 0.291; TAX -0.065; FELON -0.371; PROJECT2025 0.076",NA
"micro_direct_761","micro_direct_subsets","HEALTHCARE + FELON + AUTHORITARIAN + RACE",4,0.275805339845563,0.211432481165169,"HEALTHCARE 0.341; FELON -0.303; AUTHORITARIAN 0.083; RACE 0.023",NA
"micro_direct_1710","micro_direct_subsets","ISRAEL + CHINA + FENTANYL + PROJECT2025 + AUTHORITARIAN + GENDER",6,0.307949825500743,0.21138468487294,"ISRAEL -0.52; CHINA 0.247; FENTANYL -0.058; PROJECT2025 0.098; AUTHORITARIAN 0.312; GENDER -0.005",NA
"micro_direct_124","micro_direct_subsets","CHINA + BORDER + HEALTHCARE",3,0.259664479461084,0.21138172812159,"CHINA 0.019; BORDER 0.326; HEALTHCARE 0.302",NA
"micro_direct_1737","micro_direct_subsets","ISRAEL + CHINA + INFLATION + TAX + AUTHORITARIAN + RACE",6,0.307826069891257,0.211243661038874,"ISRAEL -0.5; CHINA 0.201; INFLATION -0.018; TAX -0.138; AUTHORITARIAN 0.361; RACE -0.043",NA
"micro_direct_1936","micro_direct_subsets","ISRAEL + FENTANYL + INFLATION + FELON + PROJECT2025 + GENDER",6,0.30777180831709,0.211181828082265,"ISRAEL -0.369; FENTANYL -0.078; INFLATION -0.055; FELON -0.393; PROJECT2025 0.074; GENDER 0.067",NA
"micro_direct_184","micro_direct_subsets","BORDER + HEALTHCARE + PROJECT2025",3,0.259437694096516,0.211140152407158,"BORDER 0.332; HEALTHCARE 0.308; PROJECT2025 0.009",NA
"micro_direct_182","micro_direct_subsets","BORDER + HEALTHCARE + TAX",3,0.259432550925173,0.211134673811598,"BORDER 0.331; HEALTHCARE 0.308; TAX -0.008",NA
"micro_direct_186","micro_direct_subsets","BORDER + HEALTHCARE + GENDER",3,0.259431601706319,0.211133662687166,"BORDER 0.333; HEALTHCARE 0.304; GENDER 0.009",NA
"micro_direct_1778","micro_direct_subsets","ISRAEL + CHINA + TAX + AUTHORITARIAN + GENDER + RACE",6,0.307630720424395,0.211021053506868,"ISRAEL -0.502; CHINA 0.208; TAX -0.136; AUTHORITARIAN 0.36; GENDER -0.016; RACE -0.05",NA
"micro_direct_2032","micro_direct_subsets","ISRAEL + TAX + FELON + PROJECT2025 + GENDER + RACE",6,0.307605783511123,0.210992637024302,"ISRAEL -0.357; TAX -0.076; FELON -0.397; PROJECT2025 0.086; GENDER 0.038; RACE -0.067",NA
"micro_direct_1977","micro_direct_subsets","ISRAEL + FENTANYL + FELON + PROJECT2025 + GENDER + RACE",6,0.307395801792635,0.210753355531142,"ISRAEL -0.372; FENTANYL -0.073; FELON -0.397; PROJECT2025 0.072; GENDER 0.026; RACE -0.062",NA
"micro_direct_2234","micro_direct_subsets","CHINA + INFLATION + HEALTHCARE + TAX + FELON + GENDER",6,0.307156607743566,0.210480785568249,"CHINA 0.157; INFLATION -0.07; HEALTHCARE 0.3; TAX -0.039; FELON -0.372; GENDER -0.082",NA
"micro_direct_1496","micro_direct_subsets","FENTANYL + HEALTHCARE + FELON + AUTHORITARIAN + GENDER",5,0.290628346671852,0.210017931520926,"FENTANYL -0.102; HEALTHCARE 0.392; FELON -0.317; AUTHORITARIAN 0.094; GENDER -0.066",NA
"micro_direct_1940","micro_direct_subsets","ISRAEL + FENTANYL + INFLATION + FELON + GENDER + RACE",6,0.306586676282973,0.209831328787574,"ISRAEL -0.363; FENTANYL -0.1; INFLATION -0.061; FELON -0.4; GENDER 0.014; RACE -0.073",NA
"micro_direct_759","micro_direct_subsets","HEALTHCARE + FELON + PROJECT2025 + RACE",4,0.27432934854304,0.209825290635755,"HEALTHCARE 0.324; FELON -0.352; PROJECT2025 0.057; RACE -0.003",NA
"micro_direct_2277","micro_direct_subsets","CHINA + HEALTHCARE + FELON + PROJECT2025 + AUTHORITARIAN + GENDER",6,0.306554706152789,0.209794897708992,"CHINA 0.17; HEALTHCARE 0.31; FELON -0.345; PROJECT2025 0.062; AUTHORITARIAN 0.055; GENDER -0.102",NA
"micro_direct_1783","micro_direct_subsets","ISRAEL + CHINA + PROJECT2025 + AUTHORITARIAN + GENDER + RACE",6,0.30655180755734,0.209791594658364,"ISRAEL -0.512; CHINA 0.25; PROJECT2025 0.11; AUTHORITARIAN 0.309; GENDER -0.046; RACE -0.045",NA
"micro_direct_1746","micro_direct_subsets","ISRAEL + CHINA + INFLATION + PROJECT2025 + AUTHORITARIAN + RACE",6,0.306393176359085,0.209610828874307,"ISRAEL -0.509; CHINA 0.236; INFLATION -0.032; PROJECT2025 0.117; AUTHORITARIAN 0.307; RACE -0.022",NA
"micro_direct_1736","micro_direct_subsets","ISRAEL + CHINA + INFLATION + TAX + AUTHORITARIAN + GENDER",6,0.306373869637498,0.209588828191567,"ISRAEL -0.5; CHINA 0.195; INFLATION -0.017; TAX -0.132; AUTHORITARIAN 0.364; GENDER 0.014",NA
"micro_direct_2268","micro_direct_subsets","CHINA + HEALTHCARE + TAX + FELON + PROJECT2025 + GENDER",6,0.306273851640922,0.209474854195469,"CHINA 0.172; HEALTHCARE 0.291; TAX -0.046; FELON -0.376; PROJECT2025 0.065; GENDER -0.069",NA
"micro_direct_1745","micro_direct_subsets","ISRAEL + CHINA + INFLATION + PROJECT2025 + AUTHORITARIAN + GENDER",6,0.306142337964041,0.209324989772977,"ISRAEL -0.511; CHINA 0.237; INFLATION -0.03; PROJECT2025 0.111; AUTHORITARIAN 0.315; GENDER -0.016",NA
"micro_direct_2001","micro_direct_subsets","ISRAEL + INFLATION + TAX + FELON + PROJECT2025 + GENDER",6,0.305950700612694,0.209106612326093,"ISRAEL -0.354; INFLATION -0.037; TAX -0.062; FELON -0.39; PROJECT2025 0.089; GENDER 0.074",NA
"micro_direct_2269","micro_direct_subsets","CHINA + HEALTHCARE + TAX + FELON + PROJECT2025 + RACE",6,0.305498526902627,0.208591344609971,"CHINA 0.162; HEALTHCARE 0.273; TAX -0.092; FELON -0.376; PROJECT2025 0.078; RACE -0.053",NA
"micro_direct_439","micro_direct_subsets","ISRAEL + TAX + AUTHORITARIAN + GENDER",4,0.273119022512528,0.208507380069197,"ISRAEL -0.504; TAX -0.189; AUTHORITARIAN 0.401; GENDER 0.085",NA
"micro_direct_2427","micro_direct_subsets","FENTANYL + INFLATION + HEALTHCARE + FELON + AUTHORITARIAN + GENDER",6,0.305409033038815,0.208489363230277,"FENTANYL -0.129; INFLATION -0.126; HEALTHCARE 0.419; FELON -0.313; AUTHORITARIAN 0.108; GENDER -0.062",NA
"micro_direct_2012","micro_direct_subsets","ISRAEL + INFLATION + FELON + PROJECT2025 + GENDER + RACE",6,0.305396192873246,0.208474731413699,"ISRAEL -0.359; INFLATION -0.048; FELON -0.392; PROJECT2025 0.089; GENDER 0.012; RACE -0.061",NA
"micro_direct_2242","micro_direct_subsets","CHINA + INFLATION + HEALTHCARE + FELON + PROJECT2025 + AUTHORITARIAN",6,0.305308827773418,0.208375175834825,"CHINA 0.144; INFLATION -0.085; HEALTHCARE 0.301; FELON -0.339; PROJECT2025 0.082; AUTHORITARIAN 0.044",NA
"micro_direct_1925","micro_direct_subsets","ISRAEL + FENTANYL + INFLATION + TAX + FELON + PROJECT2025",6,0.3050742856625,0.208107906917732,"ISRAEL -0.362; FENTANYL -0.062; INFLATION -0.045; TAX -0.035; FELON -0.407; PROJECT2025 0.057",NA
"micro_direct_1528","micro_direct_subsets","INFLATION + HEALTHCARE + FELON + PROJECT2025 + AUTHORITARIAN",5,0.288829952672856,0.208015174567499,"INFLATION -0.103; HEALTHCARE 0.359; FELON -0.307; PROJECT2025 0.06; AUTHORITARIAN 0.088",NA
"micro_direct_1518","micro_direct_subsets","INFLATION + HEALTHCARE + TAX + FELON + PROJECT2025",5,0.288781363558626,0.207961063963015,"INFLATION -0.085; HEALTHCARE 0.341; TAX -0.077; FELON -0.363; PROJECT2025 0.052",NA
"micro_direct_2271","micro_direct_subsets","CHINA + HEALTHCARE + TAX + FELON + AUTHORITARIAN + RACE",6,0.304821923049817,0.207820330917234,"CHINA 0.119; HEALTHCARE 0.309; TAX -0.134; FELON -0.319; AUTHORITARIAN 0.101; RACE -0.03",NA
"micro_direct_2244","micro_direct_subsets","CHINA + INFLATION + HEALTHCARE + FELON + PROJECT2025 + RACE",6,0.304784668086243,0.207777877586649,"CHINA 0.159; INFLATION -0.082; HEALTHCARE 0.281; FELON -0.364; PROJECT2025 0.087; RACE -0.028",NA
"micro_direct_2235","micro_direct_subsets","CHINA + INFLATION + HEALTHCARE + TAX + FELON + RACE",6,0.30446664756441,0.207415482108282,"CHINA 0.14; INFLATION -0.07; HEALTHCARE 0.28; TAX -0.089; FELON -0.369; RACE -0.047",NA
"micro_direct_2414","micro_direct_subsets","FENTANYL + INFLATION + HEALTHCARE + TAX + FELON + PROJECT2025",6,0.304173723811637,0.207081685273726,"FENTANYL -0.142; INFLATION -0.108; HEALTHCARE 0.387; TAX -0.087; FELON -0.376; PROJECT2025 0.015",NA
"micro_direct_1493","micro_direct_subsets","FENTANYL + HEALTHCARE + FELON + PROJECT2025 + AUTHORITARIAN",5,0.287856733703005,0.206931362532892,"FENTANYL -0.109; HEALTHCARE 0.375; FELON -0.321; PROJECT2025 0.028; AUTHORITARIAN 0.075",NA
"micro_direct_2416","micro_direct_subsets","FENTANYL + INFLATION + HEALTHCARE + TAX + FELON + GENDER",6,0.304015526558237,0.206901413984967,"FENTANYL -0.148; INFLATION -0.108; HEALTHCARE 0.385; TAX -0.092; FELON -0.375; GENDER 0.007",NA
"micro_direct_605","micro_direct_subsets","BORDER + INFLATION + HEALTHCARE + RACE",4,0.271088158704871,0.206295995034193,"BORDER 0.347; INFLATION -0.091; HEALTHCARE 0.305; RACE -0.069",NA
"micro_direct_572","micro_direct_subsets","BORDER + FENTANYL + INFLATION + HEALTHCARE",4,0.271071271000724,0.206277606200788,"BORDER 0.326; FENTANYL -0.072; INFLATION -0.1; HEALTHCARE 0.347",NA
"micro_direct_1521","micro_direct_subsets","INFLATION + HEALTHCARE + TAX + FELON + RACE",5,0.287240361591636,0.20624494813614,"INFLATION -0.083; HEALTHCARE 0.33; TAX -0.094; FELON -0.362; RACE -0.035",NA
"micro_direct_1497","micro_direct_subsets","FENTANYL + HEALTHCARE + FELON + AUTHORITARIAN + RACE",5,0.287156997583424,0.206152110945177,"FENTANYL -0.117; HEALTHCARE 0.374; FELON -0.319; AUTHORITARIAN 0.075; RACE 0.001",NA
"micro_direct_2470","micro_direct_subsets","INFLATION + HEALTHCARE + TAX + FELON + PROJECT2025 + AUTHORITARIAN",6,0.3033351056025,0.206126050570291,"INFLATION -0.091; HEALTHCARE 0.386; TAX -0.139; FELON -0.287; PROJECT2025 0.047; AUTHORITARIAN 0.159",NA
"micro_direct_1520","micro_direct_subsets","INFLATION + HEALTHCARE + TAX + FELON + GENDER",5,0.287108327672514,0.206097910362572,"INFLATION -0.084; HEALTHCARE 0.343; TAX -0.067; FELON -0.362; GENDER -0.036",NA
"micro_direct_1498","micro_direct_subsets","FENTANYL + HEALTHCARE + FELON + GENDER + RACE",5,0.286912159423408,0.205879450266977,"FENTANYL -0.111; HEALTHCARE 0.366; FELON -0.37; GENDER -0.077; RACE -0.058",NA
"micro_direct_2473","micro_direct_subsets","INFLATION + HEALTHCARE + TAX + FELON + AUTHORITARIAN + GENDER",6,0.302992458688614,0.205735592459118,"INFLATION -0.091; HEALTHCARE 0.394; TAX -0.126; FELON -0.284; AUTHORITARIAN 0.167; GENDER -0.049",NA
"micro_direct_2424","micro_direct_subsets","FENTANYL + INFLATION + HEALTHCARE + FELON + PROJECT2025 + AUTHORITARIAN",6,0.302968041429166,0.205707768140213,"FENTANYL -0.136; INFLATION -0.127; HEALTHCARE 0.403; FELON -0.317; PROJECT2025 0.025; AUTHORITARIAN 0.091",NA
"micro_direct_436","micro_direct_subsets","ISRAEL + TAX + PROJECT2025 + AUTHORITARIAN",4,0.270141731527102,0.205265440996177,"ISRAEL -0.519; TAX -0.148; PROJECT2025 0.054; AUTHORITARIAN 0.409",NA
"micro_direct_2428","micro_direct_subsets","FENTANYL + INFLATION + HEALTHCARE + FELON + AUTHORITARIAN + RACE",6,0.30247237184504,0.205142935358301,"FENTANYL -0.145; INFLATION -0.128; HEALTHCARE 0.401; FELON -0.318; AUTHORITARIAN 0.087; RACE -0.01",NA
"micro_direct_2005","micro_direct_subsets","ISRAEL + INFLATION + TAX + FELON + GENDER + RACE",6,0.302267475627008,0.204909448970312,"ISRAEL -0.341; INFLATION -0.038; TAX -0.072; FELON -0.394; GENDER 0.014; RACE -0.073",NA
"micro_direct_313","micro_direct_subsets","ISRAEL + CHINA + HEALTHCARE + PROJECT2025",4,0.269661554941032,0.204742582046901,"ISRAEL -0.331; CHINA 0.195; HEALTHCARE 0.246; PROJECT2025 0.102",NA
"micro_direct_1533","micro_direct_subsets","INFLATION + HEALTHCARE + FELON + GENDER + RACE",5,0.285862674609294,0.204710705814895,"INFLATION -0.096; HEALTHCARE 0.348; FELON -0.363; GENDER -0.1; RACE -0.059",NA
"micro_direct_1529","micro_direct_subsets","INFLATION + HEALTHCARE + FELON + PROJECT2025 + GENDER",5,0.285774418782626,0.204612420917016,"INFLATION -0.094; HEALTHCARE 0.35; FELON -0.36; PROJECT2025 0.049; GENDER -0.055",NA
"micro_direct_1677","micro_direct_subsets","ISRAEL + CHINA + FENTANYL + INFLATION + AUTHORITARIAN + RACE",6,0.301937259759811,0.204533156470482,"ISRAEL -0.507; CHINA 0.236; FENTANYL -0.098; INFLATION -0.044; AUTHORITARIAN 0.303; RACE -0.032",NA
"micro_direct_1532","micro_direct_subsets","INFLATION + HEALTHCARE + FELON + AUTHORITARIAN + RACE",5,0.285596367816239,0.204414136886267,"INFLATION -0.1; HEALTHCARE 0.356; FELON -0.298; AUTHORITARIAN 0.094; RACE 0.018",NA
"micro_direct_1713","micro_direct_subsets","ISRAEL + CHINA + FENTANYL + AUTHORITARIAN + GENDER + RACE",6,0.301625372571217,0.204177750139293,"ISRAEL -0.509; CHINA 0.251; FENTANYL -0.084; AUTHORITARIAN 0.305; GENDER -0.053; RACE -0.056",NA
"micro_direct_116","micro_direct_subsets","ISRAEL + PROJECT2025 + AUTHORITARIAN",3,0.252711854479861,0.203975671076373,"ISRAEL -0.506; PROJECT2025 0.068; AUTHORITARIAN 0.341",NA
"micro_direct_2474","micro_direct_subsets","INFLATION + HEALTHCARE + TAX + FELON + AUTHORITARIAN + RACE",6,0.301446621031629,0.203974056524414,"INFLATION -0.089; HEALTHCARE 0.378; TAX -0.149; FELON -0.285; AUTHORITARIAN 0.159; RACE -0.015",NA
"micro_direct_1494","micro_direct_subsets","FENTANYL + HEALTHCARE + FELON + PROJECT2025 + GENDER",5,0.285102627440337,0.203864289649466,"FENTANYL -0.102; HEALTHCARE 0.364; FELON -0.365; PROJECT2025 0.022; GENDER -0.04",NA
"micro_direct_1676","micro_direct_subsets","ISRAEL + CHINA + FENTANYL + INFLATION + AUTHORITARIAN + GENDER",6,0.30122195284808,0.203718039291999,"ISRAEL -0.507; CHINA 0.234; FENTANYL -0.085; INFLATION -0.039; AUTHORITARIAN 0.313; GENDER -0.016",NA
"micro_direct_383","micro_direct_subsets","ISRAEL + FENTANYL + TAX + AUTHORITARIAN",4,0.268551523553032,0.203533881202191,"ISRAEL -0.517; FENTANYL -0.035; TAX -0.156; AUTHORITARIAN 0.41",NA
"micro_direct_2429","micro_direct_subsets","FENTANYL + INFLATION + HEALTHCARE + FELON + GENDER + RACE",6,0.3010002255376,0.203465373287032,"FENTANYL -0.139; INFLATION -0.123; HEALTHCARE 0.389; FELON -0.376; GENDER -0.077; RACE -0.072",NA
"micro_direct_404","micro_direct_subsets","ISRAEL + INFLATION + TAX + AUTHORITARIAN",4,0.268176605823572,0.203125637452334,"ISRAEL -0.508; INFLATION -0.029; TAX -0.15; AUTHORITARIAN 0.407",NA
"micro_direct_440","micro_direct_subsets","ISRAEL + TAX + AUTHORITARIAN + RACE",4,0.268153434979912,0.203100406978126,"ISRAEL -0.509; TAX -0.163; AUTHORITARIAN 0.405; RACE -0.03",NA
"micro_direct_1495","micro_direct_subsets","FENTANYL + HEALTHCARE + FELON + PROJECT2025 + RACE",5,0.284155225018598,0.202809227861621,"FENTANYL -0.112; HEALTHCARE 0.355; FELON -0.362; PROJECT2025 0.029; RACE -0.019",NA
"micro_direct_1563","micro_direct_subsets","HEALTHCARE + FELON + PROJECT2025 + AUTHORITARIAN + GENDER",5,0.283597541015553,0.202188170676411,"HEALTHCARE 0.368; FELON -0.309; PROJECT2025 0.04; AUTHORITARIAN 0.099; GENDER -0.081",NA
"micro_direct_1530","micro_direct_subsets","INFLATION + HEALTHCARE + FELON + PROJECT2025 + RACE",5,0.283356255044459,0.201919465844966,"INFLATION -0.096; HEALTHCARE 0.335; FELON -0.354; PROJECT2025 0.061; RACE -0.01",NA
"micro_direct_602","micro_direct_subsets","BORDER + INFLATION + HEALTHCARE + PROJECT2025",4,0.266859009393016,0.201690921339062,"BORDER 0.331; INFLATION -0.087; HEALTHCARE 0.32; PROJECT2025 0.012",NA
"micro_direct_604","micro_direct_subsets","BORDER + INFLATION + HEALTHCARE + GENDER",4,0.266814136910649,0.201642060191596,"BORDER 0.332; INFLATION -0.087; HEALTHCARE 0.315; GENDER 0.01",NA
"micro_direct_460","micro_direct_subsets","CHINA + BORDER + INFLATION + HEALTHCARE",4,0.266780978047742,0.201605953874208,"CHINA 0.008; BORDER 0.329; INFLATION -0.086; HEALTHCARE 0.316",NA
"micro_direct_600","micro_direct_subsets","BORDER + INFLATION + HEALTHCARE + TAX",4,0.266739782727308,0.201561096747513,"BORDER 0.332; INFLATION -0.087; HEALTHCARE 0.318; TAX 0.004",NA
"micro_direct_1555","micro_direct_subsets","HEALTHCARE + TAX + FELON + PROJECT2025 + RACE",5,0.283009450031208,0.201533251171119,"HEALTHCARE 0.326; TAX -0.101; FELON -0.366; PROJECT2025 0.05; RACE -0.036",NA
"micro_direct_98","micro_direct_subsets","ISRAEL + INFLATION + AUTHORITARIAN",3,0.250399232581742,0.201512226010987,"ISRAEL -0.492; INFLATION -0.046; AUTHORITARIAN 0.339",NA
"micro_direct_1558","micro_direct_subsets","HEALTHCARE + TAX + FELON + GENDER + RACE",5,0.282930531199012,0.201445364289809,"HEALTHCARE 0.333; TAX -0.088; FELON -0.37; GENDER -0.065; RACE -0.063",NA
"micro_direct_1566","micro_direct_subsets","HEALTHCARE + FELON + AUTHORITARIAN + GENDER + RACE",5,0.282808097797631,0.201309018001907,"HEALTHCARE 0.365; FELON -0.312; AUTHORITARIAN 0.096; GENDER -0.108; RACE -0.032",NA
"micro_direct_2246","micro_direct_subsets","CHINA + INFLATION + HEALTHCARE + FELON + AUTHORITARIAN + RACE",6,0.298954772265357,0.20113450793029,"CHINA 0.13; INFLATION -0.084; HEALTHCARE 0.295; FELON -0.331; AUTHORITARIAN 0.046; RACE -0.006",NA
"micro_direct_584","micro_direct_subsets","BORDER + FENTANYL + HEALTHCARE + RACE",4,0.266344464881957,0.201130639538131,"BORDER 0.344; FENTANYL -0.064; HEALTHCARE 0.316; RACE -0.072",NA
"micro_direct_2278","micro_direct_subsets","CHINA + HEALTHCARE + FELON + PROJECT2025 + AUTHORITARIAN + RACE",6,0.298670568550532,0.200810647883164,"CHINA 0.161; HEALTHCARE 0.277; FELON -0.351; PROJECT2025 0.083; AUTHORITARIAN 0.023; RACE -0.016",NA
"micro_direct_1554","micro_direct_subsets","HEALTHCARE + TAX + FELON + PROJECT2025 + GENDER",5,0.282192980295776,0.200624000783932,"HEALTHCARE 0.335; TAX -0.08; FELON -0.364; PROJECT2025 0.044; GENDER -0.022",NA
"micro_direct_5","micro_direct_subsets","ISRAEL + HEALTHCARE",2,0.232889584309181,0.200246587896806,"ISRAEL -0.289; HEALTHCARE 0.307",NA
"micro_direct_2426","micro_direct_subsets","FENTANYL + INFLATION + HEALTHCARE + FELON + PROJECT2025 + RACE",6,0.29812548948113,0.200189511269195,"FENTANYL -0.141; INFLATION -0.122; HEALTHCARE 0.377; FELON -0.367; PROJECT2025 0.027; RACE -0.033",NA
"micro_direct_91","micro_direct_subsets","ISRAEL + FENTANYL + AUTHORITARIAN",3,0.249098646680922,0.200126819290547,"ISRAEL -0.499; FENTANYL -0.03; AUTHORITARIAN 0.337",NA
"micro_direct_2425","micro_direct_subsets","FENTANYL + INFLATION + HEALTHCARE + FELON + PROJECT2025 + GENDER",6,0.297985526105397,0.200030018120104,"FENTANYL -0.128; INFLATION -0.117; HEALTHCARE 0.385; FELON -0.368; PROJECT2025 0.02; GENDER -0.033",NA
"micro_direct_119","micro_direct_subsets","ISRAEL + AUTHORITARIAN + GENDER",3,0.248554426068801,0.19954710602981,"ISRAEL -0.49; AUTHORITARIAN 0.33; GENDER 0.018",NA
"micro_direct_120","micro_direct_subsets","ISRAEL + AUTHORITARIAN + RACE",3,0.248414345226278,0.199397889480166,"ISRAEL -0.493; AUTHORITARIAN 0.338; RACE 0.013",NA
"micro_direct_818","micro_direct_subsets","ISRAEL + CHINA + FENTANYL + INFLATION + HEALTHCARE",5,0.280997469947617,0.199292636987119,"ISRAEL -0.325; CHINA 0.188; FENTANYL -0.152; INFLATION -0.072; HEALTHCARE 0.298",NA
"micro_direct_827","micro_direct_subsets","ISRAEL + CHINA + FENTANYL + HEALTHCARE + PROJECT2025",5,0.280882218663125,0.199164288965753,"ISRAEL -0.341; CHINA 0.207; FENTANYL -0.119; HEALTHCARE 0.277; PROJECT2025 0.074",NA
"micro_direct_2454","micro_direct_subsets","FENTANYL + HEALTHCARE + TAX + FELON + GENDER + RACE",6,0.296947089318244,0.198846683176603,"FENTANYL -0.134; HEALTHCARE 0.368; TAX -0.116; FELON -0.383; GENDER -0.032; RACE -0.077",NA
"micro_direct_1748","micro_direct_subsets","ISRAEL + CHINA + INFLATION + AUTHORITARIAN + GENDER + RACE",6,0.296641570434434,0.198498533750867,"ISRAEL -0.492; CHINA 0.233; INFLATION -0.03; AUTHORITARIAN 0.31; GENDER -0.068; RACE -0.047",NA
"micro_direct_2451","micro_direct_subsets","FENTANYL + HEALTHCARE + TAX + FELON + PROJECT2025 + RACE",6,0.296603912302433,0.198455620995795,"FENTANYL -0.134; HEALTHCARE 0.364; TAX -0.123; FELON -0.381; PROJECT2025 0.016; RACE -0.063",NA
"micro_direct_635","micro_direct_subsets","BORDER + HEALTHCARE + GENDER + RACE",4,0.263810296596817,0.198371211849867,"BORDER 0.348; HEALTHCARE 0.302; GENDER -0.038; RACE -0.082",NA
"micro_direct_17","micro_direct_subsets","CHINA + FELON",2,0.231012214402104,0.198289329908576,"CHINA 0.235; FELON -0.413",NA
"micro_direct_625","micro_direct_subsets","BORDER + HEALTHCARE + TAX + RACE",4,0.26372311194984,0.198276277456492,"BORDER 0.345; HEALTHCARE 0.297; TAX -0.03; RACE -0.072",NA
"micro_direct_2491","micro_direct_subsets","HEALTHCARE + TAX + FELON + PROJECT2025 + AUTHORITARIAN + GENDER",6,0.296282184225891,0.198089000629504,"HEALTHCARE 0.382; TAX -0.137; FELON -0.29; PROJECT2025 0.036; AUTHORITARIAN 0.157; GENDER -0.035",NA
"micro_direct_2494","micro_direct_subsets","HEALTHCARE + TAX + FELON + AUTHORITARIAN + GENDER + RACE",6,0.296259209619856,0.198062820264487,"HEALTHCARE 0.379; TAX -0.142; FELON -0.295; AUTHORITARIAN 0.154; GENDER -0.066; RACE -0.043",NA
"micro_direct_472","micro_direct_subsets","CHINA + BORDER + HEALTHCARE + RACE",4,0.263285934370194,0.197800239647545,"CHINA 0.021; BORDER 0.339; HEALTHCARE 0.289; RACE -0.062",NA
"micro_direct_632","micro_direct_subsets","BORDER + HEALTHCARE + PROJECT2025 + RACE",4,0.26309569585741,0.197593091044735,"BORDER 0.346; HEALTHCARE 0.296; PROJECT2025 0.013; RACE -0.063",NA
"micro_direct_2492","micro_direct_subsets","HEALTHCARE + TAX + FELON + PROJECT2025 + AUTHORITARIAN + RACE",6,0.295648270416123,0.197366633730001,"HEALTHCARE 0.37; TAX -0.154; FELON -0.293; PROJECT2025 0.043; AUTHORITARIAN 0.15; RACE -0.016",NA
"micro_direct_830","micro_direct_subsets","ISRAEL + CHINA + FENTANYL + HEALTHCARE + RACE",5,0.279175841834413,0.197264005679233,"ISRAEL -0.338; CHINA 0.204; FENTANYL -0.151; HEALTHCARE 0.272; RACE -0.057",NA
"micro_direct_453","micro_direct_subsets","CHINA + BORDER + FENTANYL + HEALTHCARE",4,0.262335026295339,0.196764806410481,"CHINA 0.029; BORDER 0.318; FENTANYL -0.056; HEALTHCARE 0.321",NA
"micro_direct_1564","micro_direct_subsets","HEALTHCARE + FELON + PROJECT2025 + AUTHORITARIAN + RACE",5,0.278707488214472,0.196742430057026,"HEALTHCARE 0.346; FELON -0.308; PROJECT2025 0.055; AUTHORITARIAN 0.081; RACE 0.017",NA
"micro_direct_1565","micro_direct_subsets","HEALTHCARE + FELON + PROJECT2025 + GENDER + RACE",5,0.278573379328018,0.196593081524384,"HEALTHCARE 0.339; FELON -0.364; PROJECT2025 0.043; GENDER -0.085; RACE -0.048",NA
"micro_direct_304","micro_direct_subsets","ISRAEL + CHINA + INFLATION + HEALTHCARE",4,0.26208302353349,0.196490403403134,"ISRAEL -0.309; CHINA 0.169; INFLATION -0.047; HEALTHCARE 0.253",NA
"micro_direct_583","micro_direct_subsets","BORDER + FENTANYL + HEALTHCARE + GENDER",4,0.262062441806814,0.196467992189642,"BORDER 0.33; FENTANYL -0.056; HEALTHCARE 0.321; GENDER 0.021",NA
"micro_direct_1103","micro_direct_subsets","ISRAEL + TAX + PROJECT2025 + AUTHORITARIAN + GENDER",5,0.278215207776981,0.196194208660729,"ISRAEL -0.517; TAX -0.188; PROJECT2025 0.075; AUTHORITARIAN 0.402; GENDER 0.103",NA
"micro_direct_579","micro_direct_subsets","BORDER + FENTANYL + HEALTHCARE + TAX",4,0.261810035482759,0.196193149747893,"BORDER 0.327; FENTANYL -0.052; HEALTHCARE 0.328; TAX -0.012",NA
"micro_direct_581","micro_direct_subsets","BORDER + FENTANYL + HEALTHCARE + PROJECT2025",4,0.261708191653583,0.196082253133901,"BORDER 0.328; FENTANYL -0.053; HEALTHCARE 0.326; PROJECT2025 -0.006",NA
"micro_direct_2480","micro_direct_subsets","INFLATION + HEALTHCARE + FELON + PROJECT2025 + AUTHORITARIAN + GENDER",6,0.294077751029948,0.195576972103894,"INFLATION -0.104; HEALTHCARE 0.385; FELON -0.304; PROJECT2025 0.043; AUTHORITARIAN 0.112; GENDER -0.081",NA
"micro_direct_1029","micro_direct_subsets","ISRAEL + FENTANYL + TAX + AUTHORITARIAN + GENDER",5,0.277418641999337,0.195307124044716,"ISRAEL -0.519; FENTANYL -0.072; TAX -0.204; AUTHORITARIAN 0.405; GENDER 0.113",NA
"micro_direct_1327","micro_direct_subsets","BORDER + FENTANYL + INFLATION + HEALTHCARE + RACE",5,0.277341292888855,0.195220985262589,"BORDER 0.344; FENTANYL -0.088; INFLATION -0.108; HEALTHCARE 0.337; RACE -0.084",NA
"micro_direct_315","micro_direct_subsets","ISRAEL + CHINA + HEALTHCARE + GENDER",4,0.260665713951789,0.194947110747504,"ISRAEL -0.312; CHINA 0.181; HEALTHCARE 0.251; GENDER -0.029",NA
"micro_direct_316","micro_direct_subsets","ISRAEL + CHINA + HEALTHCARE + RACE",4,0.260657955598476,0.194938662762785,"ISRAEL -0.316; CHINA 0.179; HEALTHCARE 0.237; RACE -0.028",NA
"micro_direct_2483","micro_direct_subsets","INFLATION + HEALTHCARE + FELON + AUTHORITARIAN + GENDER + RACE",6,0.293376428348503,0.194777790443643,"INFLATION -0.104; HEALTHCARE 0.382; FELON -0.308; AUTHORITARIAN 0.108; GENDER -0.114; RACE -0.04",NA
"micro_direct_2450","micro_direct_subsets","FENTANYL + HEALTHCARE + TAX + FELON + PROJECT2025 + GENDER",6,0.293371006889483,0.194771612501969,"FENTANYL -0.123; HEALTHCARE 0.366; TAX -0.104; FELON -0.374; PROJECT2025 0.016; GENDER 0.009",NA
"micro_direct_311","micro_direct_subsets","ISRAEL + CHINA + HEALTHCARE + TAX",4,0.25998677760452,0.1942078245027,"ISRAEL -0.313; CHINA 0.174; HEALTHCARE 0.245; TAX -0.009",NA
"micro_direct_825","micro_direct_subsets","ISRAEL + CHINA + FENTANYL + HEALTHCARE + TAX",5,0.276365092299551,0.194133852788136,"ISRAEL -0.33; CHINA 0.194; FENTANYL -0.139; HEALTHCARE 0.283; TAX -0.013",NA
"micro_direct_469","micro_direct_subsets","CHINA + BORDER + HEALTHCARE + PROJECT2025",4,0.259807030503779,0.194012099881892,"CHINA 0.022; BORDER 0.324; HEALTHCARE 0.304; PROJECT2025 0.012",NA
"micro_direct_87","micro_direct_subsets","ISRAEL + FENTANYL + HEALTHCARE",3,0.243312069293449,0.193962856421283,"ISRAEL -0.301; FENTANYL -0.11; HEALTHCARE 0.342",NA
"micro_direct_829","micro_direct_subsets","ISRAEL + CHINA + FENTANYL + HEALTHCARE + GENDER",5,0.27619474786962,0.193944151036622,"ISRAEL -0.331; CHINA 0.195; FENTANYL -0.139; HEALTHCARE 0.28; GENDER 0.001",NA
"micro_direct_467","micro_direct_subsets","CHINA + BORDER + HEALTHCARE + TAX",4,0.259718617851674,0.193915828327379,"CHINA 0.019; BORDER 0.325; HEALTHCARE 0.304; TAX -0.007",NA
"micro_direct_471","micro_direct_subsets","CHINA + BORDER + HEALTHCARE + GENDER",4,0.259679858000847,0.193873623156478,"CHINA 0.018; BORDER 0.326; HEALTHCARE 0.301; GENDER 0.004",NA
"micro_direct_624","micro_direct_subsets","BORDER + HEALTHCARE + TAX + GENDER",4,0.259594983720576,0.193781204495738,"BORDER 0.331; HEALTHCARE 0.304; TAX -0.014; GENDER 0.015",NA
"micro_direct_631","micro_direct_subsets","BORDER + HEALTHCARE + PROJECT2025 + GENDER",4,0.259541522445757,0.193722991107602,"BORDER 0.332; HEALTHCARE 0.305; PROJECT2025 0.011; GENDER 0.011",NA
"micro_direct_622","micro_direct_subsets","BORDER + HEALTHCARE + TAX + PROJECT2025",4,0.259491404850673,0.193668418615177,"BORDER 0.331; HEALTHCARE 0.309; TAX -0.007; PROJECT2025 0.008",NA
"micro_direct_2462","micro_direct_subsets","FENTANYL + HEALTHCARE + FELON + AUTHORITARIAN + GENDER + RACE",6,0.291749854174835,0.192924252431789,"FENTANYL -0.105; HEALTHCARE 0.391; FELON -0.326; AUTHORITARIAN 0.086; GENDER -0.089; RACE -0.042",NA
"micro_direct_2459","micro_direct_subsets","FENTANYL + HEALTHCARE + FELON + PROJECT2025 + AUTHORITARIAN + GENDER",6,0.290906075112875,0.191962736756533,"FENTANYL -0.097; HEALTHCARE 0.392; FELON -0.318; PROJECT2025 0.018; AUTHORITARIAN 0.093; GENDER -0.063",NA
"micro_direct_1064","micro_direct_subsets","ISRAEL + INFLATION + TAX + AUTHORITARIAN + GENDER",5,0.273879494385516,0.191365800565688,"ISRAEL -0.503; INFLATION -0.028; TAX -0.185; AUTHORITARIAN 0.401; GENDER 0.085",NA
"micro_direct_2475","micro_direct_subsets","INFLATION + HEALTHCARE + TAX + FELON + GENDER + RACE",6,0.290217296231672,0.191177849194231,"INFLATION -0.087; HEALTHCARE 0.344; TAX -0.075; FELON -0.37; GENDER -0.073; RACE -0.069",NA
"micro_direct_2472","micro_direct_subsets","INFLATION + HEALTHCARE + TAX + FELON + PROJECT2025 + RACE",6,0.290119916924875,0.191066882077184,"INFLATION -0.086; HEALTHCARE 0.336; TAX -0.09; FELON -0.366; PROJECT2025 0.055; RACE -0.039",NA
"micro_direct_1106","micro_direct_subsets","ISRAEL + TAX + AUTHORITARIAN + GENDER + RACE",5,0.273226515303454,0.19063861931521,"ISRAEL -0.503; TAX -0.188; AUTHORITARIAN 0.401; GENDER 0.091; RACE 0.013",NA
"micro_direct_2471","micro_direct_subsets","INFLATION + HEALTHCARE + TAX + FELON + PROJECT2025 + GENDER",6,0.289242306782431,0.190066814705561,"INFLATION -0.086; HEALTHCARE 0.346; TAX -0.067; FELON -0.364; PROJECT2025 0.048; GENDER -0.026",NA
"micro_direct_2481","micro_direct_subsets","INFLATION + HEALTHCARE + FELON + PROJECT2025 + AUTHORITARIAN + RACE",6,0.288958408064595,0.189743302213144,"INFLATION -0.103; HEALTHCARE 0.362; FELON -0.305; PROJECT2025 0.059; AUTHORITARIAN 0.092; RACE 0.012",NA
"micro_direct_1392","micro_direct_subsets","BORDER + INFLATION + HEALTHCARE + GENDER + RACE",5,0.272152549596095,0.189442612050197,"BORDER 0.349; INFLATION -0.092; HEALTHCARE 0.314; GENDER -0.041; RACE -0.091",NA
"micro_direct_848","micro_direct_subsets","ISRAEL + CHINA + INFLATION + HEALTHCARE + PROJECT2025",5,0.27184576433908,0.189100964832158,"ISRAEL -0.327; CHINA 0.188; INFLATION -0.048; HEALTHCARE 0.256; PROJECT2025 0.103",NA
"micro_direct_1326","micro_direct_subsets","BORDER + FENTANYL + INFLATION + HEALTHCARE + GENDER",5,0.271725814299076,0.188967384105789,"BORDER 0.328; FENTANYL -0.079; INFLATION -0.101; HEALTHCARE 0.341; GENDER 0.028",NA
"micro_direct_411","micro_direct_subsets","ISRAEL + INFLATION + PROJECT2025 + AUTHORITARIAN",4,0.254950946273066,0.188724363719561,"ISRAEL -0.506; INFLATION -0.047; PROJECT2025 0.069; AUTHORITARIAN 0.345",NA
"micro_direct_1382","micro_direct_subsets","BORDER + INFLATION + HEALTHCARE + TAX + RACE",5,0.271399636241221,0.188604140359541,"BORDER 0.346; INFLATION -0.089; HEALTHCARE 0.306; TAX -0.019; RACE -0.075",NA
"micro_direct_1389","micro_direct_subsets","BORDER + INFLATION + HEALTHCARE + PROJECT2025 + RACE",5,0.271378072870194,0.188580126605443,"BORDER 0.347; INFLATION -0.092; HEALTHCARE 0.307; PROJECT2025 0.017; RACE -0.07",NA
"micro_direct_1112","micro_direct_subsets","CHINA + BORDER + FENTANYL + INFLATION + HEALTHCARE",5,0.271368805405323,0.188569806019565,"CHINA 0.02; BORDER 0.319; FENTANYL -0.075; INFLATION -0.098; HEALTHCARE 0.343",NA
"micro_direct_2482","micro_direct_subsets","INFLATION + HEALTHCARE + FELON + PROJECT2025 + GENDER + RACE",6,0.287924129601735,0.188564705825233,"INFLATION -0.098; HEALTHCARE 0.351; FELON -0.366; PROJECT2025 0.047; GENDER -0.089; RACE -0.057",NA
"micro_direct_2460","micro_direct_subsets","FENTANYL + HEALTHCARE + FELON + PROJECT2025 + AUTHORITARIAN + RACE",6,0.287856746804721,0.188487920777472,"FENTANYL -0.109; HEALTHCARE 0.375; FELON -0.321; PROJECT2025 0.028; AUTHORITARIAN 0.075; RACE 0",NA
"micro_direct_878","micro_direct_subsets","ISRAEL + CHINA + HEALTHCARE + PROJECT2025 + RACE",5,0.271280630420227,0.188471611149798,"ISRAEL -0.336; CHINA 0.201; HEALTHCARE 0.238; PROJECT2025 0.108; RACE -0.041",NA
"micro_direct_1104","micro_direct_subsets","ISRAEL + TAX + PROJECT2025 + AUTHORITARIAN + RACE",5,0.271184818945643,0.188364912007648,"ISRAEL -0.52; TAX -0.158; PROJECT2025 0.057; AUTHORITARIAN 0.406; RACE -0.035",NA
"micro_direct_1145","micro_direct_subsets","CHINA + BORDER + INFLATION + HEALTHCARE + RACE",5,0.271166808380604,0.188344854787491,"CHINA 0.01; BORDER 0.344; INFLATION -0.09; HEALTHCARE 0.302; RACE -0.069",NA
"micro_direct_1324","micro_direct_subsets","BORDER + FENTANYL + INFLATION + HEALTHCARE + PROJECT2025",5,0.271124480339822,0.188297716742075,"BORDER 0.326; FENTANYL -0.074; INFLATION -0.1; HEALTHCARE 0.346; PROJECT2025 -0.008",NA
"micro_direct_1322","micro_direct_subsets","BORDER + FENTANYL + INFLATION + HEALTHCARE + TAX",5,0.271071880036003,0.188239139131004,"BORDER 0.326; FENTANYL -0.072; INFLATION -0.1; HEALTHCARE 0.347; TAX 0.001",NA
"micro_direct_1061","micro_direct_subsets","ISRAEL + INFLATION + TAX + PROJECT2025 + AUTHORITARIAN",5,0.271053324441925,0.18821847494669,"ISRAEL -0.519; INFLATION -0.031; TAX -0.144; PROJECT2025 0.055; AUTHORITARIAN 0.409",NA
"micro_direct_254","micro_direct_subsets","HEALTHCARE + TAX + AUTHORITARIAN",3,0.237877986802499,0.18817437724614,"HEALTHCARE 0.459; TAX -0.19; AUTHORITARIAN 0.317",NA
"micro_direct_2461","micro_direct_subsets","FENTANYL + HEALTHCARE + FELON + PROJECT2025 + GENDER + RACE",6,0.287224635704996,0.187767608128949,"FENTANYL -0.106; HEALTHCARE 0.366; FELON -0.371; PROJECT2025 0.019; GENDER -0.073; RACE -0.057",NA
"micro_direct_103","micro_direct_subsets","ISRAEL + HEALTHCARE + PROJECT2025",3,0.237414750058824,0.187680929410486,"ISRAEL -0.3; HEALTHCARE 0.314; PROJECT2025 0.069",NA
"micro_direct_1026","micro_direct_subsets","ISRAEL + FENTANYL + TAX + PROJECT2025 + AUTHORITARIAN",5,0.270544056244059,0.187651335362702,"ISRAEL -0.523; FENTANYL -0.021; TAX -0.15; PROJECT2025 0.048; AUTHORITARIAN 0.411",NA
"micro_direct_94","micro_direct_subsets","ISRAEL + INFLATION + HEALTHCARE",3,0.237321292413843,0.187581376701702,"ISRAEL -0.284; INFLATION -0.067; HEALTHCARE 0.317",NA
"micro_direct_448","micro_direct_subsets","ISRAEL + PROJECT2025 + AUTHORITARIAN + GENDER",4,0.253893787673927,0.187573235467165,"ISRAEL -0.504; PROJECT2025 0.077; AUTHORITARIAN 0.332; GENDER 0.037",NA
"micro_direct_1030","micro_direct_subsets","ISRAEL + FENTANYL + TAX + AUTHORITARIAN + RACE",5,0.269942943825162,0.186981914714385,"ISRAEL -0.519; FENTANYL -0.045; TAX -0.169; AUTHORITARIAN 0.408; RACE -0.041",NA
"micro_direct_877","micro_direct_subsets","ISRAEL + CHINA + HEALTHCARE + PROJECT2025 + GENDER",5,0.269705787782781,0.186717809121734,"ISRAEL -0.331; CHINA 0.196; HEALTHCARE 0.248; PROJECT2025 0.101; GENDER -0.007",NA
"micro_direct_868","micro_direct_subsets","ISRAEL + CHINA + HEALTHCARE + TAX + PROJECT2025",5,0.269689945860857,0.186700166981409,"ISRAEL -0.332; CHINA 0.195; HEALTHCARE 0.245; TAX 0.005; PROJECT2025 0.103",NA
"micro_direct_994","micro_direct_subsets","ISRAEL + FENTANYL + INFLATION + TAX + AUTHORITARIAN",5,0.269666160680618,0.18667367893978,"ISRAEL -0.517; FENTANYL -0.04; INFLATION -0.034; TAX -0.151; AUTHORITARIAN 0.411",NA
"micro_direct_390","micro_direct_subsets","ISRAEL + FENTANYL + PROJECT2025 + AUTHORITARIAN",4,0.252818893993785,0.186402795682122,"ISRAEL -0.508; FENTANYL -0.011; PROJECT2025 0.065; AUTHORITARIAN 0.342",NA
"micro_direct_449","micro_direct_subsets","ISRAEL + PROJECT2025 + AUTHORITARIAN + RACE",4,0.252743018802306,0.186320176029178,"ISRAEL -0.506; PROJECT2025 0.067; AUTHORITARIAN 0.342; RACE 0.006",NA
"micro_direct_1065","micro_direct_subsets","ISRAEL + INFLATION + TAX + AUTHORITARIAN + RACE",5,0.269038970156836,0.185975216765567,"ISRAEL -0.508; INFLATION -0.03; TAX -0.16; AUTHORITARIAN 0.405; RACE -0.031",NA
"micro_direct_1660","micro_direct_subsets","ISRAEL + CHINA + FENTANYL + INFLATION + HEALTHCARE + PROJECT2025",6,0.285288533338387,0.185561351943743,"ISRAEL -0.335; CHINA 0.199; FENTANYL -0.132; INFLATION -0.069; HEALTHCARE 0.295; PROJECT2025 0.07",NA
"micro_direct_157","micro_direct_subsets","CHINA + FELON + PROJECT2025",3,0.235103671861754,0.185219128722303,"CHINA 0.247; FELON -0.421; PROJECT2025 0.066",NA
"micro_direct_372","micro_direct_subsets","ISRAEL + FENTANYL + INFLATION + AUTHORITARIAN",4,0.251656684445144,0.185137278618046,"ISRAEL -0.5; FENTANYL -0.037; INFLATION -0.051; AUTHORITARIAN 0.342",NA
"micro_direct_1663","micro_direct_subsets","ISRAEL + CHINA + FENTANYL + INFLATION + HEALTHCARE + RACE",6,0.284740690795414,0.184937066255239,"ISRAEL -0.333; CHINA 0.197; FENTANYL -0.167; INFLATION -0.077; HEALTHCARE 0.29; RACE -0.064",NA
"micro_direct_2493","micro_direct_subsets","HEALTHCARE + TAX + FELON + PROJECT2025 + GENDER + RACE",6,0.284611304697032,0.184789626282664,"HEALTHCARE 0.336; TAX -0.088; FELON -0.372; PROJECT2025 0.043; GENDER -0.055; RACE -0.061",NA
"micro_direct_1690","micro_direct_subsets","ISRAEL + CHINA + FENTANYL + HEALTHCARE + PROJECT2025 + RACE",6,0.284517076839769,0.184682250352295,"ISRAEL -0.35; CHINA 0.217; FENTANYL -0.131; HEALTHCARE 0.268; PROJECT2025 0.079; RACE -0.063",NA
"micro_direct_158","micro_direct_subsets","CHINA + FELON + AUTHORITARIAN",3,0.234398023510662,0.184467459826575,"CHINA 0.243; FELON -0.444; AUTHORITARIAN -0.067",NA
"micro_direct_1347","micro_direct_subsets","BORDER + FENTANYL + HEALTHCARE + TAX + RACE",5,0.267643988139823,0.184421714064803,"BORDER 0.342; FENTANYL -0.069; HEALTHCARE 0.321; TAX -0.039; RACE -0.085",NA
"micro_direct_2496","micro_direct_subsets","HEALTHCARE + FELON + PROJECT2025 + AUTHORITARIAN + GENDER + RACE",6,0.28422552533475,0.184350017241924,"HEALTHCARE 0.367; FELON -0.315; PROJECT2025 0.039; AUTHORITARIAN 0.093; GENDER -0.098; RACE -0.031",NA
"micro_direct_134","micro_direct_subsets","CHINA + FENTANYL + FELON",3,0.234280628169379,0.184342408267381,"CHINA 0.248; FENTANYL -0.06; FELON -0.424",NA
"micro_direct_368","micro_direct_subsets","ISRAEL + FENTANYL + INFLATION + HEALTHCARE",4,0.250882190142057,0.184293940376907,"ISRAEL -0.295; FENTANYL -0.127; INFLATION -0.09; HEALTHCARE 0.362",NA
"micro_direct_414","micro_direct_subsets","ISRAEL + INFLATION + AUTHORITARIAN + GENDER",4,0.250754095926787,0.184154460009168,"ISRAEL -0.49; INFLATION -0.047; AUTHORITARIAN 0.333; GENDER 0.019",NA
"micro_direct_160","micro_direct_subsets","CHINA + FELON + RACE",3,0.234033619613856,0.184079290458238,"CHINA 0.237; FELON -0.413; RACE -0.055",NA
"micro_direct_152","micro_direct_subsets","CHINA + TAX + FELON",3,0.2340009427811,0.184044482527694,"CHINA 0.232; TAX -0.055; FELON -0.422",NA
"micro_direct_1124","micro_direct_subsets","CHINA + BORDER + FENTANYL + HEALTHCARE + RACE",5,0.267227912132991,0.183958356693558,"CHINA 0.034; BORDER 0.333; FENTANYL -0.069; HEALTHCARE 0.31; RACE -0.074",NA
"micro_direct_415","micro_direct_subsets","ISRAEL + INFLATION + AUTHORITARIAN + RACE",4,0.250478468811369,0.183854332705713,"ISRAEL -0.492; INFLATION -0.046; AUTHORITARIAN 0.341; RACE 0.009",NA
"micro_direct_1388","micro_direct_subsets","BORDER + INFLATION + HEALTHCARE + PROJECT2025 + GENDER",5,0.267007659947799,0.183713075850958,"BORDER 0.332; INFLATION -0.087; HEALTHCARE 0.316; PROJECT2025 0.014; GENDER 0.013",NA
"micro_direct_1142","micro_direct_subsets","CHINA + BORDER + INFLATION + HEALTHCARE + PROJECT2025",5,0.266952690093447,0.183651859422247,"CHINA 0.011; BORDER 0.327; INFLATION -0.086; HEALTHCARE 0.318; PROJECT2025 0.014",NA
"micro_direct_1379","micro_direct_subsets","BORDER + INFLATION + HEALTHCARE + TAX + PROJECT2025",5,0.266882311325814,0.183573483067384,"BORDER 0.331; INFLATION -0.088; HEALTHCARE 0.32; TAX 0.005; PROJECT2025 0.012",NA
"micro_direct_1144","micro_direct_subsets","CHINA + BORDER + INFLATION + HEALTHCARE + GENDER",5,0.266840932241266,0.183527401814137,"CHINA 0.006; BORDER 0.33; INFLATION -0.086; HEALTHCARE 0.314; GENDER 0.008",NA
"micro_direct_1381","micro_direct_subsets","BORDER + INFLATION + HEALTHCARE + TAX + GENDER",5,0.266814335932951,0.18349778319806,"BORDER 0.332; INFLATION -0.087; HEALTHCARE 0.315; TAX -0.001; GENDER 0.01",NA
"micro_direct_101","micro_direct_subsets","ISRAEL + HEALTHCARE + TAX",3,0.233472370185495,0.183481437806288,"ISRAEL -0.287; HEALTHCARE 0.31; TAX -0.024",NA
"micro_direct_1140","micro_direct_subsets","CHINA + BORDER + INFLATION + HEALTHCARE + TAX",5,0.266795514269051,0.183476822708716,"CHINA 0.008; BORDER 0.329; INFLATION -0.086; HEALTHCARE 0.316; TAX 0.004",NA
"micro_direct_1357","micro_direct_subsets","BORDER + FENTANYL + HEALTHCARE + GENDER + RACE",5,0.266754770146801,0.183431448572574,"BORDER 0.345; FENTANYL -0.06; HEALTHCARE 0.32; GENDER -0.026; RACE -0.085",NA
"micro_direct_393","micro_direct_subsets","ISRAEL + FENTANYL + AUTHORITARIAN + GENDER",4,0.249851614112976,0.183171757589685,"ISRAEL -0.498; FENTANYL -0.039; AUTHORITARIAN 0.33; GENDER 0.03",NA
"micro_direct_159","micro_direct_subsets","CHINA + FELON + GENDER",3,0.23303999013156,0.183020859053184,"CHINA 0.248; FELON -0.422; GENDER -0.048",NA
"micro_direct_1354","micro_direct_subsets","BORDER + FENTANYL + HEALTHCARE + PROJECT2025 + RACE",5,0.266352654241411,0.182983637677935,"BORDER 0.344; FENTANYL -0.064; HEALTHCARE 0.316; PROJECT2025 -0.003; RACE -0.072",NA
"micro_direct_106","micro_direct_subsets","ISRAEL + HEALTHCARE + RACE",3,0.232949728647224,0.182924710950303,"ISRAEL -0.29; HEALTHCARE 0.306; RACE -0.008",NA
"micro_direct_105","micro_direct_subsets","ISRAEL + HEALTHCARE + GENDER",3,0.232918479681602,0.182891424008663,"ISRAEL -0.29; HEALTHCARE 0.305; GENDER 0.006",NA
"micro_direct_451","micro_direct_subsets","ISRAEL + AUTHORITARIAN + GENDER + RACE",4,0.249219211492716,0.18248314140318,"ISRAEL -0.49; AUTHORITARIAN 0.333; GENDER 0.035; RACE 0.031",NA
"micro_direct_141","micro_direct_subsets","CHINA + INFLATION + FELON",3,0.232519751551441,0.182466691870013,"CHINA 0.232; INFLATION -0.039; FELON -0.415",NA
"micro_direct_394","micro_direct_subsets","ISRAEL + FENTANYL + AUTHORITARIAN + RACE",4,0.249138933451598,0.182395727536185,"ISRAEL -0.499; FENTANYL -0.028; AUTHORITARIAN 0.339; RACE 0.007",NA
"micro_direct_1175","micro_direct_subsets","CHINA + BORDER + HEALTHCARE + GENDER + RACE",5,0.264720723066048,0.181166259778099,"CHINA 0.036; BORDER 0.337; HEALTHCARE 0.297; GENDER -0.05; RACE -0.09",NA
"micro_direct_679","micro_direct_subsets","FENTANYL + HEALTHCARE + TAX + AUTHORITARIAN",4,0.247808201736356,0.180946708557366,"FENTANYL -0.107; HEALTHCARE 0.499; TAX -0.2; AUTHORITARIAN 0.327",NA
"micro_direct_1662","micro_direct_subsets","ISRAEL + CHINA + FENTANYL + INFLATION + HEALTHCARE + GENDER",6,0.281034970619428,0.180714268845395,"ISRAEL -0.326; CHINA 0.187; FENTANYL -0.153; INFLATION -0.072; HEALTHCARE 0.297; GENDER 0.007",NA
"micro_direct_1689","micro_direct_subsets","ISRAEL + CHINA + FENTANYL + HEALTHCARE + PROJECT2025 + GENDER",6,0.281034966575686,0.18071426423741,"ISRAEL -0.343; CHINA 0.205; FENTANYL -0.122; HEALTHCARE 0.275; PROJECT2025 0.076; GENDER 0.014",NA
"micro_direct_1658","micro_direct_subsets","ISRAEL + CHINA + FENTANYL + INFLATION + HEALTHCARE + TAX",6,0.281023476825037,0.18070117126574,"ISRAEL -0.325; CHINA 0.188; FENTANYL -0.152; INFLATION -0.071; HEALTHCARE 0.299; TAX -0.005",NA
"micro_direct_1422","micro_direct_subsets","BORDER + HEALTHCARE + TAX + GENDER + RACE",5,0.264205504859627,0.180592494048221,"BORDER 0.347; HEALTHCARE 0.303; TAX -0.022; GENDER -0.029; RACE -0.085",NA
"micro_direct_1680","micro_direct_subsets","ISRAEL + CHINA + FENTANYL + HEALTHCARE + TAX + PROJECT2025",6,0.280889006753168,0.180547937928029,"ISRAEL -0.341; CHINA 0.206; FENTANYL -0.119; HEALTHCARE 0.278; TAX -0.003; PROJECT2025 0.073",NA
"micro_direct_1165","micro_direct_subsets","CHINA + BORDER + HEALTHCARE + TAX + RACE",5,0.264050132005368,0.180419465187796,"CHINA 0.02; BORDER 0.338; HEALTHCARE 0.292; TAX -0.03; RACE -0.072",NA
"micro_direct_1971","micro_direct_subsets","ISRAEL + FENTANYL + TAX + PROJECT2025 + AUTHORITARIAN + GENDER",6,0.280747942733807,0.180387190557129,"ISRAEL -0.527; FENTANYL -0.057; TAX -0.2; PROJECT2025 0.062; AUTHORITARIAN 0.406; GENDER 0.122",NA
"micro_direct_1431","micro_direct_subsets","BORDER + HEALTHCARE + PROJECT2025 + GENDER + RACE",5,0.263860245866967,0.180208001079122,"BORDER 0.348; HEALTHCARE 0.303; PROJECT2025 0.007; GENDER -0.036; RACE -0.082",NA
"micro_direct_1419","micro_direct_subsets","BORDER + HEALTHCARE + TAX + PROJECT2025 + RACE",5,0.263845614530782,0.180191707091099,"BORDER 0.344; HEALTHCARE 0.298; TAX -0.029; PROJECT2025 0.011; RACE -0.072",NA
"micro_direct_1693","micro_direct_subsets","ISRAEL + CHINA + FENTANYL + HEALTHCARE + GENDER + RACE",6,0.280532046142174,0.180141168859686,"ISRAEL -0.337; CHINA 0.217; FENTANYL -0.146; HEALTHCARE 0.278; GENDER -0.049; RACE -0.084",NA
"micro_direct_1172","micro_direct_subsets","CHINA + BORDER + HEALTHCARE + PROJECT2025 + RACE",5,0.263584403165304,0.179900812615907,"CHINA 0.025; BORDER 0.337; HEALTHCARE 0.291; PROJECT2025 0.018; RACE -0.064",NA
"micro_direct_881","micro_direct_subsets","ISRAEL + CHINA + HEALTHCARE + GENDER + RACE",5,0.26355869089038,0.17987217849156,"ISRAEL -0.316; CHINA 0.198; HEALTHCARE 0.247; GENDER -0.072; RACE -0.068",NA
"micro_direct_1683","micro_direct_subsets","ISRAEL + CHINA + FENTANYL + HEALTHCARE + TAX + RACE",6,0.28028250442434,0.179856807367271,"ISRAEL -0.336; CHINA 0.203; FENTANYL -0.155; HEALTHCARE 0.277; TAX -0.036; RACE -0.069",NA
"micro_direct_714","micro_direct_subsets","INFLATION + HEALTHCARE + TAX + AUTHORITARIAN",4,0.24672088730451,0.1797627439538,"INFLATION -0.096; HEALTHCARE 0.471; TAX -0.179; AUTHORITARIAN 0.321",NA
"micro_direct_1","micro_direct_subsets","ISRAEL + CHINA",2,0.212788221766719,0.179289848224877,"ISRAEL -0.391; CHINA 0.255",NA
"micro_direct_851","micro_direct_subsets","ISRAEL + CHINA + INFLATION + HEALTHCARE + RACE",5,0.262968680250909,0.179215121188512,"ISRAEL -0.312; CHINA 0.173; INFLATION -0.049; HEALTHCARE 0.247; RACE -0.03",NA
"micro_direct_850","micro_direct_subsets","ISRAEL + CHINA + INFLATION + HEALTHCARE + GENDER",5,0.262749913321054,0.178971494380264,"ISRAEL -0.307; CHINA 0.175; INFLATION -0.047; HEALTHCARE 0.26; GENDER -0.028",NA
"micro_direct_1346","micro_direct_subsets","BORDER + FENTANYL + HEALTHCARE + TAX + GENDER",5,0.262581621429546,0.178784078410176,"BORDER 0.327; FENTANYL -0.061; HEALTHCARE 0.323; TAX -0.026; GENDER 0.034",NA
"micro_direct_1123","micro_direct_subsets","CHINA + BORDER + FENTANYL + HEALTHCARE + GENDER",5,0.262540098551353,0.178737837023098,"CHINA 0.025; BORDER 0.32; FENTANYL -0.059; HEALTHCARE 0.318; GENDER 0.016",NA
"micro_direct_1119","micro_direct_subsets","CHINA + BORDER + FENTANYL + HEALTHCARE + TAX",5,0.26244611291401,0.178633171199693,"CHINA 0.029; BORDER 0.317; FENTANYL -0.057; HEALTHCARE 0.323; TAX -0.011",NA
"micro_direct_1121","micro_direct_subsets","CHINA + BORDER + FENTANYL + HEALTHCARE + PROJECT2025",5,0.262337218823721,0.178511902780962,"CHINA 0.029; BORDER 0.318; FENTANYL -0.057; HEALTHCARE 0.321; PROJECT2025 -0.002",NA
"micro_direct_2006","micro_direct_subsets","ISRAEL + INFLATION + TAX + PROJECT2025 + AUTHORITARIAN + GENDER",6,0.279089032321275,0.178496804273081,"ISRAEL -0.517; INFLATION -0.03; TAX -0.184; PROJECT2025 0.076; AUTHORITARIAN 0.402; GENDER 0.103",NA
"micro_direct_846","micro_direct_subsets","ISRAEL + CHINA + INFLATION + HEALTHCARE + TAX",5,0.262091347181182,0.178238091179043,"ISRAEL -0.309; CHINA 0.169; INFLATION -0.047; HEALTHCARE 0.253; TAX -0.003",NA
"micro_direct_1353","micro_direct_subsets","BORDER + FENTANYL + HEALTHCARE + PROJECT2025 + GENDER",5,0.262066802765415,0.178210757625121,"BORDER 0.33; FENTANYL -0.057; HEALTHCARE 0.321; PROJECT2025 -0.002; GENDER 0.021",NA
"micro_direct_1932","micro_direct_subsets","ISRAEL + FENTANYL + INFLATION + TAX + AUTHORITARIAN + GENDER",6,0.278766329380259,0.178129073014714,"ISRAEL -0.519; FENTANYL -0.077; INFLATION -0.037; TAX -0.199; AUTHORITARIAN 0.406; GENDER 0.114",NA
"micro_direct_1344","micro_direct_subsets","BORDER + FENTANYL + HEALTHCARE + TAX + PROJECT2025",5,0.261856332413453,0.17797637018771,"BORDER 0.327; FENTANYL -0.055; HEALTHCARE 0.328; TAX -0.012; PROJECT2025 -0.007",NA
"micro_direct_377","micro_direct_subsets","ISRAEL + FENTANYL + HEALTHCARE + PROJECT2025",4,0.244977845388923,0.17786476497905,"ISRAEL -0.306; FENTANYL -0.097; HEALTHCARE 0.343; PROJECT2025 0.043",NA
"micro_direct_2034","micro_direct_subsets","ISRAEL + TAX + PROJECT2025 + AUTHORITARIAN + GENDER + RACE",6,0.278387817288314,0.177697745282032,"ISRAEL -0.517; TAX -0.187; PROJECT2025 0.076; AUTHORITARIAN 0.403; GENDER 0.112; RACE 0.016",NA
"micro_direct_2292","micro_direct_subsets","BORDER + FENTANYL + INFLATION + HEALTHCARE + TAX + RACE",6,0.278021832933999,0.177280693343394,"BORDER 0.343; FENTANYL -0.091; INFLATION -0.106; HEALTHCARE 0.34; TAX -0.028; RACE -0.093",NA
"micro_direct_379","micro_direct_subsets","ISRAEL + FENTANYL + HEALTHCARE + GENDER",4,0.244286588666905,0.177112063215075,"ISRAEL -0.305; FENTANYL -0.118; HEALTHCARE 0.334; GENDER 0.034",NA
"micro_direct_1450","micro_direct_subsets","FENTANYL + INFLATION + HEALTHCARE + TAX + AUTHORITARIAN",5,0.261068153267337,0.177098625229534,"FENTANYL -0.131; INFLATION -0.12; HEALTHCARE 0.523; TAX -0.189; AUTHORITARIAN 0.334",NA
"micro_direct_2041","micro_direct_subsets","CHINA + BORDER + FENTANYL + INFLATION + HEALTHCARE + RACE",6,0.277794741291971,0.177021914495502,"CHINA 0.024; BORDER 0.336; FENTANYL -0.092; INFLATION -0.107; HEALTHCARE 0.332; RACE -0.085",NA
"micro_direct_871","micro_direct_subsets","ISRAEL + CHINA + HEALTHCARE + TAX + RACE",5,0.260986303894878,0.177007474792023,"ISRAEL -0.315; CHINA 0.178; HEALTHCARE 0.24; TAX -0.019; RACE -0.034",NA
"micro_direct_375","micro_direct_subsets","ISRAEL + FENTANYL + HEALTHCARE + TAX",4,0.244167591858888,0.176982488913012,"ISRAEL -0.299; FENTANYL -0.111; HEALTHCARE 0.347; TAX -0.03",NA
"micro_direct_2302","micro_direct_subsets","BORDER + FENTANYL + INFLATION + HEALTHCARE + GENDER + RACE",6,0.277732177657192,0.176950621051219,"BORDER 0.346; FENTANYL -0.084; INFLATION -0.108; HEALTHCARE 0.341; GENDER -0.025; RACE -0.097",NA
"micro_direct_567","micro_direct_subsets","CHINA + FELON + GENDER + RACE",4,0.244138264026954,0.176950554162683,"CHINA 0.279; FELON -0.439; GENDER -0.136; RACE -0.134",NA
"micro_direct_380","micro_direct_subsets","ISRAEL + FENTANYL + HEALTHCARE + RACE",4,0.244043653119462,0.176847533396748,"ISRAEL -0.304; FENTANYL -0.115; HEALTHCARE 0.339; RACE -0.028",NA
"micro_direct_870","micro_direct_subsets","ISRAEL + CHINA + HEALTHCARE + TAX + GENDER",5,0.260686447762975,0.176673544099676,"ISRAEL -0.312; CHINA 0.182; HEALTHCARE 0.251; TAX 0.005; GENDER -0.032",NA
"micro_direct_1974","micro_direct_subsets","ISRAEL + FENTANYL + TAX + AUTHORITARIAN + GENDER + RACE",6,0.277449003513271,0.176627934236053,"ISRAEL -0.519; FENTANYL -0.071; TAX -0.203; AUTHORITARIAN 0.406; GENDER 0.116; RACE 0.007",NA
"micro_direct_2299","micro_direct_subsets","BORDER + FENTANYL + INFLATION + HEALTHCARE + PROJECT2025 + RACE",6,0.277362250373355,0.176529076006846,"BORDER 0.344; FENTANYL -0.089; INFLATION -0.108; HEALTHCARE 0.337; PROJECT2025 -0.005; RACE -0.084",NA
"micro_direct_49","micro_direct_subsets","HEALTHCARE + AUTHORITARIAN",2,0.209524966166246,0.175887730683959,"HEALTHCARE 0.426; AUTHORITARIAN 0.231",NA
"micro_direct_1171","micro_direct_subsets","CHINA + BORDER + HEALTHCARE + PROJECT2025 + GENDER",5,0.259845590723235,0.175737135123603,"CHINA 0.02; BORDER 0.325; HEALTHCARE 0.302; PROJECT2025 0.014; GENDER 0.007",NA
"micro_direct_1162","micro_direct_subsets","CHINA + BORDER + HEALTHCARE + TAX + PROJECT2025",5,0.259844011479238,0.17573537642006,"CHINA 0.022; BORDER 0.323; HEALTHCARE 0.305; TAX -0.006; PROJECT2025 0.012",NA
"micro_direct_1164","micro_direct_subsets","CHINA + BORDER + HEALTHCARE + TAX + GENDER",5,0.259784479907399,0.175669079896876,"CHINA 0.016; BORDER 0.326; HEALTHCARE 0.302; TAX -0.012; GENDER 0.01",NA
"micro_direct_1418","micro_direct_subsets","BORDER + HEALTHCARE + TAX + PROJECT2025 + GENDER",5,0.259703317182673,0.17557869413525,"BORDER 0.331; HEALTHCARE 0.305; TAX -0.014; PROJECT2025 0.011; GENDER 0.017",NA
"micro_direct_1682","micro_direct_subsets","ISRAEL + CHINA + FENTANYL + HEALTHCARE + TAX + GENDER",6,0.276431515197275,0.175468470806197,"ISRAEL -0.33; CHINA 0.192; FENTANYL -0.142; HEALTHCARE 0.282; TAX -0.018; GENDER 0.01",NA
"micro_direct_398","micro_direct_subsets","ISRAEL + INFLATION + HEALTHCARE + PROJECT2025",4,0.242068742374453,0.17469707502996,"ISRAEL -0.294; INFLATION -0.069; HEALTHCARE 0.325; PROJECT2025 0.07",NA
"micro_direct_539","micro_direct_subsets","CHINA + HEALTHCARE + TAX + AUTHORITARIAN",4,0.24024911361841,0.172715701495602,"CHINA 0.054; HEALTHCARE 0.439; TAX -0.179; AUTHORITARIAN 0.302",NA
"micro_direct_555","micro_direct_subsets","CHINA + TAX + FELON + RACE",4,0.240192328533061,0.172653868847111,"CHINA 0.235; TAX -0.085; FELON -0.427; RACE -0.084",NA
"micro_direct_2009","micro_direct_subsets","ISRAEL + INFLATION + TAX + AUTHORITARIAN + GENDER + RACE",6,0.273958663869326,0.172650570455744,"ISRAEL -0.503; INFLATION -0.027; TAX -0.184; AUTHORITARIAN 0.401; GENDER 0.09; RACE 0.011",NA
"micro_direct_1725","micro_direct_subsets","ISRAEL + CHINA + INFLATION + HEALTHCARE + PROJECT2025 + RACE",6,0.27367812460656,0.172330886179569,"ISRAEL -0.332; CHINA 0.195; INFLATION -0.05; HEALTHCARE 0.247; PROJECT2025 0.108; RACE -0.044",NA
"micro_direct_566","micro_direct_subsets","CHINA + FELON + AUTHORITARIAN + RACE",4,0.239501069339672,0.171901164392087,"CHINA 0.25; FELON -0.454; AUTHORITARIAN -0.087; RACE -0.074",NA
"micro_direct_1073","micro_direct_subsets","ISRAEL + INFLATION + PROJECT2025 + AUTHORITARIAN + GENDER",5,0.256277412748887,0.171763482379443,"ISRAEL -0.504; INFLATION -0.049; PROJECT2025 0.078; AUTHORITARIAN 0.335; GENDER 0.039",NA
"micro_direct_509","micro_direct_subsets","CHINA + FENTANYL + FELON + RACE",4,0.239217368564498,0.171592245770231,"CHINA 0.256; FENTANYL -0.077; FELON -0.427; RACE -0.072",NA
"micro_direct_28","micro_direct_subsets","BORDER + AUTHORITARIAN",2,0.205370613450385,0.171556597001465,"BORDER 0.417; AUTHORITARIAN 0.183",NA
"micro_direct_564","micro_direct_subsets","CHINA + FELON + PROJECT2025 + RACE",4,0.239116153923547,0.171482034272307,"CHINA 0.252; FELON -0.421; PROJECT2025 0.074; RACE -0.064",NA
"micro_direct_562","micro_direct_subsets","CHINA + FELON + PROJECT2025 + AUTHORITARIAN",4,0.239006129238471,0.171362229615224,"CHINA 0.257; FELON -0.454; PROJECT2025 0.07; AUTHORITARIAN -0.072",NA
"micro_direct_1767","micro_direct_subsets","ISRAEL + CHINA + HEALTHCARE + PROJECT2025 + GENDER + RACE",6,0.272641279696796,0.171149365235883,"ISRAEL -0.335; CHINA 0.213; HEALTHCARE 0.245; PROJECT2025 0.101; GENDER -0.05; RACE -0.068",NA
"micro_direct_754","micro_direct_subsets","HEALTHCARE + TAX + AUTHORITARIAN + GENDER",4,0.238753167692984,0.171086782599027,"HEALTHCARE 0.469; TAX -0.178; AUTHORITARIAN 0.321; GENDER -0.035",NA
"micro_direct_234","micro_direct_subsets","INFLATION + HEALTHCARE + AUTHORITARIAN",3,0.221831897136431,0.171081803471415,"INFLATION -0.112; HEALTHCARE 0.442; AUTHORITARIAN 0.242",NA
"micro_direct_2106","micro_direct_subsets","CHINA + BORDER + INFLATION + HEALTHCARE + GENDER + RACE",6,0.27256191793591,0.171058929740921,"CHINA 0.024; BORDER 0.342; INFLATION -0.09; HEALTHCARE 0.31; GENDER -0.05; RACE -0.096",NA
"micro_direct_507","micro_direct_subsets","CHINA + FENTANYL + FELON + AUTHORITARIAN",4,0.238687993812365,0.171015815484575,"CHINA 0.26; FENTANYL -0.069; FELON -0.461; AUTHORITARIAN -0.077",NA
"micro_direct_755","micro_direct_subsets","HEALTHCARE + TAX + AUTHORITARIAN + RACE",4,0.238490338790254,0.170800591127165,"HEALTHCARE 0.462; TAX -0.183; AUTHORITARIAN 0.32; RACE 0.027",NA
"micro_direct_2376","micro_direct_subsets","BORDER + INFLATION + HEALTHCARE + PROJECT2025 + GENDER + RACE",6,0.272259721535272,0.170714566400659,"BORDER 0.349; INFLATION -0.093; HEALTHCARE 0.315; PROJECT2025 0.011; GENDER -0.038; RACE -0.091",NA
"micro_direct_2367","micro_direct_subsets","BORDER + INFLATION + HEALTHCARE + TAX + GENDER + RACE",6,0.27220840010483,0.170656083840388,"BORDER 0.349; INFLATION -0.091; HEALTHCARE 0.314; TAX -0.009; GENDER -0.038; RACE -0.092",NA
"micro_direct_2007","micro_direct_subsets","ISRAEL + INFLATION + TAX + PROJECT2025 + AUTHORITARIAN + RACE",6,0.27218330995123,0.170627492735122,"ISRAEL -0.519; INFLATION -0.032; TAX -0.154; PROJECT2025 0.058; AUTHORITARIAN 0.407; RACE -0.036",NA
"micro_direct_751","micro_direct_subsets","HEALTHCARE + TAX + PROJECT2025 + AUTHORITARIAN",4,0.238319395303817,0.170614452664156,"HEALTHCARE 0.462; TAX -0.188; PROJECT2025 0.021; AUTHORITARIAN 0.317",NA
"micro_direct_1001","micro_direct_subsets","ISRAEL + FENTANYL + INFLATION + PROJECT2025 + AUTHORITARIAN",5,0.255236814782751,0.170604634644427,"ISRAEL -0.509; FENTANYL -0.018; INFLATION -0.05; PROJECT2025 0.064; AUTHORITARIAN 0.346",NA
"micro_direct_73","micro_direct_subsets","ISRAEL + CHINA + PROJECT2025",3,0.221368960784108,0.170588675617854,"ISRAEL -0.408; CHINA 0.274; PROJECT2025 0.096",NA
"micro_direct_1715","micro_direct_subsets","ISRAEL + CHINA + INFLATION + HEALTHCARE + TAX + PROJECT2025",6,0.271968762044336,0.170383007910987,"ISRAEL -0.328; CHINA 0.19; INFLATION -0.049; HEALTHCARE 0.254; TAX 0.011; PROJECT2025 0.104",NA
"micro_direct_1972","micro_direct_subsets","ISRAEL + FENTANYL + TAX + PROJECT2025 + AUTHORITARIAN + RACE",6,0.271964439446622,0.170378082160104,"ISRAEL -0.525; FENTANYL -0.031; TAX -0.163; PROJECT2025 0.048; AUTHORITARIAN 0.408; RACE -0.041",NA
"micro_direct_1074","micro_direct_subsets","ISRAEL + INFLATION + PROJECT2025 + AUTHORITARIAN + RACE",5,0.254954700492296,0.170290461911875,"ISRAEL -0.506; INFLATION -0.047; PROJECT2025 0.069; AUTHORITARIAN 0.345; RACE 0.002",NA
"micro_direct_2291","micro_direct_subsets","BORDER + FENTANYL + INFLATION + HEALTHCARE + TAX + GENDER",6,0.271870897097923,0.170271487390656,"BORDER 0.326; FENTANYL -0.081; INFLATION -0.1; HEALTHCARE 0.341; TAX -0.014; GENDER 0.034",NA
"micro_direct_1724","micro_direct_subsets","ISRAEL + CHINA + INFLATION + HEALTHCARE + PROJECT2025 + GENDER",6,0.271870844189992,0.170271427100223,"ISRAEL -0.326; CHINA 0.189; INFLATION -0.047; HEALTHCARE 0.257; PROJECT2025 0.101; GENDER -0.006",NA
"micro_direct_2040","micro_direct_subsets","CHINA + BORDER + FENTANYL + INFLATION + HEALTHCARE + GENDER",6,0.271864961408175,0.170264723465129,"CHINA 0.014; BORDER 0.323; FENTANYL -0.08; INFLATION -0.1; HEALTHCARE 0.339; GENDER 0.025",NA
"micro_direct_427","micro_direct_subsets","ISRAEL + HEALTHCARE + PROJECT2025 + GENDER",4,0.237905035757078,0.170163261157708,"ISRAEL -0.302; HEALTHCARE 0.306; PROJECT2025 0.074; GENDER 0.024",NA
"micro_direct_2298","micro_direct_subsets","BORDER + FENTANYL + INFLATION + HEALTHCARE + PROJECT2025 + GENDER",6,0.271735240874422,0.170116902391783,"BORDER 0.328; FENTANYL -0.08; INFLATION -0.101; HEALTHCARE 0.341; PROJECT2025 -0.003; GENDER 0.027",NA
"micro_direct_1111","micro_direct_subsets","ISRAEL + PROJECT2025 + AUTHORITARIAN + GENDER + RACE",5,0.25470816582892,0.170015911945843,"ISRAEL -0.504; PROJECT2025 0.078; AUTHORITARIAN 0.335; GENDER 0.056; RACE 0.035",NA
"micro_direct_2364","micro_direct_subsets","BORDER + INFLATION + HEALTHCARE + TAX + PROJECT2025 + RACE",6,0.271642983088927,0.170011771426917,"BORDER 0.346; INFLATION -0.09; HEALTHCARE 0.309; TAX -0.018; PROJECT2025 0.016; RACE -0.076",NA
"micro_direct_1929","micro_direct_subsets","ISRAEL + FENTANYL + INFLATION + TAX + PROJECT2025 + AUTHORITARIAN",6,0.271633839439677,0.170001351919632,"ISRAEL -0.523; FENTANYL -0.026; INFLATION -0.034; TAX -0.145; PROJECT2025 0.048; AUTHORITARIAN 0.411",NA
"micro_direct_418","micro_direct_subsets","ISRAEL + HEALTHCARE + TAX + PROJECT2025",4,0.23767924209727,0.169917396950361,"ISRAEL -0.298; HEALTHCARE 0.316; TAX -0.017; PROJECT2025 0.067",NA
"micro_direct_2103","micro_direct_subsets","CHINA + BORDER + INFLATION + HEALTHCARE + PROJECT2025 + RACE",6,0.271530004585643,0.169883028481314,"CHINA 0.014; BORDER 0.342; INFLATION -0.091; HEALTHCARE 0.304; PROJECT2025 0.02; RACE -0.071",NA
"micro_direct_428","micro_direct_subsets","ISRAEL + HEALTHCARE + PROJECT2025 + RACE",4,0.237634468051427,0.169868642989332,"ISRAEL -0.301; HEALTHCARE 0.311; PROJECT2025 0.07; RACE -0.015",NA
"micro_direct_2096","micro_direct_subsets","CHINA + BORDER + INFLATION + HEALTHCARE + TAX + RACE",6,0.271470996867211,0.169815787127752,"CHINA 0.01; BORDER 0.343; INFLATION -0.088; HEALTHCARE 0.304; TAX -0.019; RACE -0.075",NA
"micro_direct_396","micro_direct_subsets","ISRAEL + INFLATION + HEALTHCARE + TAX",4,0.237564273615041,0.16979220904749,"ISRAEL -0.283; INFLATION -0.065; HEALTHCARE 0.319; TAX -0.016",NA
"micro_direct_2038","micro_direct_subsets","CHINA + BORDER + FENTANYL + INFLATION + HEALTHCARE + PROJECT2025",6,0.271390877990406,0.169724488872788,"CHINA 0.019; BORDER 0.32; FENTANYL -0.076; INFLATION -0.098; HEALTHCARE 0.343; PROJECT2025 -0.005",NA
"micro_direct_2036","micro_direct_subsets","CHINA + BORDER + FENTANYL + INFLATION + HEALTHCARE + TAX",6,0.27137022761923,0.169700957054472,"CHINA 0.02; BORDER 0.319; FENTANYL -0.075; INFLATION -0.098; HEALTHCARE 0.343; TAX 0.001",NA
"micro_direct_501","micro_direct_subsets","CHINA + FENTANYL + TAX + FELON",4,0.237473023086535,0.169692847360894,"CHINA 0.246; FENTANYL -0.062; TAX -0.057; FELON -0.433",NA
"micro_direct_401","micro_direct_subsets","ISRAEL + INFLATION + HEALTHCARE + RACE",4,0.237470766117113,0.169690389771968,"ISRAEL -0.285; INFLATION -0.068; HEALTHCARE 0.315; RACE -0.012",NA
"micro_direct_1755","micro_direct_subsets","ISRAEL + CHINA + HEALTHCARE + TAX + PROJECT2025 + RACE",6,0.271335372103563,0.169661237978479,"ISRAEL -0.336; CHINA 0.2; HEALTHCARE 0.239; TAX -0.008; PROJECT2025 0.107; RACE -0.044",NA
"micro_direct_552","micro_direct_subsets","CHINA + TAX + FELON + PROJECT2025",4,0.237365348467645,0.169575601664769,"CHINA 0.244; TAX -0.049; FELON -0.427; PROJECT2025 0.06",NA
"micro_direct_1933","micro_direct_subsets","ISRAEL + FENTANYL + INFLATION + TAX + AUTHORITARIAN + RACE",6,0.271254831725759,0.169569459408423,"ISRAEL -0.519; FENTANYL -0.05; INFLATION -0.037; TAX -0.165; AUTHORITARIAN 0.409; RACE -0.044",NA
"micro_direct_400","micro_direct_subsets","ISRAEL + INFLATION + HEALTHCARE + GENDER",4,0.237356850891379,0.169566348748391,"ISRAEL -0.284; INFLATION -0.067; HEALTHCARE 0.315; GENDER 0.006",NA
"micro_direct_1038","micro_direct_subsets","ISRAEL + FENTANYL + PROJECT2025 + AUTHORITARIAN + GENDER",5,0.254291497081525,0.169551894477153,"ISRAEL -0.508; FENTANYL -0.022; PROJECT2025 0.072; AUTHORITARIAN 0.332; GENDER 0.042",NA
"micro_direct_2289","micro_direct_subsets","BORDER + FENTANYL + INFLATION + HEALTHCARE + TAX + PROJECT2025",6,0.271124492816811,0.16942093367497,"BORDER 0.326; FENTANYL -0.074; INFLATION -0.1; HEALTHCARE 0.347; TAX 0; PROJECT2025 -0.008",NA
"micro_direct_506","micro_direct_subsets","CHINA + FENTANYL + FELON + PROJECT2025",4,0.2368217781279,0.168983713961491,"CHINA 0.255; FENTANYL -0.045; FELON -0.427; PROJECT2025 0.054",NA
"micro_direct_527","micro_direct_subsets","CHINA + INFLATION + FELON + PROJECT2025",4,0.236653265710692,0.168800222662754,"CHINA 0.245; INFLATION -0.039; FELON -0.422; PROJECT2025 0.066",NA
"micro_direct_490","micro_direct_subsets","CHINA + FENTANYL + INFLATION + FELON",4,0.236466496280134,0.168596851505035,"CHINA 0.246; FENTANYL -0.066; INFLATION -0.047; FELON -0.427",NA
"micro_direct_563","micro_direct_subsets","CHINA + FELON + PROJECT2025 + GENDER",4,0.236198341938983,0.168304861222449,"CHINA 0.256; FELON -0.426; PROJECT2025 0.059; GENDER -0.036",NA
"micro_direct_530","micro_direct_subsets","CHINA + INFLATION + FELON + RACE",4,0.235946543862447,0.168030681094665,"CHINA 0.235; INFLATION -0.044; FELON -0.415; RACE -0.059",NA
"micro_direct_1039","micro_direct_subsets","ISRAEL + FENTANYL + PROJECT2025 + AUTHORITARIAN + RACE",5,0.252832294884673,0.167926873848841,"ISRAEL -0.508; FENTANYL -0.01; PROJECT2025 0.065; AUTHORITARIAN 0.342; RACE 0.004",NA
"micro_direct_565","micro_direct_subsets","CHINA + FELON + AUTHORITARIAN + GENDER",4,0.235832284460456,0.167906265301386,"CHINA 0.254; FELON -0.449; AUTHORITARIAN -0.061; GENDER -0.041",NA
"micro_direct_1754","micro_direct_subsets","ISRAEL + CHINA + HEALTHCARE + TAX + PROJECT2025 + GENDER",6,0.269790587035089,0.167900901505102,"ISRAEL -0.332; CHINA 0.198; HEALTHCARE 0.248; TAX 0.011; PROJECT2025 0.101; GENDER -0.012",NA
"micro_direct_1004","micro_direct_subsets","ISRAEL + FENTANYL + INFLATION + AUTHORITARIAN + GENDER",5,0.252667303384123,0.167743133314137,"ISRAEL -0.499; FENTANYL -0.048; INFLATION -0.054; AUTHORITARIAN 0.333; GENDER 0.035",NA
"micro_direct_528","micro_direct_subsets","CHINA + INFLATION + FELON + AUTHORITARIAN",4,0.235577267045814,0.167628579672109,"CHINA 0.241; INFLATION -0.035; FELON -0.444; AUTHORITARIAN -0.063",NA
"micro_direct_553","micro_direct_subsets","CHINA + TAX + FELON + AUTHORITARIAN",4,0.235498861957543,0.167543205242658,"CHINA 0.239; TAX -0.037; FELON -0.442; AUTHORITARIAN -0.049",NA
"micro_direct_988","micro_direct_subsets","ISRAEL + FENTANYL + INFLATION + HEALTHCARE + PROJECT2025",5,0.252354700158919,0.16739500699516,"ISRAEL -0.3; FENTANYL -0.115; INFLATION -0.088; HEALTHCARE 0.362; PROJECT2025 0.041",NA
"micro_direct_508","micro_direct_subsets","CHINA + FENTANYL + FELON + GENDER",4,0.235313622007581,0.167341499519366,"CHINA 0.256; FENTANYL -0.051; FELON -0.429; GENDER -0.035",NA
"micro_direct_991","micro_direct_subsets","ISRAEL + FENTANYL + INFLATION + HEALTHCARE + RACE",5,0.252202792123166,0.167225836682617,"ISRAEL -0.299; FENTANYL -0.136; INFLATION -0.093; HEALTHCARE 0.359; RACE -0.038",NA
"micro_direct_990","micro_direct_subsets","ISRAEL + FENTANYL + INFLATION + HEALTHCARE + GENDER",5,0.25219330738948,0.167215274138284,"ISRAEL -0.3; FENTANYL -0.138; INFLATION -0.092; HEALTHCARE 0.352; GENDER 0.039",NA
"micro_direct_522","micro_direct_subsets","CHINA + INFLATION + TAX + FELON",4,0.234985820694988,0.16698456031232,"CHINA 0.23; INFLATION -0.032; TAX -0.051; FELON -0.423",NA
"micro_direct_1005","micro_direct_subsets","ISRAEL + FENTANYL + INFLATION + AUTHORITARIAN + RACE",5,0.251657567120285,0.166618654293045,"ISRAEL -0.5; FENTANYL -0.036; INFLATION -0.051; AUTHORITARIAN 0.342; RACE 0.001",NA
"micro_direct_68","micro_direct_subsets","ISRAEL + CHINA + FENTANYL",3,0.217511730696417,0.166479887046183,"ISRAEL -0.406; CHINA 0.272; FENTANYL -0.072",NA
"micro_direct_554","micro_direct_subsets","CHINA + TAX + FELON + GENDER",4,0.234505884610729,0.166461963242794,"CHINA 0.24; TAX -0.044; FELON -0.425; GENDER -0.027",NA
"micro_direct_2061","micro_direct_subsets","CHINA + BORDER + FENTANYL + HEALTHCARE + TAX + RACE",6,0.268494298721947,0.166423735752916,"CHINA 0.033; BORDER 0.331; FENTANYL -0.074; HEALTHCARE 0.315; TAX -0.038; RACE -0.087",NA
"micro_direct_76","micro_direct_subsets","ISRAEL + CHINA + RACE",3,0.217374100169999,0.166333280615868,"ISRAEL -0.393; CHINA 0.259; RACE -0.068",NA
"micro_direct_1219","micro_direct_subsets","CHINA + FENTANYL + HEALTHCARE + TAX + AUTHORITARIAN",5,0.25137231182364,0.166300983621781,"CHINA 0.066; FENTANYL -0.114; HEALTHCARE 0.477; TAX -0.187; AUTHORITARIAN 0.309",NA
"micro_direct_529","micro_direct_subsets","CHINA + INFLATION + FELON + GENDER",4,0.234326500977958,0.166266634398222,"CHINA 0.245; INFLATION -0.036; FELON -0.423; GENDER -0.045",NA
"micro_direct_1076","micro_direct_subsets","ISRAEL + INFLATION + AUTHORITARIAN + GENDER + RACE",5,0.251272334352514,0.166189645074391,"ISRAEL -0.489; INFLATION -0.046; AUTHORITARIAN 0.335; GENDER 0.035; RACE 0.028",NA
"micro_direct_986","micro_direct_subsets","ISRAEL + FENTANYL + INFLATION + HEALTHCARE + TAX",5,0.251229689788237,0.1661421545369,"ISRAEL -0.294; FENTANYL -0.128; INFLATION -0.087; HEALTHCARE 0.364; TAX -0.019",NA
"micro_direct_2071","micro_direct_subsets","CHINA + BORDER + FENTANYL + HEALTHCARE + GENDER + RACE",6,0.268156095937746,0.166038341882548,"CHINA 0.045; BORDER 0.331; FENTANYL -0.065; HEALTHCARE 0.315; GENDER -0.041; RACE -0.096",NA
"micro_direct_264","micro_direct_subsets","HEALTHCARE + AUTHORITARIAN + GENDER",3,0.217088273694464,0.166028813283233,"HEALTHCARE 0.458; AUTHORITARIAN 0.257; GENDER -0.095",NA
"micro_direct_420","micro_direct_subsets","ISRAEL + HEALTHCARE + TAX + GENDER",4,0.233773061285369,0.16566400006629,"ISRAEL -0.288; HEALTHCARE 0.305; TAX -0.033; GENDER 0.02",NA
"micro_direct_421","micro_direct_subsets","ISRAEL + HEALTHCARE + TAX + RACE",4,0.233746898421288,0.165635511614291,"ISRAEL -0.288; HEALTHCARE 0.308; TAX -0.03; RACE -0.018",NA
"micro_direct_2332","micro_direct_subsets","BORDER + FENTANYL + HEALTHCARE + TAX + GENDER + RACE",6,0.267712081067543,0.165532371449061,"BORDER 0.343; FENTANYL -0.067; HEALTHCARE 0.323; TAX -0.036; GENDER -0.011; RACE -0.09",NA
"micro_direct_2329","micro_direct_subsets","BORDER + FENTANYL + HEALTHCARE + TAX + PROJECT2025 + RACE",6,0.267695578035589,0.165513565668461,"BORDER 0.342; FENTANYL -0.071; HEALTHCARE 0.321; TAX -0.04; PROJECT2025 -0.008; RACE -0.085",NA
"micro_direct_213","micro_direct_subsets","FENTANYL + HEALTHCARE + AUTHORITARIAN",3,0.216576343378172,0.165483496207183,"FENTANYL -0.09; HEALTHCARE 0.458; AUTHORITARIAN 0.235",NA
"micro_direct_659","micro_direct_subsets","FENTANYL + INFLATION + HEALTHCARE + AUTHORITARIAN",4,0.233520214253972,0.165388677743214,"FENTANYL -0.118; INFLATION -0.135; HEALTHCARE 0.487; AUTHORITARIAN 0.25",NA
"micro_direct_1041","micro_direct_subsets","ISRAEL + FENTANYL + AUTHORITARIAN + GENDER + RACE",5,0.250420222562194,0.165240702398807,"ISRAEL -0.497; FENTANYL -0.037; AUTHORITARIAN 0.332; GENDER 0.045; RACE 0.029",NA
"micro_direct_2068","micro_direct_subsets","CHINA + BORDER + FENTANYL + HEALTHCARE + PROJECT2025 + RACE",6,0.267230919940682,0.164984071560312,"CHINA 0.034; BORDER 0.333; FENTANYL -0.069; HEALTHCARE 0.31; PROJECT2025 0.002; RACE -0.074",NA
"micro_direct_149","micro_direct_subsets","CHINA + HEALTHCARE + AUTHORITARIAN",3,0.216086259400113,0.164961450230555,"CHINA 0.087; HEALTHCARE 0.396; AUTHORITARIAN 0.214",NA
"micro_direct_1320","micro_direct_subsets","CHINA + FELON + AUTHORITARIAN + GENDER + RACE",5,0.250075689749514,0.164857018130141,"CHINA 0.294; FELON -0.482; AUTHORITARIAN -0.091; GENDER -0.139; RACE -0.156",NA
"micro_direct_2102","micro_direct_subsets","CHINA + BORDER + INFLATION + HEALTHCARE + PROJECT2025 + GENDER",6,0.267059315525282,0.164788522342764,"CHINA 0.008; BORDER 0.329; INFLATION -0.086; HEALTHCARE 0.315; PROJECT2025 0.016; GENDER 0.011",NA
"micro_direct_431","micro_direct_subsets","ISRAEL + HEALTHCARE + GENDER + RACE",4,0.232951458343195,0.164769365751479,"ISRAEL -0.29; HEALTHCARE 0.305; GENDER 0.002; RACE -0.007",NA
"micro_direct_2363","micro_direct_subsets","BORDER + INFLATION + HEALTHCARE + TAX + PROJECT2025 + GENDER",6,0.267007739465369,0.164729749623327,"BORDER 0.332; INFLATION -0.087; HEALTHCARE 0.316; TAX 0; PROJECT2025 0.014; GENDER 0.013",NA
"micro_direct_2093","micro_direct_subsets","CHINA + BORDER + INFLATION + HEALTHCARE + TAX + PROJECT2025",6,0.266981048879968,0.164699334770196,"CHINA 0.011; BORDER 0.327; INFLATION -0.087; HEALTHCARE 0.317; TAX 0.005; PROJECT2025 0.014",NA
"micro_direct_2095","micro_direct_subsets","CHINA + BORDER + INFLATION + HEALTHCARE + TAX + GENDER",6,0.266841069139897,0.164539822973372,"CHINA 0.006; BORDER 0.33; INFLATION -0.086; HEALTHCARE 0.314; TAX 0; GENDER 0.008",NA
"micro_direct_2341","micro_direct_subsets","BORDER + FENTANYL + HEALTHCARE + PROJECT2025 + GENDER + RACE",6,0.266797323814548,0.164489973649137,"BORDER 0.346; FENTANYL -0.062; HEALTHCARE 0.32; PROJECT2025 -0.007; GENDER -0.027; RACE -0.086",NA
"micro_direct_1728","micro_direct_subsets","ISRAEL + CHINA + INFLATION + HEALTHCARE + GENDER + RACE",6,0.265851606002772,0.163412295212461,"ISRAEL -0.312; CHINA 0.192; INFLATION -0.049; HEALTHCARE 0.257; GENDER -0.071; RACE -0.07",NA
"micro_direct_265","micro_direct_subsets","HEALTHCARE + AUTHORITARIAN + RACE",3,0.214168602844345,0.162918729116802,"HEALTHCARE 0.438; AUTHORITARIAN 0.247; RACE 0.071",NA
"micro_direct_1254","micro_direct_subsets","CHINA + INFLATION + HEALTHCARE + TAX + AUTHORITARIAN",5,0.248163378146531,0.162727398390455,"CHINA 0.042; INFLATION -0.091; HEALTHCARE 0.454; TAX -0.171; AUTHORITARIAN 0.309",NA
"micro_direct_1525","micro_direct_subsets","INFLATION + HEALTHCARE + TAX + AUTHORITARIAN + GENDER",5,0.247923367444557,0.162460113745075,"INFLATION -0.098; HEALTHCARE 0.482; TAX -0.164; AUTHORITARIAN 0.326; GENDER -0.041",NA
"micro_direct_1487","micro_direct_subsets","FENTANYL + HEALTHCARE + TAX + PROJECT2025 + AUTHORITARIAN",5,0.2478854683513,0.162417907936675,"FENTANYL -0.11; HEALTHCARE 0.499; TAX -0.202; PROJECT2025 -0.009; AUTHORITARIAN 0.327",NA
"micro_direct_2136","micro_direct_subsets","CHINA + BORDER + HEALTHCARE + TAX + GENDER + RACE",6,0.264958437445649,0.162394498484576,"CHINA 0.033; BORDER 0.337; HEALTHCARE 0.297; TAX -0.018; GENDER -0.043; RACE -0.092",NA
"micro_direct_1491","micro_direct_subsets","FENTANYL + HEALTHCARE + TAX + AUTHORITARIAN + RACE",5,0.247833183955374,0.162359682132122,"FENTANYL -0.106; HEALTHCARE 0.5; TAX -0.199; AUTHORITARIAN 0.327; RACE 0.005",NA
"micro_direct_1490","micro_direct_subsets","FENTANYL + HEALTHCARE + TAX + AUTHORITARIAN + GENDER",5,0.247811580751942,0.162335624019209,"FENTANYL -0.107; HEALTHCARE 0.5; TAX -0.199; AUTHORITARIAN 0.327; GENDER -0.002",NA
"micro_direct_2145","micro_direct_subsets","CHINA + BORDER + HEALTHCARE + PROJECT2025 + GENDER + RACE",6,0.264847579339809,0.162268171805829,"CHINA 0.038; BORDER 0.336; HEALTHCARE 0.297; PROJECT2025 0.012; GENDER -0.048; RACE -0.09",NA
"micro_direct_71","micro_direct_subsets","ISRAEL + CHINA + TAX",3,0.213497120990404,0.162203454968039,"ISRAEL -0.392; CHINA 0.256; TAX 0.027",NA
"micro_direct_1247","micro_direct_subsets","CHINA + FENTANYL + FELON + GENDER + RACE",5,0.247692826240631,0.162203374677067,"CHINA 0.291; FENTANYL -0.065; FELON -0.448; GENDER -0.125; RACE -0.143",NA
"micro_direct_75","micro_direct_subsets","ISRAEL + CHINA + GENDER",3,0.213434833404372,0.162137105148135,"ISRAEL -0.39; CHINA 0.248; GENDER 0.027",NA
"micro_direct_1522","micro_direct_subsets","INFLATION + HEALTHCARE + TAX + PROJECT2025 + AUTHORITARIAN",5,0.24738333186459,0.161858710485566,"INFLATION -0.097; HEALTHCARE 0.474; TAX -0.176; PROJECT2025 0.026; AUTHORITARIAN 0.321",NA
"micro_direct_1246","micro_direct_subsets","CHINA + FENTANYL + FELON + AUTHORITARIAN + RACE",5,0.247380631225535,0.16185570295571,"CHINA 0.276; FENTANYL -0.097; FELON -0.481; AUTHORITARIAN -0.109; RACE -0.1",NA
"micro_direct_1319","micro_direct_subsets","CHINA + FELON + PROJECT2025 + GENDER + RACE",5,0.247322629529927,0.161791110158328,"CHINA 0.287; FELON -0.443; PROJECT2025 0.059; GENDER -0.124; RACE -0.134",NA
"micro_direct_1526","micro_direct_subsets","INFLATION + HEALTHCARE + TAX + AUTHORITARIAN + RACE",5,0.247220176940914,0.161677015229654,"INFLATION -0.095; HEALTHCARE 0.473; TAX -0.172; AUTHORITARIAN 0.324; RACE 0.024",NA
"micro_direct_2133","micro_direct_subsets","CHINA + BORDER + HEALTHCARE + TAX + PROJECT2025 + RACE",6,0.264272766365532,0.161613152370025,"CHINA 0.024; BORDER 0.337; HEALTHCARE 0.293; TAX -0.028; PROJECT2025 0.016; RACE -0.073",NA
"micro_direct_2401","micro_direct_subsets","BORDER + HEALTHCARE + TAX + PROJECT2025 + GENDER + RACE",6,0.264252279767411,0.161589807176817,"BORDER 0.346; HEALTHCARE 0.303; TAX -0.022; PROJECT2025 0.007; GENDER -0.027; RACE -0.084",NA
"micro_direct_69","micro_direct_subsets","ISRAEL + CHINA + INFLATION",3,0.212831857674221,0.161494804913844,"ISRAEL -0.391; CHINA 0.255; INFLATION -0.007",NA
"micro_direct_1235","micro_direct_subsets","CHINA + FENTANYL + TAX + FELON + RACE",5,0.246960918521964,0.161388295626732,"CHINA 0.256; FENTANYL -0.089; TAX -0.096; FELON -0.444; RACE -0.108",NA
"micro_direct_724","micro_direct_subsets","INFLATION + HEALTHCARE + AUTHORITARIAN + GENDER",4,0.229660257558377,0.161185613785788,"INFLATION -0.114; HEALTHCARE 0.475; AUTHORITARIAN 0.269; GENDER -0.097",NA
"micro_direct_1010","micro_direct_subsets","ISRAEL + FENTANYL + HEALTHCARE + TAX + GENDER",5,0.246656918895781,0.161049750588483,"ISRAEL -0.303; FENTANYL -0.128; HEALTHCARE 0.336; TAX -0.055; GENDER 0.061",NA
"micro_direct_1017","micro_direct_subsets","ISRAEL + FENTANYL + HEALTHCARE + PROJECT2025 + GENDER",5,0.246534841753761,0.160913801043961,"ISRAEL -0.312; FENTANYL -0.106; HEALTHCARE 0.332; PROJECT2025 0.051; GENDER 0.044",NA
"micro_direct_1758","micro_direct_subsets","ISRAEL + CHINA + HEALTHCARE + TAX + GENDER + RACE",6,0.263559316723635,0.160800151615305,"ISRAEL -0.316; CHINA 0.198; HEALTHCARE 0.247; TAX 0.001; GENDER -0.072; RACE -0.068",NA
"micro_direct_1312","micro_direct_subsets","CHINA + TAX + FELON + GENDER + RACE",5,0.246424559523875,0.160790986742497,"CHINA 0.271; TAX -0.055; FELON -0.443; GENDER -0.113; RACE -0.14",NA
"micro_direct_2164","micro_direct_subsets","CHINA + FENTANYL + INFLATION + HEALTHCARE + TAX + AUTHORITARIAN",6,0.263427850620712,0.160650341404998,"CHINA 0.054; FENTANYL -0.136; INFLATION -0.115; HEALTHCARE 0.503; TAX -0.179; AUTHORITARIAN 0.319",NA
"micro_direct_201","micro_direct_subsets","BORDER + AUTHORITARIAN + RACE",3,0.211943848583738,0.160548882187026,"BORDER 0.432; AUTHORITARIAN 0.165; RACE -0.084",NA
"micro_direct_1718","micro_direct_subsets","ISRAEL + CHINA + INFLATION + HEALTHCARE + TAX + RACE",6,0.263136544002501,0.160318387351687,"ISRAEL -0.311; CHINA 0.172; INFLATION -0.048; HEALTHCARE 0.248; TAX -0.014; RACE -0.035",NA
"micro_direct_1282","micro_direct_subsets","CHINA + INFLATION + FELON + GENDER + RACE",5,0.245896216720276,0.160202604983944,"CHINA 0.277; INFLATION -0.042; FELON -0.44; GENDER -0.135; RACE -0.137",NA
"micro_direct_1018","micro_direct_subsets","ISRAEL + FENTANYL + HEALTHCARE + PROJECT2025 + RACE",5,0.245841852734808,0.160142063272854,"ISRAEL -0.309; FENTANYL -0.103; HEALTHCARE 0.339; PROJECT2025 0.045; RACE -0.03",NA
"micro_direct_2060","micro_direct_subsets","CHINA + BORDER + FENTANYL + HEALTHCARE + TAX + GENDER",6,0.26292658907225,0.160079136384657,"CHINA 0.022; BORDER 0.319; FENTANYL -0.063; HEALTHCARE 0.32; TAX -0.023; GENDER 0.028",NA
"micro_direct_1318","micro_direct_subsets","CHINA + FELON + PROJECT2025 + AUTHORITARIAN + RACE",5,0.245741232777727,0.160030009229742,"CHINA 0.268; FELON -0.467; PROJECT2025 0.082; AUTHORITARIAN -0.097; RACE -0.086",NA
"micro_direct_1011","micro_direct_subsets","ISRAEL + FENTANYL + HEALTHCARE + TAX + RACE",5,0.245724947254732,0.160011873079134,"ISRAEL -0.302; FENTANYL -0.121; HEALTHCARE 0.345; TAX -0.044; RACE -0.043",NA
"micro_direct_1717","micro_direct_subsets","ISRAEL + CHINA + INFLATION + HEALTHCARE + TAX + GENDER",6,0.262849738116488,0.159991562039719,"ISRAEL -0.308; CHINA 0.177; INFLATION -0.048; HEALTHCARE 0.259; TAX 0.011; GENDER -0.033",NA
"micro_direct_1008","micro_direct_subsets","ISRAEL + FENTANYL + HEALTHCARE + TAX + PROJECT2025",5,0.24554658161209,0.159813238613463,"ISRAEL -0.304; FENTANYL -0.1; HEALTHCARE 0.346; TAX -0.024; PROJECT2025 0.04",NA
"micro_direct_2328","micro_direct_subsets","BORDER + FENTANYL + HEALTHCARE + TAX + PROJECT2025 + GENDER",6,0.262592694015811,0.159698651320342,"BORDER 0.327; FENTANYL -0.062; HEALTHCARE 0.323; TAX -0.026; PROJECT2025 -0.004; GENDER 0.033",NA
"micro_direct_2067","micro_direct_subsets","CHINA + BORDER + FENTANYL + HEALTHCARE + PROJECT2025 + GENDER",6,0.262540372101833,0.159639028674182,"CHINA 0.026; BORDER 0.32; FENTANYL -0.059; HEALTHCARE 0.318; PROJECT2025 0.001; GENDER 0.016",NA
"micro_direct_2058","micro_direct_subsets","CHINA + BORDER + FENTANYL + HEALTHCARE + TAX + PROJECT2025",6,0.262454413969093,0.159541076383385,"CHINA 0.028; BORDER 0.317; FENTANYL -0.058; HEALTHCARE 0.323; TAX -0.011; PROJECT2025 -0.003",NA
"micro_direct_261","micro_direct_subsets","HEALTHCARE + PROJECT2025 + AUTHORITARIAN",3,0.210912258349099,0.159450014328388,"HEALTHCARE 0.431; PROJECT2025 0.038; AUTHORITARIAN 0.232",NA
"micro_direct_328","micro_direct_subsets","ISRAEL + CHINA + PROJECT2025 + RACE",4,0.227858333291534,0.159223518473004,"ISRAEL -0.413; CHINA 0.281; PROJECT2025 0.107; RACE -0.081",NA
"micro_direct_1309","micro_direct_subsets","CHINA + TAX + FELON + PROJECT2025 + RACE",5,0.244455460729708,0.158598126721721,"CHINA 0.249; TAX -0.079; FELON -0.433; PROJECT2025 0.068; RACE -0.09",NA
"micro_direct_1021","micro_direct_subsets","ISRAEL + FENTANYL + HEALTHCARE + GENDER + RACE",5,0.244438881575803,0.158579663573054,"ISRAEL -0.305; FENTANYL -0.119; HEALTHCARE 0.334; GENDER 0.025; RACE -0.015",NA
"micro_direct_2418","micro_direct_subsets","FENTANYL + INFLATION + HEALTHCARE + TAX + PROJECT2025 + AUTHORITARIAN",6,0.261159703288861,0.158065708398934,"FENTANYL -0.134; INFLATION -0.12; HEALTHCARE 0.523; TAX -0.19; PROJECT2025 -0.01; AUTHORITARIAN 0.335",NA
"micro_direct_2422","micro_direct_subsets","FENTANYL + INFLATION + HEALTHCARE + TAX + AUTHORITARIAN + RACE",6,0.261075014540812,0.157969202616274,"FENTANYL -0.132; INFLATION -0.12; HEALTHCARE 0.523; TAX -0.19; AUTHORITARIAN 0.334; RACE -0.003",NA
"micro_direct_2421","micro_direct_subsets","FENTANYL + INFLATION + HEALTHCARE + TAX + AUTHORITARIAN + GENDER",6,0.261071714391058,0.157965441980508,"FENTANYL -0.131; INFLATION -0.12; HEALTHCARE 0.523; TAX -0.188; AUTHORITARIAN 0.335; GENDER -0.002",NA
"micro_direct_179","micro_direct_subsets","BORDER + INFLATION + AUTHORITARIAN",3,0.209305369739041,0.157738328635066,"BORDER 0.419; INFLATION -0.063; AUTHORITARIAN 0.188",NA
"micro_direct_172","micro_direct_subsets","BORDER + FENTANYL + AUTHORITARIAN",3,0.209104341984629,0.157524190374931,"BORDER 0.416; FENTANYL 0.061; AUTHORITARIAN 0.182",NA
"micro_direct_549","micro_direct_subsets","CHINA + HEALTHCARE + AUTHORITARIAN + GENDER",4,0.226288306590506,0.157513933842995,"CHINA 0.105; HEALTHCARE 0.428; AUTHORITARIAN 0.242; GENDER -0.112",NA
"micro_direct_519","micro_direct_subsets","CHINA + INFLATION + HEALTHCARE + AUTHORITARIAN",4,0.226283114999901,0.15750828077767,"CHINA 0.073; INFLATION -0.103; HEALTHCARE 0.415; AUTHORITARIAN 0.227",NA
"micro_direct_200","micro_direct_subsets","BORDER + AUTHORITARIAN + GENDER",3,0.208886636574639,0.157292286786028,"BORDER 0.417; AUTHORITARIAN 0.168; GENDER 0.061",NA
"micro_direct_128","micro_direct_subsets","CHINA + BORDER + AUTHORITARIAN",3,0.208868733591799,0.157273216217351,"CHINA 0.065; BORDER 0.391; AUTHORITARIAN 0.173",NA
"micro_direct_725","micro_direct_subsets","INFLATION + HEALTHCARE + AUTHORITARIAN + RACE",4,0.225736523749855,0.156913103638731,"INFLATION -0.109; HEALTHCARE 0.452; AUTHORITARIAN 0.256; RACE 0.065",NA
"micro_direct_2132","micro_direct_subsets","CHINA + BORDER + HEALTHCARE + TAX + PROJECT2025 + GENDER",6,0.259942217793737,0.156678341206817,"CHINA 0.018; BORDER 0.325; HEALTHCARE 0.302; TAX -0.011; PROJECT2025 0.013; GENDER 0.012",NA
"micro_direct_1052","micro_direct_subsets","ISRAEL + INFLATION + HEALTHCARE + PROJECT2025 + GENDER",5,0.242605739533751,0.156538209935314,"ISRAEL -0.297; INFLATION -0.069; HEALTHCARE 0.317; PROJECT2025 0.076; GENDER 0.025",NA
"micro_direct_1311","micro_direct_subsets","CHINA + TAX + FELON + AUTHORITARIAN + RACE",5,0.242519056829189,0.156441676923415,"CHINA 0.245; TAX -0.064; FELON -0.452; AUTHORITARIAN -0.061; RACE -0.09",NA
"micro_direct_1053","micro_direct_subsets","ISRAEL + INFLATION + HEALTHCARE + PROJECT2025 + RACE",5,0.242453793888639,0.15636899773962,"ISRAEL -0.296; INFLATION -0.07; HEALTHCARE 0.322; PROJECT2025 0.072; RACE -0.02",NA
"micro_direct_1210","micro_direct_subsets","CHINA + FENTANYL + INFLATION + FELON + RACE",5,0.242319801182314,0.156219778589396,"CHINA 0.255; FENTANYL -0.087; INFLATION -0.057; FELON -0.431; RACE -0.079",NA
"micro_direct_303","micro_direct_subsets","ISRAEL + CHINA + FENTANYL + RACE",4,0.225080114503967,0.156198346904319,"ISRAEL -0.414; CHINA 0.282; FENTANYL -0.095; RACE -0.09",NA
"micro_direct_498","micro_direct_subsets","CHINA + FENTANYL + HEALTHCARE + AUTHORITARIAN",4,0.225034733644374,0.15614893219054,"CHINA 0.1; FENTANYL -0.102; HEALTHCARE 0.428; AUTHORITARIAN 0.217",NA
"micro_direct_1244","micro_direct_subsets","CHINA + FENTANYL + FELON + PROJECT2025 + RACE",5,0.242248523660343,0.156140401349019,"CHINA 0.264; FENTANYL -0.062; FELON -0.43; PROJECT2025 0.059; RACE -0.076",NA
"micro_direct_190","micro_direct_subsets","BORDER + TAX + AUTHORITARIAN",3,0.207721389409084,0.156051045240111,"BORDER 0.413; TAX -0.054; AUTHORITARIAN 0.206",NA
"micro_direct_1043","micro_direct_subsets","ISRAEL + INFLATION + HEALTHCARE + TAX + PROJECT2025",5,0.242120046580553,0.155997324601071,"ISRAEL -0.294; INFLATION -0.068; HEALTHCARE 0.325; TAX -0.007; PROJECT2025 0.069",NA
"micro_direct_1294","micro_direct_subsets","CHINA + HEALTHCARE + TAX + AUTHORITARIAN + GENDER",5,0.24209666362218,0.155971284488337,"CHINA 0.066; HEALTHCARE 0.448; TAX -0.158; AUTHORITARIAN 0.304; GENDER -0.052",NA
"micro_direct_1242","micro_direct_subsets","CHINA + FENTANYL + FELON + PROJECT2025 + AUTHORITARIAN",5,0.241438949605272,0.155238830242235,"CHINA 0.268; FENTANYL -0.054; FELON -0.465; PROJECT2025 0.056; AUTHORITARIAN -0.079",NA
"micro_direct_1270","micro_direct_subsets","CHINA + INFLATION + TAX + FELON + RACE",5,0.241387556091029,0.155181596555919,"CHINA 0.233; INFLATION -0.035; TAX -0.08; FELON -0.427; RACE -0.085",NA
"micro_direct_1291","micro_direct_subsets","CHINA + HEALTHCARE + TAX + PROJECT2025 + AUTHORITARIAN",5,0.241153440324299,0.154920876724787,"CHINA 0.059; HEALTHCARE 0.44; TAX -0.174; PROJECT2025 0.031; AUTHORITARIAN 0.3",NA
"micro_direct_1279","micro_direct_subsets","CHINA + INFLATION + FELON + PROJECT2025 + RACE",5,0.241151834840278,0.154919088799401,"CHINA 0.25; INFLATION -0.045; FELON -0.423; PROJECT2025 0.075; RACE -0.068",NA
"micro_direct_1281","micro_direct_subsets","CHINA + INFLATION + FELON + AUTHORITARIAN + RACE",5,0.241052288895043,0.154808230814934,"CHINA 0.247; INFLATION -0.04; FELON -0.454; AUTHORITARIAN -0.085; RACE -0.077",NA
"micro_direct_197","micro_direct_subsets","BORDER + PROJECT2025 + AUTHORITARIAN",3,0.206481826968641,0.154730641770944,"BORDER 0.418; PROJECT2025 -0.033; AUTHORITARIAN 0.182",NA
"micro_direct_721","micro_direct_subsets","INFLATION + HEALTHCARE + PROJECT2025 + AUTHORITARIAN",4,0.223566688232555,0.154550393853226,"INFLATION -0.114; HEALTHCARE 0.448; PROJECT2025 0.042; AUTHORITARIAN 0.244",NA
"micro_direct_300","micro_direct_subsets","ISRAEL + CHINA + FENTANYL + PROJECT2025",4,0.223556520589579,0.154539322419764,"ISRAEL -0.417; CHINA 0.284; FENTANYL -0.051; PROJECT2025 0.083",NA
"micro_direct_327","micro_direct_subsets","ISRAEL + CHINA + PROJECT2025 + GENDER",4,0.223496284703647,0.154473732232861,"ISRAEL -0.409; CHINA 0.263; PROJECT2025 0.107; GENDER 0.049",NA
"micro_direct_1295","micro_direct_subsets","CHINA + HEALTHCARE + TAX + AUTHORITARIAN + RACE",5,0.240626726710663,0.15433430929142,"CHINA 0.051; HEALTHCARE 0.442; TAX -0.174; AUTHORITARIAN 0.305; RACE 0.021",NA
"micro_direct_1208","micro_direct_subsets","CHINA + FENTANYL + INFLATION + FELON + AUTHORITARIAN",5,0.240509996863225,0.154204314688592,"CHINA 0.258; FENTANYL -0.075; INFLATION -0.043; FELON -0.462; AUTHORITARIAN -0.074",NA
"micro_direct_318","micro_direct_subsets","ISRAEL + CHINA + TAX + PROJECT2025",4,0.222981677127311,0.15391338176085,"ISRAEL -0.411; CHINA 0.277; TAX 0.041; PROJECT2025 0.102",NA
"micro_direct_1277","micro_direct_subsets","CHINA + INFLATION + FELON + PROJECT2025 + AUTHORITARIAN",5,0.24020073416648,0.153859908503581,"CHINA 0.255; INFLATION -0.035; FELON -0.454; PROJECT2025 0.07; AUTHORITARIAN -0.069",NA
"micro_direct_1941","micro_direct_subsets","ISRAEL + FENTANYL + INFLATION + PROJECT2025 + AUTHORITARIAN + GENDER",6,0.257043019316791,0.153374603407506,"ISRAEL -0.509; FENTANYL -0.031; INFLATION -0.053; PROJECT2025 0.071; AUTHORITARIAN 0.335; GENDER 0.047",NA
"micro_direct_1233","micro_direct_subsets","CHINA + FENTANYL + TAX + FELON + AUTHORITARIAN",5,0.239673189405255,0.153272415474034,"CHINA 0.256; FENTANYL -0.068; TAX -0.035; FELON -0.458; AUTHORITARIAN -0.06",NA
"micro_direct_2014","micro_direct_subsets","ISRAEL + INFLATION + PROJECT2025 + AUTHORITARIAN + GENDER + RACE",6,0.256924688993078,0.153239761875833,"ISRAEL -0.503; INFLATION -0.047; PROJECT2025 0.079; AUTHORITARIAN 0.338; GENDER 0.056; RACE 0.031",NA
"micro_direct_1317","micro_direct_subsets","CHINA + FELON + PROJECT2025 + AUTHORITARIAN + GENDER",5,0.239597821008841,0.153188482487118,"CHINA 0.263; FELON -0.457; PROJECT2025 0.064; AUTHORITARIAN -0.068; GENDER -0.027",NA
"micro_direct_1199","micro_direct_subsets","CHINA + FENTANYL + INFLATION + HEALTHCARE + AUTHORITARIAN",5,0.239566307505568,0.153153387903928,"CHINA 0.085; FENTANYL -0.126; INFLATION -0.125; HEALTHCARE 0.46; AUTHORITARIAN 0.233",NA
"micro_direct_1307","micro_direct_subsets","CHINA + TAX + FELON + PROJECT2025 + AUTHORITARIAN",5,0.239520641249935,0.153102532301064,"CHINA 0.254; TAX -0.026; FELON -0.452; PROJECT2025 0.066; AUTHORITARIAN -0.059",NA
"micro_direct_1232","micro_direct_subsets","CHINA + FENTANYL + TAX + FELON + PROJECT2025",5,0.239361208106872,0.15292498175538,"CHINA 0.252; FENTANYL -0.049; TAX -0.052; FELON -0.435; PROJECT2025 0.047",NA
"micro_direct_1245","micro_direct_subsets","CHINA + FENTANYL + FELON + AUTHORITARIAN + GENDER",5,0.239143728064548,0.152682788071883,"CHINA 0.265; FENTANYL -0.063; FELON -0.462; AUTHORITARIAN -0.072; GENDER -0.024",NA
"micro_direct_1202","micro_direct_subsets","CHINA + FENTANYL + INFLATION + TAX + FELON",5,0.239015562011433,0.15254005769455,"CHINA 0.245; FENTANYL -0.067; INFLATION -0.04; TAX -0.052; FELON -0.435",NA
"micro_direct_1559","micro_direct_subsets","HEALTHCARE + TAX + PROJECT2025 + AUTHORITARIAN + GENDER",5,0.238989057366026,0.15251054115762,"HEALTHCARE 0.47; TAX -0.177; PROJECT2025 0.016; AUTHORITARIAN 0.32; GENDER -0.031",NA
"micro_direct_1562","micro_direct_subsets","HEALTHCARE + TAX + AUTHORITARIAN + GENDER + RACE",5,0.2388988439976,0.152410076270055,"HEALTHCARE 0.468; TAX -0.176; AUTHORITARIAN 0.321; GENDER -0.027; RACE 0.015",NA
"micro_direct_1207","micro_direct_subsets","CHINA + FENTANYL + INFLATION + FELON + PROJECT2025",5,0.238877527515962,0.152386337460958,"CHINA 0.253; FENTANYL -0.052; INFLATION -0.046; FELON -0.43; PROJECT2025 0.052",NA
"micro_direct_1560","micro_direct_subsets","HEALTHCARE + TAX + PROJECT2025 + AUTHORITARIAN + RACE",5,0.238872195712874,0.152380399771156,"HEALTHCARE 0.465; TAX -0.181; PROJECT2025 0.02; AUTHORITARIAN 0.319; RACE 0.025",NA
"micro_direct_689","micro_direct_subsets","FENTANYL + HEALTHCARE + AUTHORITARIAN + GENDER",4,0.221425499392074,0.152218877115814,"FENTANYL -0.072; HEALTHCARE 0.478; AUTHORITARIAN 0.256; GENDER -0.078",NA
"micro_direct_307","micro_direct_subsets","ISRAEL + CHINA + INFLATION + PROJECT2025",4,0.22140867896871,0.152200561543707,"ISRAEL -0.408; CHINA 0.274; INFLATION -0.006; PROJECT2025 0.096",NA
"micro_direct_1082","micro_direct_subsets","ISRAEL + HEALTHCARE + TAX + PROJECT2025 + GENDER",5,0.238684007171775,0.152170826168568,"ISRAEL -0.301; HEALTHCARE 0.306; TAX -0.031; PROJECT2025 0.074; GENDER 0.038",NA
"micro_direct_2230","micro_direct_subsets","CHINA + FENTANYL + FELON + AUTHORITARIAN + GENDER + RACE",6,0.255937687570596,0.152115039324632,"CHINA 0.312; FENTANYL -0.085; FELON -0.502; AUTHORITARIAN -0.109; GENDER -0.126; RACE -0.171",NA
"micro_direct_1267","micro_direct_subsets","CHINA + INFLATION + TAX + FELON + PROJECT2025",5,0.238445241184918,0.151904927683204,"CHINA 0.242; INFLATION -0.033; TAX -0.044; FELON -0.428; PROJECT2025 0.061",NA
"micro_direct_1083","micro_direct_subsets","ISRAEL + HEALTHCARE + TAX + PROJECT2025 + RACE",5,0.238124957072372,0.151548247648778,"ISRAEL -0.299; HEALTHCARE 0.313; TAX -0.024; PROJECT2025 0.068; RACE -0.023",NA
"micro_direct_1942","micro_direct_subsets","ISRAEL + FENTANYL + INFLATION + PROJECT2025 + AUTHORITARIAN + RACE",6,0.255239270062996,0.15131916821132,"ISRAEL -0.509; FENTANYL -0.019; INFLATION -0.05; PROJECT2025 0.064; AUTHORITARIAN 0.346; RACE -0.002",NA
"micro_direct_1095","micro_direct_subsets","ISRAEL + HEALTHCARE + PROJECT2025 + GENDER + RACE",5,0.237915747046929,0.151315263756808,"ISRAEL -0.303; HEALTHCARE 0.306; PROJECT2025 0.074; GENDER 0.022; RACE -0.004",NA
"micro_direct_1046","micro_direct_subsets","ISRAEL + INFLATION + HEALTHCARE + TAX + RACE",5,0.23789611187969,0.151293397320564,"ISRAEL -0.284; INFLATION -0.066; HEALTHCARE 0.317; TAX -0.022; RACE -0.02",NA
"micro_direct_1460","micro_direct_subsets","FENTANYL + INFLATION + HEALTHCARE + AUTHORITARIAN + GENDER",5,0.237790278161786,0.151175537043807,"FENTANYL -0.101; INFLATION -0.132; HEALTHCARE 0.506; AUTHORITARIAN 0.269; GENDER -0.074",NA
"micro_direct_1045","micro_direct_subsets","ISRAEL + INFLATION + HEALTHCARE + TAX + GENDER",5,0.237760693724971,0.151142590739172,"ISRAEL -0.284; INFLATION -0.065; HEALTHCARE 0.315; TAX -0.023; GENDER 0.016",NA
"micro_direct_30","micro_direct_subsets","BORDER + RACE",2,0.185754301759592,0.151105548642979,"BORDER 0.436; RACE -0.119",NA
"micro_direct_1979","micro_direct_subsets","ISRAEL + FENTANYL + PROJECT2025 + AUTHORITARIAN + GENDER + RACE",6,0.255036677741613,0.151088307193931,"ISRAEL -0.507; FENTANYL -0.02; PROJECT2025 0.073; AUTHORITARIAN 0.334; GENDER 0.06; RACE 0.033",NA
"micro_direct_1278","micro_direct_subsets","CHINA + INFLATION + FELON + PROJECT2025 + GENDER",5,0.237576439611085,0.150937398657799,"CHINA 0.253; INFLATION -0.037; FELON -0.428; PROJECT2025 0.06; GENDER -0.033",NA
"micro_direct_1308","micro_direct_subsets","CHINA + TAX + FELON + PROJECT2025 + GENDER",5,0.237539897601201,0.150896704146792,"CHINA 0.248; TAX -0.042; FELON -0.429; PROJECT2025 0.058; GENDER -0.016",NA
"micro_direct_1234","micro_direct_subsets","CHINA + FENTANYL + TAX + FELON + GENDER",5,0.237505364020396,0.150858246295441,"CHINA 0.247; FENTANYL -0.06; TAX -0.054; FELON -0.433; GENDER -0.007",NA
"micro_direct_1056","micro_direct_subsets","ISRAEL + INFLATION + HEALTHCARE + GENDER + RACE",5,0.237471664167799,0.15082071691414,"ISRAEL -0.285; INFLATION -0.068; HEALTHCARE 0.316; GENDER -0.001; RACE -0.013",NA
"micro_direct_1243","micro_direct_subsets","CHINA + FENTANYL + FELON + PROJECT2025 + GENDER",5,0.23746164847488,0.150809563074299,"CHINA 0.261; FENTANYL -0.039; FELON -0.431; PROJECT2025 0.05; GENDER -0.028",NA
"micro_direct_1209","micro_direct_subsets","CHINA + FENTANYL + INFLATION + FELON + GENDER",5,0.237220315055585,0.150540805402811,"CHINA 0.253; FENTANYL -0.059; INFLATION -0.044; FELON -0.431; GENDER -0.03",NA
"micro_direct_1920","micro_direct_subsets","ISRAEL + FENTANYL + INFLATION + HEALTHCARE + PROJECT2025 + GENDER",6,0.254292488822439,0.150240277960454,"ISRAEL -0.306; FENTANYL -0.125; INFLATION -0.091; HEALTHCARE 0.35; PROJECT2025 0.05; GENDER 0.049",NA
"micro_direct_302","micro_direct_subsets","ISRAEL + CHINA + FENTANYL + GENDER",4,0.219589200440326,0.150219351590578,"ISRAEL -0.407; CHINA 0.261; FENTANYL -0.086; GENDER 0.049",NA
"micro_direct_690","micro_direct_subsets","FENTANYL + HEALTHCARE + AUTHORITARIAN + RACE",4,0.219584978952589,0.150214754859486,"FENTANYL -0.08; HEALTHCARE 0.464; AUTHORITARIAN 0.248; RACE 0.058",NA
"micro_direct_1280","micro_direct_subsets","CHINA + INFLATION + FELON + AUTHORITARIAN + GENDER",5,0.236868862538288,0.150149415099457,"CHINA 0.251; INFLATION -0.032; FELON -0.449; AUTHORITARIAN -0.058; GENDER -0.039",NA
"micro_direct_2287","micro_direct_subsets","CHINA + FELON + PROJECT2025 + AUTHORITARIAN + GENDER + RACE",6,0.254181009940009,0.150113243885126,"CHINA 0.304; FELON -0.49; PROJECT2025 0.067; AUTHORITARIAN -0.098; GENDER -0.126; RACE -0.158",NA
"micro_direct_550","micro_direct_subsets","CHINA + HEALTHCARE + AUTHORITARIAN + RACE",4,0.21923190319001,0.149830294584678,"CHINA 0.078; HEALTHCARE 0.409; AUTHORITARIAN 0.23; RACE 0.059",NA
"micro_direct_1921","micro_direct_subsets","ISRAEL + FENTANYL + INFLATION + HEALTHCARE + PROJECT2025 + RACE",6,0.2538336015639,0.149717359921653,"ISRAEL -0.304; FENTANYL -0.123; INFLATION -0.093; HEALTHCARE 0.359; PROJECT2025 0.043; RACE -0.04",NA
"micro_direct_1268","micro_direct_subsets","CHINA + INFLATION + TAX + FELON + AUTHORITARIAN",5,0.236433581313623,0.149664670099263,"CHINA 0.237; INFLATION -0.031; TAX -0.033; FELON -0.442; AUTHORITARIAN -0.048",NA
"micro_direct_1913","micro_direct_subsets","ISRAEL + FENTANYL + INFLATION + HEALTHCARE + TAX + GENDER",6,0.253725680538758,0.149594380148817,"ISRAEL -0.299; FENTANYL -0.144; INFLATION -0.087; HEALTHCARE 0.353; TAX -0.045; GENDER 0.061",NA
"micro_direct_1264","micro_direct_subsets","CHINA + INFLATION + HEALTHCARE + AUTHORITARIAN + GENDER",5,0.236327568679029,0.149546610574373,"CHINA 0.09; INFLATION -0.102; HEALTHCARE 0.447; AUTHORITARIAN 0.255; GENDER -0.111",NA
"micro_direct_1310","micro_direct_subsets","CHINA + TAX + FELON + AUTHORITARIAN + GENDER",5,0.236159225799762,0.149359137822463,"CHINA 0.249; TAX -0.023; FELON -0.447; AUTHORITARIAN -0.052; GENDER -0.031",NA
"micro_direct_546","micro_direct_subsets","CHINA + HEALTHCARE + PROJECT2025 + AUTHORITARIAN",4,0.218609051908202,0.149152078744487,"CHINA 0.096; HEALTHCARE 0.4; PROJECT2025 0.051; AUTHORITARIAN 0.215",NA
"micro_direct_1914","micro_direct_subsets","ISRAEL + FENTANYL + INFLATION + HEALTHCARE + TAX + RACE",6,0.253269788039992,0.149074874743246,"ISRAEL -0.298; FENTANYL -0.139; INFLATION -0.09; HEALTHCARE 0.362; TAX -0.035; RACE -0.05",NA
"micro_direct_1944","micro_direct_subsets","ISRAEL + FENTANYL + INFLATION + AUTHORITARIAN + GENDER + RACE",6,0.25306456076914,0.14884101110902,"ISRAEL -0.498; FENTANYL -0.046; INFLATION -0.052; AUTHORITARIAN 0.335; GENDER 0.048; RACE 0.024",NA
"micro_direct_298","micro_direct_subsets","ISRAEL + CHINA + FENTANYL + TAX",4,0.218242923768832,0.148753405881617,"ISRAEL -0.407; CHINA 0.273; FENTANYL -0.072; TAX 0.027",NA
"micro_direct_1269","micro_direct_subsets","CHINA + INFLATION + TAX + FELON + GENDER",5,0.235486852916928,0.148610358930215,"CHINA 0.238; INFLATION -0.032; TAX -0.039; FELON -0.426; GENDER -0.027",NA
"micro_direct_1461","micro_direct_subsets","FENTANYL + INFLATION + HEALTHCARE + AUTHORITARIAN + RACE",5,0.23541892855607,0.148534715891988,"FENTANYL -0.109; INFLATION -0.131; HEALTHCARE 0.491; AUTHORITARIAN 0.259; RACE 0.046",NA
"micro_direct_1924","micro_direct_subsets","ISRAEL + FENTANYL + INFLATION + HEALTHCARE + GENDER + RACE",6,0.25260292446495,0.148314960436804,"ISRAEL -0.301; FENTANYL -0.139; INFLATION -0.094; HEALTHCARE 0.354; GENDER 0.026; RACE -0.025",NA
"micro_direct_766","micro_direct_subsets","HEALTHCARE + AUTHORITARIAN + GENDER + RACE",4,0.21778917455863,0.148259323408286,"HEALTHCARE 0.457; AUTHORITARIAN 0.26; GENDER -0.077; RACE 0.032",NA
"micro_direct_1911","micro_direct_subsets","ISRAEL + FENTANYL + INFLATION + HEALTHCARE + TAX + PROJECT2025",6,0.252538736699661,0.148241816239148,"ISRAEL -0.299; FENTANYL -0.116; INFLATION -0.087; HEALTHCARE 0.364; TAX -0.014; PROJECT2025 0.039",NA
"micro_direct_331","micro_direct_subsets","ISRAEL + CHINA + GENDER + RACE",4,0.217767011190302,0.148235189962773,"ISRAEL -0.394; CHINA 0.267; GENDER -0.026; RACE -0.083",NA
"micro_direct_296","micro_direct_subsets","ISRAEL + CHINA + FENTANYL + INFLATION",4,0.217728463464531,0.148193215772489,"ISRAEL -0.406; CHINA 0.272; FENTANYL -0.074; INFLATION -0.015",NA
"micro_direct_310","micro_direct_subsets","ISRAEL + CHINA + INFLATION + RACE",4,0.217528399162595,0.147975367977048,"ISRAEL -0.393; CHINA 0.258; INFLATION -0.013; RACE -0.069",NA
"micro_direct_763","micro_direct_subsets","HEALTHCARE + PROJECT2025 + AUTHORITARIAN + GENDER",4,0.217426661539354,0.147864587009518,"HEALTHCARE 0.459; PROJECT2025 0.019; AUTHORITARIAN 0.257; GENDER -0.091",NA
"micro_direct_644","micro_direct_subsets","BORDER + TAX + AUTHORITARIAN + RACE",4,0.217400687467043,0.14783630413078,"BORDER 0.429; TAX -0.086; AUTHORITARIAN 0.198; RACE -0.106",NA
"micro_direct_321","micro_direct_subsets","ISRAEL + CHINA + TAX + RACE",4,0.217388612262283,0.147823155574486,"ISRAEL -0.393; CHINA 0.259; TAX 0.004; RACE -0.066",NA
"micro_direct_29","micro_direct_subsets","BORDER + GENDER",2,0.182075577271364,0.147270282687167,"BORDER 0.414; GENDER 0.1",NA
"micro_direct_2204","micro_direct_subsets","CHINA + FENTANYL + HEALTHCARE + TAX + AUTHORITARIAN + GENDER",6,0.251624372719248,0.14719986658705,"CHINA 0.07; FENTANYL -0.109; HEALTHCARE 0.479; TAX -0.179; AUTHORITARIAN 0.309; GENDER -0.02",NA
"micro_direct_619","micro_direct_subsets","BORDER + INFLATION + AUTHORITARIAN + RACE",4,0.21678062269117,0.147161122485941,"BORDER 0.435; INFLATION -0.07; AUTHORITARIAN 0.17; RACE -0.09",NA
"micro_direct_686","micro_direct_subsets","FENTANYL + HEALTHCARE + PROJECT2025 + AUTHORITARIAN",4,0.216772263235638,0.147152019967695,"FENTANYL -0.085; HEALTHCARE 0.459; PROJECT2025 0.015; AUTHORITARIAN 0.236",NA
"micro_direct_2265","micro_direct_subsets","CHINA + INFLATION + FELON + AUTHORITARIAN + GENDER + RACE",6,0.251470150509159,0.147024124998809,"CHINA 0.291; INFLATION -0.038; FELON -0.482; AUTHORITARIAN -0.088; GENDER -0.138; RACE -0.158",NA
"micro_direct_2205","micro_direct_subsets","CHINA + FENTANYL + HEALTHCARE + TAX + AUTHORITARIAN + RACE",6,0.251382399768922,0.146924129969236,"CHINA 0.066; FENTANYL -0.115; HEALTHCARE 0.476; TAX -0.188; AUTHORITARIAN 0.308; RACE -0.004",NA
"micro_direct_2201","micro_direct_subsets","CHINA + FENTANYL + HEALTHCARE + TAX + PROJECT2025 + AUTHORITARIAN",6,0.251372411619117,0.14691274812411,"CHINA 0.066; FENTANYL -0.114; HEALTHCARE 0.477; TAX -0.187; PROJECT2025 0; AUTHORITARIAN 0.309",NA
"micro_direct_1086","micro_direct_subsets","ISRAEL + HEALTHCARE + TAX + GENDER + RACE",5,0.233860848716628,0.146799581525336,"ISRAEL -0.289; HEALTHCARE 0.305; TAX -0.034; GENDER 0.014; RACE -0.011",NA
"micro_direct_2222","micro_direct_subsets","CHINA + FENTANYL + TAX + FELON + GENDER + RACE",6,0.251208655685419,0.146726142525245,"CHINA 0.283; FENTANYL -0.076; TAX -0.069; FELON -0.455; GENDER -0.095; RACE -0.151",NA
"micro_direct_1457","micro_direct_subsets","FENTANYL + INFLATION + HEALTHCARE + PROJECT2025 + AUTHORITARIAN",5,0.23365633280119,0.146571825164962,"FENTANYL -0.114; INFLATION -0.134; HEALTHCARE 0.488; PROJECT2025 0.012; AUTHORITARIAN 0.25",NA
"micro_direct_2228","micro_direct_subsets","CHINA + FENTANYL + FELON + PROJECT2025 + AUTHORITARIAN + RACE",6,0.250951024526571,0.146432562832604,"CHINA 0.286; FENTANYL -0.081; FELON -0.487; PROJECT2025 0.064; AUTHORITARIAN -0.113; RACE -0.105",NA
"micro_direct_2221","micro_direct_subsets","CHINA + FENTANYL + TAX + FELON + AUTHORITARIAN + RACE",6,0.250943999579744,0.146424557660638,"CHINA 0.271; FENTANYL -0.101; TAX -0.07; FELON -0.479; AUTHORITARIAN -0.081; RACE -0.119",NA
"micro_direct_486","micro_direct_subsets","CHINA + BORDER + AUTHORITARIAN + RACE",4,0.215598749537791,0.14587419394115,"CHINA 0.067; BORDER 0.406; AUTHORITARIAN 0.155; RACE -0.085",NA
"micro_direct_2192","micro_direct_subsets","CHINA + FENTANYL + INFLATION + FELON + GENDER + RACE",6,0.250413170204029,0.145819659069707,"CHINA 0.29; FENTANYL -0.074; INFLATION -0.053; FELON -0.451; GENDER -0.123; RACE -0.148",NA
"micro_direct_2285","micro_direct_subsets","CHINA + TAX + FELON + AUTHORITARIAN + GENDER + RACE",6,0.250405993634613,0.145811481118512,"CHINA 0.289; TAX -0.023; FELON -0.479; AUTHORITARIAN -0.082; GENDER -0.129; RACE -0.156",NA
"micro_direct_2239","micro_direct_subsets","CHINA + INFLATION + HEALTHCARE + TAX + AUTHORITARIAN + GENDER",6,0.250214064429325,0.145592771093882,"CHINA 0.055; INFLATION -0.092; HEALTHCARE 0.464; TAX -0.148; AUTHORITARIAN 0.312; GENDER -0.055",NA
"micro_direct_2191","micro_direct_subsets","CHINA + FENTANYL + INFLATION + FELON + AUTHORITARIAN + RACE",6,0.250199313074458,0.145575961410429,"CHINA 0.275; FENTANYL -0.106; INFLATION -0.054; FELON -0.484; AUTHORITARIAN -0.107; RACE -0.106",NA
"micro_direct_52","micro_direct_subsets","TAX + FELON",2,0.180307219453,0.145426675599936,"TAX -0.066; FELON -0.43",NA
"micro_direct_764","micro_direct_subsets","HEALTHCARE + PROJECT2025 + AUTHORITARIAN + RACE",4,0.215169743109686,0.145407053608325,"HEALTHCARE 0.442; PROJECT2025 0.032; AUTHORITARIAN 0.248; RACE 0.068",NA
"micro_direct_643","micro_direct_subsets","BORDER + TAX + AUTHORITARIAN + GENDER",4,0.214983844745648,0.145204630945262,"BORDER 0.409; TAX -0.094; AUTHORITARIAN 0.201; GENDER 0.095",NA
"micro_direct_842","micro_direct_subsets","ISRAEL + CHINA + FENTANYL + PROJECT2025 + RACE",5,0.232208440056955,0.144959399154336,"ISRAEL -0.426; CHINA 0.296; FENTANYL -0.073; PROJECT2025 0.091; RACE -0.096",NA
"micro_direct_12","micro_direct_subsets","CHINA + BORDER",2,0.179833551846828,0.144932851925417,"CHINA 0.096; BORDER 0.377",NA
"micro_direct_2229","micro_direct_subsets","CHINA + FENTANYL + FELON + PROJECT2025 + GENDER + RACE",6,0.249598860093236,0.144891724292292,"CHINA 0.296; FENTANYL -0.053; FELON -0.45; PROJECT2025 0.047; GENDER -0.118; RACE -0.141",NA
"micro_direct_2284","micro_direct_subsets","CHINA + TAX + FELON + PROJECT2025 + GENDER + RACE",6,0.249453104358969,0.144725630548592,"CHINA 0.279; TAX -0.053; FELON -0.447; PROJECT2025 0.058; GENDER -0.102; RACE -0.14",NA
"micro_direct_1229","micro_direct_subsets","CHINA + FENTANYL + HEALTHCARE + AUTHORITARIAN + GENDER",5,0.231879985146661,0.144593619822418,"CHINA 0.112; FENTANYL -0.083; HEALTHCARE 0.449; AUTHORITARIAN 0.24; GENDER -0.094",NA
"micro_direct_2236","micro_direct_subsets","CHINA + INFLATION + HEALTHCARE + TAX + PROJECT2025 + AUTHORITARIAN",6,0.249236458781622,0.144478755355801,"CHINA 0.048; INFLATION -0.092; HEALTHCARE 0.456; TAX -0.166; PROJECT2025 0.034; AUTHORITARIAN 0.307",NA
"micro_direct_2264","micro_direct_subsets","CHINA + INFLATION + FELON + PROJECT2025 + GENDER + RACE",6,0.249188745323969,0.144424384206383,"CHINA 0.285; INFLATION -0.044; FELON -0.445; PROJECT2025 0.06; GENDER -0.123; RACE -0.138",NA
"micro_direct_2180","micro_direct_subsets","CHINA + FENTANYL + INFLATION + TAX + FELON + RACE",6,0.249161102875015,0.144392884671529,"CHINA 0.255; FENTANYL -0.096; INFLATION -0.048; TAX -0.09; FELON -0.446; RACE -0.112",NA
"micro_direct_2219","micro_direct_subsets","CHINA + FENTANYL + TAX + FELON + PROJECT2025 + RACE",6,0.249013188688228,0.144224331295888,"CHINA 0.263; FENTANYL -0.076; TAX -0.09; FELON -0.446; PROJECT2025 0.049; RACE -0.109",NA
"micro_direct_41","micro_direct_subsets","INFLATION + FELON",2,0.178957765832229,0.144019798420834,"INFLATION -0.054; FELON -0.422",NA
"micro_direct_598","micro_direct_subsets","BORDER + FENTANYL + AUTHORITARIAN + RACE",4,0.21388554758174,0.144008707366783,"BORDER 0.429; FENTANYL 0.045; AUTHORITARIAN 0.167; RACE -0.074",NA
"micro_direct_320","micro_direct_subsets","ISRAEL + CHINA + TAX + GENDER",4,0.213707423523,0.143814750058378,"ISRAEL -0.391; CHINA 0.251; TAX 0.019; GENDER 0.017",NA
"micro_direct_1950","micro_direct_subsets","ISRAEL + FENTANYL + HEALTHCARE + TAX + PROJECT2025 + GENDER",6,0.248637189237912,0.143795866805993,"ISRAEL -0.31; FENTANYL -0.116; HEALTHCARE 0.334; TAX -0.052; PROJECT2025 0.048; GENDER 0.068",NA
"micro_direct_305","micro_direct_subsets","ISRAEL + CHINA + INFLATION + TAX",4,0.213609421315463,0.143708036543505,"ISRAEL -0.392; CHINA 0.256; INFLATION -0.011; TAX 0.028",NA
"micro_direct_2240","micro_direct_subsets","CHINA + INFLATION + HEALTHCARE + TAX + AUTHORITARIAN + RACE",6,0.248498243857258,0.143637533697806,"CHINA 0.04; INFLATION -0.091; HEALTHCARE 0.457; TAX -0.166; AUTHORITARIAN 0.312; RACE 0.02",NA
"micro_direct_309","micro_direct_subsets","ISRAEL + CHINA + INFLATION + GENDER",4,0.21350805574224,0.143597660697106,"ISRAEL -0.39; CHINA 0.247; INFLATION -0.009; GENDER 0.027",NA
"micro_direct_2476","micro_direct_subsets","INFLATION + HEALTHCARE + TAX + PROJECT2025 + AUTHORITARIAN + GENDER",6,0.248292184542532,0.14340272192056,"INFLATION -0.098; HEALTHCARE 0.483; TAX -0.164; PROJECT2025 0.02; AUTHORITARIAN 0.325; GENDER -0.036",NA
"micro_direct_618","micro_direct_subsets","BORDER + INFLATION + AUTHORITARIAN + GENDER",4,0.213097352840187,0.143150450870426,"BORDER 0.419; INFLATION -0.065; AUTHORITARIAN 0.173; GENDER 0.063",NA
"micro_direct_2479","micro_direct_subsets","INFLATION + HEALTHCARE + TAX + AUTHORITARIAN + GENDER + RACE",6,0.247965413414929,0.143030354821663,"INFLATION -0.097; HEALTHCARE 0.482; TAX -0.163; AUTHORITARIAN 0.326; GENDER -0.036; RACE 0.008",NA
"micro_direct_2456","micro_direct_subsets","FENTANYL + HEALTHCARE + TAX + PROJECT2025 + AUTHORITARIAN + RACE",6,0.247910641415871,0.142967940218086,"FENTANYL -0.109; HEALTHCARE 0.499; TAX -0.2; PROJECT2025 -0.009; AUTHORITARIAN 0.327; RACE 0.006",NA
"micro_direct_2455","micro_direct_subsets","FENTANYL + HEALTHCARE + TAX + PROJECT2025 + AUTHORITARIAN + GENDER",6,0.247894509021098,0.142949556791484,"FENTANYL -0.109; HEALTHCARE 0.5; TAX -0.2; PROJECT2025 -0.01; AUTHORITARIAN 0.327; GENDER -0.004",NA
"micro_direct_2458","micro_direct_subsets","FENTANYL + HEALTHCARE + TAX + AUTHORITARIAN + GENDER + RACE",6,0.247833390595367,0.142879910213326,"FENTANYL -0.106; HEALTHCARE 0.499; TAX -0.199; AUTHORITARIAN 0.327; GENDER 0.001; RACE 0.006",NA
"micro_direct_60","micro_direct_subsets","FELON + RACE",2,0.177852897736306,0.142867914661255,"FELON -0.42; RACE -0.042",NA
"micro_direct_2477","micro_direct_subsets","INFLATION + HEALTHCARE + TAX + PROJECT2025 + AUTHORITARIAN + RACE",6,0.24781532790037,0.142859327142282,"INFLATION -0.097; HEALTHCARE 0.477; TAX -0.17; PROJECT2025 0.025; AUTHORITARIAN 0.323; RACE 0.022",NA
"micro_direct_2283","micro_direct_subsets","CHINA + TAX + FELON + PROJECT2025 + AUTHORITARIAN + RACE",6,0.247801663895073,0.142843756531595,"CHINA 0.262; TAX -0.053; FELON -0.464; PROJECT2025 0.076; AUTHORITARIAN -0.074; RACE -0.098",NA
"micro_direct_2257","micro_direct_subsets","CHINA + INFLATION + TAX + FELON + GENDER + RACE",6,0.247750739616565,0.142785726539806,"CHINA 0.269; INFLATION -0.037; TAX -0.05; FELON -0.444; GENDER -0.114; RACE -0.142",NA
"micro_direct_1534","micro_direct_subsets","INFLATION + HEALTHCARE + PROJECT2025 + AUTHORITARIAN + GENDER",5,0.23017091212198,0.142690333954023,"INFLATION -0.114; HEALTHCARE 0.476; PROJECT2025 0.023; AUTHORITARIAN 0.268; GENDER -0.091",NA
"micro_direct_653","micro_direct_subsets","BORDER + PROJECT2025 + AUTHORITARIAN + RACE",4,0.212563342117836,0.14256897252831,"BORDER 0.432; PROJECT2025 -0.025; AUTHORITARIAN 0.165; RACE -0.081",NA
"micro_direct_1537","micro_direct_subsets","INFLATION + HEALTHCARE + AUTHORITARIAN + GENDER + RACE",5,0.230012538917599,0.142513963794599,"INFLATION -0.112; HEALTHCARE 0.474; AUTHORITARIAN 0.27; GENDER -0.084; RACE 0.023",NA
"micro_direct_2263","micro_direct_subsets","CHINA + INFLATION + FELON + PROJECT2025 + AUTHORITARIAN + RACE",6,0.247377470090922,0.142360372894306,"CHINA 0.265; INFLATION -0.041; FELON -0.468; PROJECT2025 0.083; AUTHORITARIAN -0.094; RACE -0.089",NA
"micro_direct_655","micro_direct_subsets","BORDER + AUTHORITARIAN + GENDER + RACE",4,0.212238567796941,0.142215329378892,"BORDER 0.43; AUTHORITARIAN 0.163; GENDER 0.021; RACE -0.072",NA
"micro_direct_464","micro_direct_subsets","CHINA + BORDER + INFLATION + AUTHORITARIAN",4,0.212153693039121,0.142122910198154,"CHINA 0.059; BORDER 0.396; INFLATION -0.058; AUTHORITARIAN 0.178",NA
"micro_direct_576","micro_direct_subsets","BORDER + FENTANYL + INFLATION + AUTHORITARIAN",4,0.212133195251105,0.142100590384536,"BORDER 0.418; FENTANYL 0.054; INFLATION -0.056; AUTHORITARIAN 0.187",NA
"micro_direct_1951","micro_direct_subsets","ISRAEL + FENTANYL + HEALTHCARE + TAX + PROJECT2025 + RACE",6,0.24713278809409,0.142081549223498,"ISRAEL -0.307; FENTANYL -0.109; HEALTHCARE 0.344; TAX -0.039; PROJECT2025 0.04; RACE -0.044",NA
"micro_direct_1954","micro_direct_subsets","ISRAEL + FENTANYL + HEALTHCARE + TAX + GENDER + RACE",6,0.24702095341955,0.141954109710649,"ISRAEL -0.304; FENTANYL -0.13; HEALTHCARE 0.337; TAX -0.058; GENDER 0.049; RACE -0.023",NA
"micro_direct_59","micro_direct_subsets","FELON + GENDER",2,0.176591091767964,0.14155241482192,"FELON -0.415; GENDER 0.024",NA
"micro_direct_1963","micro_direct_subsets","ISRAEL + FENTANYL + HEALTHCARE + PROJECT2025 + GENDER + RACE",6,0.246633930487564,0.141513083578852,"ISRAEL -0.312; FENTANYL -0.107; HEALTHCARE 0.332; PROJECT2025 0.051; GENDER 0.037; RACE -0.012",NA
"micro_direct_58","micro_direct_subsets","FELON + AUTHORITARIAN",2,0.176551130984296,0.141510753579372,"FELON -0.431; AUTHORITARIAN -0.025",NA
"micro_direct_1265","micro_direct_subsets","CHINA + INFLATION + HEALTHCARE + AUTHORITARIAN + RACE",5,0.229087145445455,0.141483411973348,"CHINA 0.064; INFLATION -0.102; HEALTHCARE 0.428; AUTHORITARIAN 0.241; RACE 0.056",NA
"micro_direct_1261","micro_direct_subsets","CHINA + INFLATION + HEALTHCARE + PROJECT2025 + AUTHORITARIAN",5,0.229006311816217,0.141393392704424,"CHINA 0.081; INFLATION -0.104; HEALTHCARE 0.421; PROJECT2025 0.053; AUTHORITARIAN 0.228",NA
"micro_direct_57","micro_direct_subsets","FELON + PROJECT2025",2,0.176363264748354,0.141314893035518,"FELON -0.422; PROJECT2025 0.018",NA
"micro_direct_587","micro_direct_subsets","BORDER + FENTANYL + TAX + AUTHORITARIAN",4,0.21138295360045,0.141283660587157,"BORDER 0.412; FENTANYL 0.061; TAX -0.053; AUTHORITARIAN 0.205",NA
"micro_direct_457","micro_direct_subsets","CHINA + BORDER + FENTANYL + AUTHORITARIAN",4,0.211202229076236,0.14108687166079,"CHINA 0.052; BORDER 0.395; FENTANYL 0.05; AUTHORITARIAN 0.175",NA
"micro_direct_34","micro_direct_subsets","FENTANYL + FELON",2,0.176061566923179,0.141000357005016,"FENTANYL -0.002; FELON -0.42",NA
"micro_direct_608","micro_direct_subsets","BORDER + INFLATION + TAX + AUTHORITARIAN",4,0.210957338075089,0.140820212570653,"BORDER 0.416; INFLATION -0.058; TAX -0.046; AUTHORITARIAN 0.207",NA
"micro_direct_22","micro_direct_subsets","BORDER + FENTANYL",2,0.175810590075096,0.140738700291058,"BORDER 0.413; FENTANYL 0.062",NA
"micro_direct_485","micro_direct_subsets","CHINA + BORDER + AUTHORITARIAN + GENDER",4,0.210863709320596,0.140718261260204,"CHINA 0.051; BORDER 0.396; AUTHORITARIAN 0.164; GENDER 0.048",NA
"micro_direct_597","micro_direct_subsets","BORDER + FENTANYL + AUTHORITARIAN + GENDER",4,0.210850142414648,0.140703488407061,"BORDER 0.416; FENTANYL 0.047; AUTHORITARIAN 0.172; GENDER 0.045",NA
"micro_direct_475","micro_direct_subsets","CHINA + BORDER + TAX + AUTHORITARIAN",4,0.210752943849793,0.140597649969775,"CHINA 0.061; BORDER 0.389; TAX -0.048; AUTHORITARIAN 0.194",NA
"micro_direct_130","micro_direct_subsets","CHINA + BORDER + RACE",3,0.19318338896937,0.140564914336938,"CHINA 0.094; BORDER 0.398; RACE -0.117",NA
"micro_direct_2254","micro_direct_subsets","CHINA + INFLATION + TAX + FELON + PROJECT2025 + RACE",6,0.245786530659296,0.140547441914082,"CHINA 0.247; INFLATION -0.037; TAX -0.074; FELON -0.434; PROJECT2025 0.069; RACE -0.092",NA
"micro_direct_888","micro_direct_subsets","ISRAEL + CHINA + TAX + PROJECT2025 + RACE",5,0.228070212917775,0.140350918931159,"ISRAEL -0.414; CHINA 0.282; TAX 0.016; PROJECT2025 0.109; RACE -0.076",NA
"micro_direct_863","micro_direct_subsets","ISRAEL + CHINA + INFLATION + PROJECT2025 + RACE",5,0.22803364098554,0.140310191097533,"ISRAEL -0.413; CHINA 0.28; INFLATION -0.013; PROJECT2025 0.107; RACE -0.083",NA
"micro_direct_2174","micro_direct_subsets","CHINA + FENTANYL + INFLATION + HEALTHCARE + AUTHORITARIAN + GENDER",6,0.245480181938096,0.14019834685969,"CHINA 0.097; FENTANYL -0.108; INFLATION -0.121; HEALTHCARE 0.478; AUTHORITARIAN 0.254; GENDER -0.087",NA
"micro_direct_615","micro_direct_subsets","BORDER + INFLATION + PROJECT2025 + AUTHORITARIAN",4,0.210346391974677,0.140154960150204,"BORDER 0.42; INFLATION -0.062; PROJECT2025 -0.032; AUTHORITARIAN 0.187",NA
"micro_direct_900","micro_direct_subsets","ISRAEL + CHINA + PROJECT2025 + GENDER + RACE",5,0.227865293553354,0.140122713275327,"ISRAEL -0.413; CHINA 0.282; PROJECT2025 0.107; GENDER -0.004; RACE -0.083",NA
"micro_direct_2189","micro_direct_subsets","CHINA + FENTANYL + INFLATION + FELON + PROJECT2025 + RACE",6,0.245226256742031,0.139908990240919,"CHINA 0.262; FENTANYL -0.072; INFLATION -0.056; FELON -0.434; PROJECT2025 0.058; RACE -0.083",NA
"micro_direct_1303","micro_direct_subsets","CHINA + HEALTHCARE + PROJECT2025 + AUTHORITARIAN + GENDER",5,0.227210854254098,0.139393905873882,"CHINA 0.109; HEALTHCARE 0.429; PROJECT2025 0.032; AUTHORITARIAN 0.241; GENDER -0.105",NA
"micro_direct_1535","micro_direct_subsets","INFLATION + HEALTHCARE + PROJECT2025 + AUTHORITARIAN + RACE",5,0.227061829378613,0.139227946353455,"INFLATION -0.111; HEALTHCARE 0.457; PROJECT2025 0.037; AUTHORITARIAN 0.257; RACE 0.062",NA
"micro_direct_23","micro_direct_subsets","BORDER + INFLATION",2,0.174316357227411,0.139180883066875,"BORDER 0.416; INFLATION -0.048",NA
"micro_direct_841","micro_direct_subsets","ISRAEL + CHINA + FENTANYL + PROJECT2025 + GENDER",5,0.226954177869091,0.139108061717851,"ISRAEL -0.42; CHINA 0.271; FENTANYL -0.066; PROJECT2025 0.093; GENDER 0.064",NA
"micro_direct_594","micro_direct_subsets","BORDER + FENTANYL + PROJECT2025 + AUTHORITARIAN",4,0.20932323444673,0.139040855286439,"BORDER 0.416; FENTANYL 0.056; PROJECT2025 -0.016; AUTHORITARIAN 0.182",NA
"micro_direct_482","micro_direct_subsets","CHINA + BORDER + PROJECT2025 + AUTHORITARIAN",4,0.209305105118784,0.139021114462676,"CHINA 0.06; BORDER 0.394; PROJECT2025 -0.021; AUTHORITARIAN 0.173",NA
"micro_direct_640","micro_direct_subsets","BORDER + TAX + PROJECT2025 + AUTHORITARIAN",4,0.209283864230258,0.13899798549517,"BORDER 0.413; TAX -0.059; PROJECT2025 -0.04; AUTHORITARIAN 0.207",NA
"micro_direct_652","micro_direct_subsets","BORDER + PROJECT2025 + AUTHORITARIAN + GENDER",4,0.209235674578706,0.138945512319035,"BORDER 0.417; PROJECT2025 -0.019; AUTHORITARIAN 0.169; GENDER 0.056",NA
"micro_direct_1230","micro_direct_subsets","CHINA + FENTANYL + HEALTHCARE + AUTHORITARIAN + RACE",5,0.226537545418591,0.138644084670703,"CHINA 0.092; FENTANYL -0.094; HEALTHCARE 0.435; AUTHORITARIAN 0.227; RACE 0.041",NA
"micro_direct_1306","micro_direct_subsets","CHINA + HEALTHCARE + AUTHORITARIAN + GENDER + RACE",5,0.226289238026844,0.138367560529894,"CHINA 0.105; HEALTHCARE 0.428; AUTHORITARIAN 0.242; GENDER -0.113; RACE -0.001",NA
"micro_direct_27","micro_direct_subsets","BORDER + PROJECT2025",2,0.173434805993999,0.138261819015021,"BORDER 0.415; PROJECT2025 -0.038",NA
"micro_direct_2256","micro_direct_subsets","CHINA + INFLATION + TAX + FELON + AUTHORITARIAN + RACE",6,0.243660127559977,0.138124331405555,"CHINA 0.243; INFLATION -0.034; TAX -0.06; FELON -0.452; AUTHORITARIAN -0.061; RACE -0.091",NA
"micro_direct_25","micro_direct_subsets","BORDER + TAX",2,0.173250175697115,0.138069332109758,"BORDER 0.418; TAX 0.035",NA
"micro_direct_824","micro_direct_subsets","ISRAEL + CHINA + FENTANYL + INFLATION + RACE",5,0.225712474910809,0.137725256150673,"ISRAEL -0.414; CHINA 0.282; FENTANYL -0.099; INFLATION -0.026; RACE -0.093",NA
"micro_direct_1226","micro_direct_subsets","CHINA + FENTANYL + HEALTHCARE + PROJECT2025 + AUTHORITARIAN",5,0.225691213975567,0.137701579200063,"CHINA 0.103; FENTANYL -0.094; HEALTHCARE 0.428; PROJECT2025 0.027; AUTHORITARIAN 0.217",NA
"micro_direct_2187","micro_direct_subsets","CHINA + FENTANYL + INFLATION + FELON + PROJECT2025 + AUTHORITARIAN",6,0.243129093761219,0.137519199867436,"CHINA 0.266; FENTANYL -0.06; INFLATION -0.042; FELON -0.466; PROJECT2025 0.055; AUTHORITARIAN -0.075",NA
"micro_direct_15","micro_direct_subsets","CHINA + HEALTHCARE",2,0.17266654165879,0.137460862580441,"CHINA 0.132; HEALTHCARE 0.354",NA
"micro_direct_1985","micro_direct_subsets","ISRAEL + INFLATION + HEALTHCARE + TAX + PROJECT2025 + GENDER",6,0.242945985638315,0.137310541773893,"ISRAEL -0.296; INFLATION -0.067; HEALTHCARE 0.316; TAX -0.021; PROJECT2025 0.076; GENDER 0.034",NA
"micro_direct_845","micro_direct_subsets","ISRAEL + CHINA + FENTANYL + GENDER + RACE",5,0.225117039230706,0.137062157325105,"ISRAEL -0.414; CHINA 0.285; FENTANYL -0.094; GENDER -0.008; RACE -0.094",NA
"micro_direct_835","micro_direct_subsets","ISRAEL + CHINA + FENTANYL + TAX + RACE",5,0.225092844124442,0.137035212774947,"ISRAEL -0.414; CHINA 0.282; FENTANYL -0.096; TAX -0.004; RACE -0.091",NA
"micro_direct_1998","micro_direct_subsets","ISRAEL + INFLATION + HEALTHCARE + PROJECT2025 + GENDER + RACE",6,0.242674993146462,0.137001736376201,"ISRAEL -0.297; INFLATION -0.07; HEALTHCARE 0.317; PROJECT2025 0.076; GENDER 0.019; RACE -0.01",NA
"micro_direct_832","micro_direct_subsets","ISRAEL + CHINA + FENTANYL + TAX + PROJECT2025",5,0.225055559144278,0.136993690865218,"ISRAEL -0.419; CHINA 0.286; FENTANYL -0.05; TAX 0.039; PROJECT2025 0.089",NA
"micro_direct_1986","micro_direct_subsets","ISRAEL + INFLATION + HEALTHCARE + TAX + PROJECT2025 + RACE",6,0.242650141361396,0.136973416900195,"ISRAEL -0.295; INFLATION -0.069; HEALTHCARE 0.323; TAX -0.015; PROJECT2025 0.071; RACE -0.025",NA
"micro_direct_2273","micro_direct_subsets","CHINA + HEALTHCARE + TAX + PROJECT2025 + AUTHORITARIAN + GENDER",6,0.242638272037483,0.13695989139155,"CHINA 0.069; HEALTHCARE 0.449; TAX -0.156; PROJECT2025 0.024; AUTHORITARIAN 0.303; GENDER -0.047",NA
"micro_direct_181","micro_direct_subsets","BORDER + INFLATION + RACE",3,0.189276962362793,0.136403720777758,"BORDER 0.439; INFLATION -0.06; RACE -0.125",NA
"micro_direct_2276","micro_direct_subsets","CHINA + HEALTHCARE + TAX + AUTHORITARIAN + GENDER + RACE",6,0.242110354642468,0.136358311104208,"CHINA 0.067; HEALTHCARE 0.448; TAX -0.158; AUTHORITARIAN 0.304; GENDER -0.055; RACE -0.005",NA
"micro_direct_2217","micro_direct_subsets","CHINA + FENTANYL + TAX + FELON + PROJECT2025 + AUTHORITARIAN",6,0.24198803311645,0.13621892145828,"CHINA 0.264; FENTANYL -0.054; TAX -0.027; FELON -0.463; PROJECT2025 0.052; AUTHORITARIAN -0.066",NA
"micro_direct_2227","micro_direct_subsets","CHINA + FENTANYL + FELON + PROJECT2025 + AUTHORITARIAN + GENDER",6,0.241627651566412,0.135808254110562,"CHINA 0.27; FENTANYL -0.05; FELON -0.466; PROJECT2025 0.054; AUTHORITARIAN -0.076; GENDER -0.015",NA
"micro_direct_887","micro_direct_subsets","ISRAEL + CHINA + TAX + PROJECT2025 + GENDER",5,0.223949609884539,0.135762065553237,"ISRAEL -0.411; CHINA 0.267; TAX 0.024; PROJECT2025 0.108; GENDER 0.037",NA
"micro_direct_2274","micro_direct_subsets","CHINA + HEALTHCARE + TAX + PROJECT2025 + AUTHORITARIAN + RACE",6,0.241442957574647,0.135597788864133,"CHINA 0.057; HEALTHCARE 0.443; TAX -0.17; PROJECT2025 0.03; AUTHORITARIAN 0.302; RACE 0.018",NA
"micro_direct_821","micro_direct_subsets","ISRAEL + CHINA + FENTANYL + INFLATION + PROJECT2025",5,0.223702226536004,0.13548657046055,"ISRAEL -0.417; CHINA 0.283; FENTANYL -0.052; INFLATION -0.012; PROJECT2025 0.083",NA
"micro_direct_862","micro_direct_subsets","ISRAEL + CHINA + INFLATION + PROJECT2025 + GENDER",5,0.223593792439009,0.135365814307079,"ISRAEL -0.409; CHINA 0.262; INFLATION -0.01; PROJECT2025 0.107; GENDER 0.05",NA
"micro_direct_2178","micro_direct_subsets","CHINA + FENTANYL + INFLATION + TAX + FELON + AUTHORITARIAN",6,0.241200376209637,0.135321358936562,"CHINA 0.255; FENTANYL -0.073; INFLATION -0.04; TAX -0.03; FELON -0.46; AUTHORITARIAN -0.06",NA
"micro_direct_2177","micro_direct_subsets","CHINA + FENTANYL + INFLATION + TAX + FELON + PROJECT2025",6,0.240868110525603,0.134942730598943,"CHINA 0.251; FENTANYL -0.054; INFLATION -0.04; TAX -0.046; FELON -0.437; PROJECT2025 0.046",NA
"micro_direct_2190","micro_direct_subsets","CHINA + FENTANYL + INFLATION + FELON + AUTHORITARIAN + GENDER",6,0.240812624467024,0.134879502299632,"CHINA 0.262; FENTANYL -0.069; INFLATION -0.042; FELON -0.463; AUTHORITARIAN -0.07; GENDER -0.019",NA
"micro_direct_853","micro_direct_subsets","ISRAEL + CHINA + INFLATION + TAX + PROJECT2025",5,0.223133611988106,0.134853340623118,"ISRAEL -0.411; CHINA 0.277; INFLATION -0.012; TAX 0.042; PROJECT2025 0.102",NA
"micro_direct_2262","micro_direct_subsets","CHINA + INFLATION + FELON + PROJECT2025 + AUTHORITARIAN + GENDER",6,0.240697573134615,0.134748397292933,"CHINA 0.26; INFLATION -0.033; FELON -0.457; PROJECT2025 0.065; AUTHORITARIAN -0.065; GENDER -0.024",NA
"micro_direct_2252","micro_direct_subsets","CHINA + INFLATION + TAX + FELON + PROJECT2025 + AUTHORITARIAN",6,0.240546532435782,0.134576281147752,"CHINA 0.252; INFLATION -0.032; TAX -0.021; FELON -0.452; PROJECT2025 0.067; AUTHORITARIAN -0.058",NA
"micro_direct_2175","micro_direct_subsets","CHINA + FENTANYL + INFLATION + HEALTHCARE + AUTHORITARIAN + RACE",6,0.240498185448375,0.134521188069079,"CHINA 0.079; FENTANYL -0.12; INFLATION -0.123; HEALTHCARE 0.465; AUTHORITARIAN 0.241; RACE 0.033",NA
"micro_direct_202","micro_direct_subsets","BORDER + GENDER + RACE",3,0.187354963190255,0.134356373833098,"BORDER 0.43; GENDER 0.049; RACE -0.09",NA
"micro_direct_174","micro_direct_subsets","BORDER + FENTANYL + RACE",3,0.187099423636055,0.134084168655798,"BORDER 0.433; FENTANYL 0.038; RACE -0.111",NA
"micro_direct_2171","micro_direct_subsets","CHINA + FENTANYL + INFLATION + HEALTHCARE + PROJECT2025 + AUTHORITARIAN",6,0.240038323721397,0.133997159589498,"CHINA 0.088; FENTANYL -0.12; INFLATION -0.125; HEALTHCARE 0.46; PROJECT2025 0.023; AUTHORITARIAN 0.233",NA
"micro_direct_2282","micro_direct_subsets","CHINA + TAX + FELON + PROJECT2025 + AUTHORITARIAN + GENDER",6,0.239780357180217,0.133703197716992,"CHINA 0.259; TAX -0.017; FELON -0.455; PROJECT2025 0.063; AUTHORITARIAN -0.06; GENDER -0.02",NA
"micro_direct_2220","micro_direct_subsets","CHINA + FENTANYL + TAX + FELON + AUTHORITARIAN + GENDER",6,0.239734326111805,0.133650743708801,"CHINA 0.259; FENTANYL -0.066; TAX -0.031; FELON -0.459; AUTHORITARIAN -0.06; GENDER -0.01",NA
"micro_direct_1502","micro_direct_subsets","FENTANYL + HEALTHCARE + AUTHORITARIAN + GENDER + RACE",5,0.221941359856378,0.133525605294603,"FENTANYL -0.071; HEALTHCARE 0.477; AUTHORITARIAN 0.258; GENDER -0.063; RACE 0.028",NA
"micro_direct_199","micro_direct_subsets","BORDER + PROJECT2025 + RACE",3,0.186377742023534,0.133315420851155,"BORDER 0.436; PROJECT2025 -0.025; RACE -0.116",NA
"micro_direct_2218","micro_direct_subsets","CHINA + FENTANYL + TAX + FELON + PROJECT2025 + GENDER",6,0.239364347847089,0.133229140569938,"CHINA 0.253; FENTANYL -0.048; TAX -0.051; FELON -0.435; PROJECT2025 0.047; GENDER -0.002",NA
"micro_direct_2188","micro_direct_subsets","CHINA + FENTANYL + INFLATION + FELON + PROJECT2025 + GENDER",6,0.239312233165283,0.133169754072067,"CHINA 0.258; FENTANYL -0.047; INFLATION -0.044; FELON -0.433; PROJECT2025 0.049; GENDER -0.023",NA
"micro_direct_2495","micro_direct_subsets","HEALTHCARE + TAX + PROJECT2025 + AUTHORITARIAN + GENDER + RACE",6,0.239150771492244,0.132985762863255,"HEALTHCARE 0.469; TAX -0.176; PROJECT2025 0.016; AUTHORITARIAN 0.321; GENDER -0.023; RACE 0.016",NA
"micro_direct_1499","micro_direct_subsets","FENTANYL + HEALTHCARE + PROJECT2025 + AUTHORITARIAN + GENDER",5,0.221430786105162,0.13295701179893,"FENTANYL -0.072; HEALTHCARE 0.478; PROJECT2025 0.002; AUTHORITARIAN 0.256; GENDER -0.078",NA
"micro_direct_2179","micro_direct_subsets","CHINA + FENTANYL + INFLATION + TAX + FELON + GENDER",6,0.23903188664859,0.132850289436766,"CHINA 0.246; FENTANYL -0.066; INFLATION -0.04; TAX -0.049; FELON -0.435; GENDER -0.005",NA
"micro_direct_1401","micro_direct_subsets","BORDER + INFLATION + TAX + AUTHORITARIAN + RACE",5,0.221196372982438,0.132695960821352,"BORDER 0.432; INFLATION -0.062; TAX -0.077; AUTHORITARIAN 0.199; RACE -0.11",NA
"micro_direct_1304","micro_direct_subsets","CHINA + HEALTHCARE + PROJECT2025 + AUTHORITARIAN + RACE",5,0.221193785487844,0.13269307929328,"CHINA 0.086; HEALTHCARE 0.412; PROJECT2025 0.046; AUTHORITARIAN 0.229; RACE 0.054",NA
"micro_direct_192","micro_direct_subsets","BORDER + TAX + RACE",3,0.185774044427063,0.132672351672306,"BORDER 0.436; TAX -0.005; RACE -0.121",NA
"micro_direct_129","micro_direct_subsets","CHINA + BORDER + GENDER",3,0.185767294978738,0.132665162042569,"CHINA 0.069; BORDER 0.387; GENDER 0.081",NA
"micro_direct_2023","micro_direct_subsets","ISRAEL + HEALTHCARE + TAX + PROJECT2025 + GENDER + RACE",6,0.23872944500946,0.132505646638686,"ISRAEL -0.301; HEALTHCARE 0.306; TAX -0.032; PROJECT2025 0.073; GENDER 0.033; RACE -0.008",NA
"micro_direct_2253","micro_direct_subsets","CHINA + INFLATION + TAX + FELON + PROJECT2025 + GENDER",6,0.238613778749037,0.132373840900065,"CHINA 0.246; INFLATION -0.033; TAX -0.037; FELON -0.43; PROJECT2025 0.059; GENDER -0.016",NA
"micro_direct_270","micro_direct_subsets","TAX + FELON + RACE",3,0.185110767716812,0.1319658177853,"TAX -0.092; FELON -0.434; RACE -0.074",NA
"micro_direct_180","micro_direct_subsets","BORDER + INFLATION + GENDER",3,0.184913423463531,0.131755603254631,"BORDER 0.415; INFLATION -0.053; GENDER 0.103",NA
"micro_direct_1184","micro_direct_subsets","CHINA + BORDER + TAX + AUTHORITARIAN + RACE",5,0.220336551971634,0.131738432877502,"CHINA 0.06; BORDER 0.406; TAX -0.08; AUTHORITARIAN 0.186; RACE -0.106",NA
"micro_direct_2433","micro_direct_subsets","FENTANYL + INFLATION + HEALTHCARE + AUTHORITARIAN + GENDER + RACE",6,0.237939132206819,0.131605057631026,"FENTANYL -0.1; INFLATION -0.131; HEALTHCARE 0.505; AUTHORITARIAN 0.27; GENDER -0.066; RACE 0.015",NA
"micro_direct_1989","micro_direct_subsets","ISRAEL + INFLATION + HEALTHCARE + TAX + GENDER + RACE",6,0.237931341758951,0.131596180143921,"ISRAEL -0.284; INFLATION -0.065; HEALTHCARE 0.315; TAX -0.024; GENDER 0.008; RACE -0.016",NA
"micro_direct_2430","micro_direct_subsets","FENTANYL + INFLATION + HEALTHCARE + PROJECT2025 + AUTHORITARIAN + GENDER",6,0.237790768183273,0.131435991650707,"FENTANYL -0.101; INFLATION -0.132; HEALTHCARE 0.506; PROJECT2025 0.001; AUTHORITARIAN 0.269; GENDER -0.073",NA
"micro_direct_823","micro_direct_subsets","ISRAEL + CHINA + FENTANYL + INFLATION + GENDER",5,0.219987241167012,0.131349427663264,"ISRAEL -0.407; CHINA 0.26; FENTANYL -0.089; INFLATION -0.02; GENDER 0.052",NA
"micro_direct_1500","micro_direct_subsets","FENTANYL + HEALTHCARE + PROJECT2025 + AUTHORITARIAN + RACE",5,0.219726494240089,0.131059050403736,"FENTANYL -0.076; HEALTHCARE 0.465; PROJECT2025 0.013; AUTHORITARIAN 0.248; RACE 0.057",NA
"micro_direct_1159","micro_direct_subsets","CHINA + BORDER + INFLATION + AUTHORITARIAN + RACE",5,0.219706600083386,0.131036895547407,"CHINA 0.06; BORDER 0.411; INFLATION -0.065; AUTHORITARIAN 0.16; RACE -0.091",NA
"micro_direct_2248","micro_direct_subsets","CHINA + INFLATION + HEALTHCARE + PROJECT2025 + AUTHORITARIAN + GENDER",6,0.23738482868737,0.130973409434445,"CHINA 0.094; INFLATION -0.103; HEALTHCARE 0.448; PROJECT2025 0.034; AUTHORITARIAN 0.253; GENDER -0.104",NA
"micro_direct_834","micro_direct_subsets","ISRAEL + CHINA + FENTANYL + TAX + GENDER",5,0.219617002497341,0.130937116417493,"ISRAEL -0.408; CHINA 0.262; FENTANYL -0.085; TAX 0.006; GENDER 0.046",NA
"micro_direct_2255","micro_direct_subsets","CHINA + INFLATION + TAX + FELON + AUTHORITARIAN + GENDER",6,0.237086893416149,0.130633901799798,"CHINA 0.247; INFLATION -0.031; TAX -0.019; FELON -0.447; AUTHORITARIAN -0.051; GENDER -0.031",NA
"micro_direct_1442","micro_direct_subsets","BORDER + TAX + AUTHORITARIAN + GENDER + RACE",5,0.219094994494232,0.130355789323122,"BORDER 0.423; TAX -0.1; AUTHORITARIAN 0.197; GENDER 0.053; RACE -0.08",NA
"micro_direct_269","micro_direct_subsets","TAX + FELON + GENDER",3,0.183477924068594,0.130226484333937,"TAX -0.093; FELON -0.422; GENDER 0.063",NA
"micro_direct_1366","micro_direct_subsets","BORDER + FENTANYL + TAX + AUTHORITARIAN + RACE",5,0.218868502518623,0.130103559623012,"BORDER 0.427; FENTANYL 0.039; TAX -0.082; AUTHORITARIAN 0.198; RACE -0.096",NA
"micro_direct_819","micro_direct_subsets","ISRAEL + CHINA + FENTANYL + INFLATION + TAX",5,0.218600648348095,0.129805267478561,"ISRAEL -0.407; CHINA 0.273; FENTANYL -0.075; INFLATION -0.019; TAX 0.03",NA
"micro_direct_173","micro_direct_subsets","BORDER + FENTANYL + GENDER",3,0.183070407544676,0.129792390645416,"BORDER 0.413; FENTANYL 0.033; GENDER 0.09",NA
"micro_direct_2251","micro_direct_subsets","CHINA + INFLATION + HEALTHCARE + AUTHORITARIAN + GENDER + RACE",6,0.23634545185939,0.129789003281631,"CHINA 0.091; INFLATION -0.103; HEALTHCARE 0.447; AUTHORITARIAN 0.254; GENDER -0.114; RACE -0.005",NA
"micro_direct_1440","micro_direct_subsets","BORDER + TAX + PROJECT2025 + AUTHORITARIAN + RACE",5,0.218436087718076,0.129622006776948,"BORDER 0.429; TAX -0.089; PROJECT2025 -0.033; AUTHORITARIAN 0.199; RACE -0.104",NA
"micro_direct_1567","micro_direct_subsets","HEALTHCARE + PROJECT2025 + AUTHORITARIAN + GENDER + RACE",5,0.218167380420379,0.129322764559058,"HEALTHCARE 0.459; PROJECT2025 0.02; AUTHORITARIAN 0.259; GENDER -0.072; RACE 0.033",NA
"micro_direct_39","micro_direct_subsets","INFLATION + HEALTHCARE",2,0.164841661859178,0.129303009172334,"INFLATION -0.089; HEALTHCARE 0.408",NA
"micro_direct_1400","micro_direct_subsets","BORDER + INFLATION + TAX + AUTHORITARIAN + GENDER",5,0.218057396433736,0.129200282392115,"BORDER 0.411; INFLATION -0.056; TAX -0.086; AUTHORITARIAN 0.202; GENDER 0.094",NA
"micro_direct_1341","micro_direct_subsets","BORDER + FENTANYL + INFLATION + AUTHORITARIAN + RACE",5,0.217908309072981,0.129034253285819,"BORDER 0.433; FENTANYL 0.035; INFLATION -0.065; AUTHORITARIAN 0.171; RACE -0.082",NA
"micro_direct_866","micro_direct_subsets","ISRAEL + CHINA + INFLATION + GENDER + RACE",5,0.21790688250408,0.129032664606816,"ISRAEL -0.394; CHINA 0.266; INFLATION -0.012; GENDER -0.026; RACE -0.084",NA
"micro_direct_891","micro_direct_subsets","ISRAEL + CHINA + TAX + GENDER + RACE",5,0.21790500845044,0.129030577592536,"ISRAEL -0.395; CHINA 0.269; TAX 0.013; GENDER -0.032; RACE -0.082",NA
"micro_direct_237","micro_direct_subsets","INFLATION + TAX + FELON",3,0.18232494254066,0.128998308358529,"INFLATION -0.045; TAX -0.059; FELON -0.431",NA
"micro_direct_198","micro_direct_subsets","BORDER + PROJECT2025 + GENDER",3,0.182226058102332,0.128892974935093,"BORDER 0.414; PROJECT2025 -0.013; GENDER 0.097",NA
"micro_direct_191","micro_direct_subsets","BORDER + TAX + GENDER",3,0.182192716519326,0.128857458901021,"BORDER 0.413; TAX -0.012; GENDER 0.106",NA
"micro_direct_2431","micro_direct_subsets","FENTANYL + INFLATION + HEALTHCARE + PROJECT2025 + AUTHORITARIAN + RACE",6,0.235520129673358,0.128848519860338,"FENTANYL -0.106; INFLATION -0.13; HEALTHCARE 0.492; PROJECT2025 0.011; AUTHORITARIAN 0.26; RACE 0.046",NA
"micro_direct_856","micro_direct_subsets","ISRAEL + CHINA + INFLATION + TAX + RACE",5,0.217557541135724,0.128643625355692,"ISRAEL -0.393; CHINA 0.258; INFLATION -0.013; TAX 0.006; RACE -0.067",NA
"micro_direct_1410","micro_direct_subsets","BORDER + INFLATION + PROJECT2025 + AUTHORITARIAN + RACE",5,0.217313827551478,0.128372217045964,"BORDER 0.435; INFLATION -0.069; PROJECT2025 -0.023; AUTHORITARIAN 0.17; RACE -0.087",NA
"micro_direct_122","micro_direct_subsets","CHINA + BORDER + FENTANYL",3,0.181574363079281,0.128198778062712,"CHINA 0.085; BORDER 0.38; FENTANYL 0.043",NA
"micro_direct_123","micro_direct_subsets","CHINA + BORDER + INFLATION",3,0.1814985051465,0.128117972873445,"CHINA 0.093; BORDER 0.379; INFLATION -0.041",NA
"micro_direct_1412","micro_direct_subsets","BORDER + INFLATION + AUTHORITARIAN + GENDER + RACE",5,0.217049028637613,0.128077327346432,"BORDER 0.433; INFLATION -0.07; AUTHORITARIAN 0.167; GENDER 0.02; RACE -0.079",NA
"micro_direct_245","micro_direct_subsets","INFLATION + FELON + RACE",3,0.181204396786892,0.127804683533863,"INFLATION -0.058; FELON -0.422; RACE -0.048",NA
"micro_direct_125","micro_direct_subsets","CHINA + BORDER + TAX",3,0.181106969433761,0.127700902222919,"CHINA 0.097; BORDER 0.38; TAX 0.036",NA
"micro_direct_1138","micro_direct_subsets","CHINA + BORDER + FENTANYL + AUTHORITARIAN + RACE",5,0.216491765502939,0.127456738855546,"CHINA 0.058; BORDER 0.407; FENTANYL 0.032; AUTHORITARIAN 0.158; RACE -0.078",NA
"micro_direct_132","micro_direct_subsets","CHINA + FENTANYL + HEALTHCARE",3,0.180632914808009,0.12719593099114,"CHINA 0.144; FENTANYL -0.096; HEALTHCARE 0.384",NA
"micro_direct_267","micro_direct_subsets","TAX + FELON + PROJECT2025",3,0.180422223679554,0.126971499136916,"TAX -0.065; FELON -0.431; PROJECT2025 0.011",NA
"micro_direct_1365","micro_direct_subsets","BORDER + FENTANYL + TAX + AUTHORITARIAN + GENDER",5,0.216021493954434,0.126933027358347,"BORDER 0.409; FENTANYL 0.034; TAX -0.088; AUTHORITARIAN 0.201; GENDER 0.082",NA
"micro_direct_216","micro_direct_subsets","FENTANYL + TAX + FELON",3,0.180332224911841,0.126875630884353,"FENTANYL -0.005; TAX -0.066; FELON -0.431",NA
"micro_direct_268","micro_direct_subsets","TAX + FELON + AUTHORITARIAN",3,0.180331948609235,0.126875336562011,"TAX -0.068; FELON -0.427; AUTHORITARIAN 0.006",NA
"micro_direct_127","micro_direct_subsets","CHINA + BORDER + PROJECT2025",3,0.180177746288588,0.126711077568279,"CHINA 0.092; BORDER 0.379; PROJECT2025 -0.019",NA
"micro_direct_32","micro_direct_subsets","FENTANYL + HEALTHCARE",2,0.162332089756308,0.126686646767214,"FENTANYL -0.077; HEALTHCARE 0.424",NA
"micro_direct_1183","micro_direct_subsets","CHINA + BORDER + TAX + AUTHORITARIAN + GENDER",5,0.215751243887886,0.126632067056964,"CHINA 0.033; BORDER 0.397; TAX -0.087; AUTHORITARIAN 0.195; GENDER 0.084",NA
"micro_direct_1193","micro_direct_subsets","CHINA + BORDER + PROJECT2025 + AUTHORITARIAN + RACE",5,0.215737130070532,0.126616349396729,"CHINA 0.064; BORDER 0.407; PROJECT2025 -0.012; AUTHORITARIAN 0.156; RACE -0.084",NA
"micro_direct_1195","micro_direct_subsets","CHINA + BORDER + AUTHORITARIAN + GENDER + RACE",5,0.215613548881317,0.126478724890558,"CHINA 0.068; BORDER 0.406; AUTHORITARIAN 0.156; GENDER -0.005; RACE -0.088",NA
"micro_direct_1439","micro_direct_subsets","BORDER + TAX + PROJECT2025 + AUTHORITARIAN + GENDER",5,0.215403115670817,0.126244378815228,"BORDER 0.409; TAX -0.095; PROJECT2025 -0.021; AUTHORITARIAN 0.202; GENDER 0.09",NA
"micro_direct_244","micro_direct_subsets","INFLATION + FELON + GENDER",3,0.179615946421008,0.126112638578899,"INFLATION -0.055; FELON -0.417; GENDER 0.026",NA
"micro_direct_242","micro_direct_subsets","INFLATION + FELON + PROJECT2025",3,0.179305259529341,0.125781689498646,"INFLATION -0.054; FELON -0.424; PROJECT2025 0.019",NA
"micro_direct_243","micro_direct_subsets","INFLATION + FELON + AUTHORITARIAN",3,0.179304408356971,0.125780782815034,"INFLATION -0.053; FELON -0.432; AUTHORITARIAN -0.021",NA
"micro_direct_1675","micro_direct_subsets","ISRAEL + CHINA + FENTANYL + INFLATION + PROJECT2025 + RACE",6,0.232736716257962,0.125676723177678,"ISRAEL -0.426; CHINA 0.295; FENTANYL -0.077; INFLATION -0.023; PROJECT2025 0.09; RACE -0.099",NA
"micro_direct_205","micro_direct_subsets","FENTANYL + INFLATION + FELON",3,0.17905985738159,0.125520282862998,"FENTANYL -0.01; INFLATION -0.055; FELON -0.424",NA
"micro_direct_281","micro_direct_subsets","FELON + AUTHORITARIAN + RACE",3,0.178948547118777,0.125401713235219,"FELON -0.438; AUTHORITARIAN -0.039; RACE -0.05",NA
"micro_direct_1158","micro_direct_subsets","CHINA + BORDER + INFLATION + AUTHORITARIAN + GENDER",5,0.214506383165248,0.125245744888572,"CHINA 0.043; BORDER 0.401; INFLATION -0.061; AUTHORITARIAN 0.169; GENDER 0.052",NA
"micro_direct_1700","micro_direct_subsets","ISRAEL + CHINA + FENTANYL + TAX + PROJECT2025 + RACE",6,0.232260955163477,0.125134576814195,"ISRAEL -0.426; CHINA 0.296; FENTANYL -0.073; TAX 0.008; PROJECT2025 0.092; RACE -0.094",NA
"micro_direct_1712","micro_direct_subsets","ISRAEL + CHINA + FENTANYL + PROJECT2025 + GENDER + RACE",6,0.232239403529131,0.125110017975056,"ISRAEL -0.426; CHINA 0.294; FENTANYL -0.074; PROJECT2025 0.092; GENDER 0.007; RACE -0.092",NA
"micro_direct_1340","micro_direct_subsets","BORDER + FENTANYL + INFLATION + AUTHORITARIAN + GENDER",5,0.214303937466064,0.125020293996299,"BORDER 0.418; FENTANYL 0.037; INFLATION -0.06; AUTHORITARIAN 0.175; GENDER 0.051",NA
"micro_direct_2213","micro_direct_subsets","CHINA + FENTANYL + HEALTHCARE + PROJECT2025 + AUTHORITARIAN + GENDER",6,0.232049164173217,0.124893233592735,"CHINA 0.113; FENTANYL -0.079; HEALTHCARE 0.448; PROJECT2025 0.014; AUTHORITARIAN 0.239; GENDER -0.092",NA
"micro_direct_279","micro_direct_subsets","FELON + PROJECT2025 + RACE",3,0.17835242413423,0.124766712664723,"FELON -0.422; PROJECT2025 0.023; RACE -0.045",NA
"micro_direct_2216","micro_direct_subsets","CHINA + FENTANYL + HEALTHCARE + AUTHORITARIAN + GENDER + RACE",6,0.231936609385473,0.124764973485772,"CHINA 0.115; FENTANYL -0.083; HEALTHCARE 0.448; AUTHORITARIAN 0.238; GENDER -0.1; RACE -0.01",NA
"micro_direct_1375","micro_direct_subsets","BORDER + FENTANYL + PROJECT2025 + AUTHORITARIAN + RACE",5,0.214033774274833,0.124719430442428,"BORDER 0.429; FENTANYL 0.041; PROJECT2025 -0.013; AUTHORITARIAN 0.167; RACE -0.073",NA
"micro_direct_139","micro_direct_subsets","CHINA + INFLATION + HEALTHCARE",3,0.17821982656438,0.124625467427275,"CHINA 0.123; INFLATION -0.076; HEALTHCARE 0.367",NA
"micro_direct_1377","micro_direct_subsets","BORDER + FENTANYL + AUTHORITARIAN + GENDER + RACE",5,0.213928455682887,0.12460214382867,"BORDER 0.428; FENTANYL 0.044; AUTHORITARIAN 0.166; GENDER 0.008; RACE -0.069",NA
"micro_direct_1116","micro_direct_subsets","CHINA + BORDER + FENTANYL + INFLATION + AUTHORITARIAN",5,0.213917925190426,0.124590416689338,"CHINA 0.048; BORDER 0.399; FENTANYL 0.044; INFLATION -0.053; AUTHORITARIAN 0.18",NA
"micro_direct_855","micro_direct_subsets","ISRAEL + CHINA + INFLATION + TAX + GENDER",5,0.213822009204712,0.124483601159793,"ISRAEL -0.391; CHINA 0.251; INFLATION -0.011; TAX 0.02; GENDER 0.017",NA
"micro_direct_1330","micro_direct_subsets","BORDER + FENTANYL + INFLATION + TAX + AUTHORITARIAN",5,0.213807993174405,0.12446799239877,"BORDER 0.414; FENTANYL 0.054; INFLATION -0.05; TAX -0.046; AUTHORITARIAN 0.206",NA
"micro_direct_466","micro_direct_subsets","CHINA + BORDER + INFLATION + RACE",4,0.195923937581893,0.124450509811394,"CHINA 0.089; BORDER 0.403; INFLATION -0.053; RACE -0.123",NA
"micro_direct_224","micro_direct_subsets","FENTANYL + FELON + RACE",3,0.177990032077776,0.124380686343718,"FENTANYL -0.012; FELON -0.422; RACE -0.045",NA
"micro_direct_282","micro_direct_subsets","FELON + GENDER + RACE",3,0.177855550135812,0.124237433840322,"FELON -0.42; GENDER -0.002; RACE -0.044",NA
"micro_direct_1148","micro_direct_subsets","CHINA + BORDER + INFLATION + TAX + AUTHORITARIAN",5,0.213495624536612,0.124120127324864,"CHINA 0.056; BORDER 0.393; INFLATION -0.053; TAX -0.041; AUTHORITARIAN 0.196",NA
"micro_direct_1409","micro_direct_subsets","BORDER + INFLATION + PROJECT2025 + AUTHORITARIAN + GENDER",5,0.213383568965275,0.123995338165874,"BORDER 0.419; INFLATION -0.065; PROJECT2025 -0.018; AUTHORITARIAN 0.174; GENDER 0.059",NA
"micro_direct_2249","micro_direct_subsets","CHINA + INFLATION + HEALTHCARE + PROJECT2025 + AUTHORITARIAN + RACE",6,0.231256684587506,0.123990175460181,"CHINA 0.072; INFLATION -0.103; HEALTHCARE 0.431; PROJECT2025 0.048; AUTHORITARIAN 0.241; RACE 0.05",NA
"micro_direct_167","micro_direct_subsets","BORDER + FENTANYL + INFLATION",3,0.177410012154377,0.12376283903401,"BORDER 0.414; FENTANYL 0.056; INFLATION -0.04",NA
"micro_direct_1127","micro_direct_subsets","CHINA + BORDER + FENTANYL + TAX + AUTHORITARIAN",5,0.213125812450474,0.123708291138028,"CHINA 0.048; BORDER 0.393; FENTANYL 0.05; TAX -0.049; AUTHORITARIAN 0.196",NA
"micro_direct_280","micro_direct_subsets","FELON + AUTHORITARIAN + GENDER",3,0.177288482715258,0.123633383761905,"FELON -0.428; AUTHORITARIAN -0.03; GENDER 0.028",NA
"micro_direct_46","micro_direct_subsets","HEALTHCARE + TAX",2,0.159274586796632,0.123499037298616,"HEALTHCARE 0.402; TAX -0.047",NA
"micro_direct_278","micro_direct_subsets","FELON + PROJECT2025 + GENDER",3,0.177155915521959,0.123492170882087,"FELON -0.417; PROJECT2025 0.025; GENDER 0.03",NA
"micro_direct_169","micro_direct_subsets","BORDER + FENTANYL + TAX",3,0.177077442439602,0.123408579990011,"BORDER 0.416; FENTANYL 0.062; TAX 0.036",NA
"micro_direct_1447","micro_direct_subsets","BORDER + PROJECT2025 + AUTHORITARIAN + GENDER + RACE",5,0.212696004324032,0.123229641179035,"BORDER 0.43; PROJECT2025 -0.022; AUTHORITARIAN 0.164; GENDER 0.015; RACE -0.074",NA
"micro_direct_277","micro_direct_subsets","FELON + PROJECT2025 + AUTHORITARIAN",3,0.176885622923343,0.1232042505053,"FELON -0.434; PROJECT2025 0.018; AUTHORITARIAN -0.026",NA
"micro_direct_2484","micro_direct_subsets","INFLATION + HEALTHCARE + PROJECT2025 + AUTHORITARIAN + GENDER + RACE",6,0.230555542171149,0.123191199218286,"INFLATION -0.113; HEALTHCARE 0.476; PROJECT2025 0.024; AUTHORITARIAN 0.27; GENDER -0.078; RACE 0.024",NA
"micro_direct_1155","micro_direct_subsets","CHINA + BORDER + INFLATION + PROJECT2025 + AUTHORITARIAN",5,0.212599714576961,0.123122409415252,"CHINA 0.054; BORDER 0.398; INFLATION -0.058; PROJECT2025 -0.022; AUTHORITARIAN 0.179",NA
"micro_direct_223","micro_direct_subsets","FENTANYL + FELON + GENDER",3,0.176680477360465,0.122985725883974,"FENTANYL -0.01; FELON -0.416; GENDER 0.027",NA
"micro_direct_1337","micro_direct_subsets","BORDER + FENTANYL + INFLATION + PROJECT2025 + AUTHORITARIAN",5,0.212398080157504,0.122897861993585,"BORDER 0.418; FENTANYL 0.048; INFLATION -0.056; PROJECT2025 -0.017; AUTHORITARIAN 0.187",NA
"micro_direct_1397","micro_direct_subsets","BORDER + INFLATION + TAX + PROJECT2025 + AUTHORITARIAN",5,0.21237416718771,0.122871231640858,"BORDER 0.416; INFLATION -0.056; TAX -0.051; PROJECT2025 -0.038; AUTHORITARIAN 0.208",NA
"micro_direct_222","micro_direct_subsets","FENTANYL + FELON + AUTHORITARIAN",3,0.176570787794561,0.122868882650727,"FENTANYL -0.005; FELON -0.432; AUTHORITARIAN -0.026",NA
"micro_direct_1137","micro_direct_subsets","CHINA + BORDER + FENTANYL + AUTHORITARIAN + GENDER",5,0.212266711205145,0.122751564751184,"CHINA 0.044; BORDER 0.398; FENTANYL 0.04; AUTHORITARIAN 0.167; GENDER 0.036",NA
"micro_direct_221","micro_direct_subsets","FENTANYL + FELON + PROJECT2025",3,0.176372915220938,0.122658105344043,"FENTANYL 0.003; FELON -0.421; PROJECT2025 0.019",NA
"micro_direct_171","micro_direct_subsets","BORDER + FENTANYL + PROJECT2025",3,0.176174104553944,0.122446328763983,"BORDER 0.414; FENTANYL 0.055; PROJECT2025 -0.02",NA
"micro_direct_176","micro_direct_subsets","BORDER + INFLATION + TAX",3,0.176142798401694,0.122412980906152,"BORDER 0.42; INFLATION -0.054; TAX 0.043",NA
"micro_direct_1362","micro_direct_subsets","BORDER + FENTANYL + TAX + PROJECT2025 + AUTHORITARIAN",5,0.211836662148187,0.122272646483209,"BORDER 0.412; FENTANYL 0.053; TAX -0.056; PROJECT2025 -0.023; AUTHORITARIAN 0.206",NA
"micro_direct_48","micro_direct_subsets","HEALTHCARE + PROJECT2025",2,0.157860860570905,0.122025152510092,"HEALTHCARE 0.4; PROJECT2025 0.028",NA
"micro_direct_178","micro_direct_subsets","BORDER + INFLATION + PROJECT2025",3,0.175669711172117,0.121909040161603,"BORDER 0.417; INFLATION -0.047; PROJECT2025 -0.037",NA
"micro_direct_1180","micro_direct_subsets","CHINA + BORDER + TAX + PROJECT2025 + AUTHORITARIAN",5,0.211508277953726,0.121906945903013,"CHINA 0.054; BORDER 0.392; TAX -0.053; PROJECT2025 -0.028; AUTHORITARIAN 0.197",NA
"micro_direct_459","micro_direct_subsets","CHINA + BORDER + FENTANYL + RACE",4,0.19345687837729,0.121764156455272,"CHINA 0.089; BORDER 0.399; FENTANYL 0.017; RACE -0.114",NA
"micro_direct_1134","micro_direct_subsets","CHINA + BORDER + FENTANYL + PROJECT2025 + AUTHORITARIAN",5,0.211262647345169,0.121633402725302,"CHINA 0.051; BORDER 0.396; FENTANYL 0.047; PROJECT2025 -0.008; AUTHORITARIAN 0.175",NA
"micro_direct_487","micro_direct_subsets","CHINA + BORDER + GENDER + RACE",4,0.193277806242242,0.121569166797108,"CHINA 0.09; BORDER 0.399; GENDER 0.013; RACE -0.11",NA
"micro_direct_50","micro_direct_subsets","HEALTHCARE + GENDER",2,0.157408630288862,0.12155367838626,"HEALTHCARE 0.402; GENDER -0.018",NA
"micro_direct_484","micro_direct_subsets","CHINA + BORDER + PROJECT2025 + RACE",4,0.193222331693006,0.121508761176829,"CHINA 0.092; BORDER 0.399; PROJECT2025 -0.006; RACE -0.117",NA
"micro_direct_477","micro_direct_subsets","CHINA + BORDER + TAX + RACE",4,0.193193199948746,0.12147703994419,"CHINA 0.094; BORDER 0.398; TAX -0.003; RACE -0.119",NA
"micro_direct_51","micro_direct_subsets","HEALTHCARE + RACE",2,0.157300419190066,0.121440862559856,"HEALTHCARE 0.398; RACE 0.014",NA
"micro_direct_1192","micro_direct_subsets","CHINA + BORDER + PROJECT2025 + AUTHORITARIAN + GENDER",5,0.211002059852109,0.121343203017121,"CHINA 0.049; BORDER 0.398; PROJECT2025 -0.012; AUTHORITARIAN 0.164; GENDER 0.045",NA
"micro_direct_1374","micro_direct_subsets","BORDER + FENTANYL + PROJECT2025 + AUTHORITARIAN + GENDER",5,0.210908946632038,0.121239508749315,"BORDER 0.416; FENTANYL 0.045; PROJECT2025 -0.008; AUTHORITARIAN 0.172; GENDER 0.044",NA
"micro_direct_148","micro_direct_subsets","CHINA + HEALTHCARE + PROJECT2025",3,0.17495620275969,0.121148998591843,"CHINA 0.14; HEALTHCARE 0.359; PROJECT2025 0.049",NA
"micro_direct_10","micro_direct_subsets","ISRAEL + GENDER",2,0.156996460674957,0.121123969639848,"ISRAEL -0.382; GENDER 0.097",NA
"micro_direct_150","micro_direct_subsets","CHINA + HEALTHCARE + GENDER",3,0.174599666256295,0.120769209707793,"CHINA 0.141; HEALTHCARE 0.365; GENDER -0.047",NA
"micro_direct_1735","micro_direct_subsets","ISRAEL + CHINA + INFLATION + TAX + PROJECT2025 + RACE",6,0.228301142662178,0.12062223233597,"ISRAEL -0.413; CHINA 0.281; INFLATION -0.015; TAX 0.018; PROJECT2025 0.109; RACE -0.077",NA
"micro_direct_189","micro_direct_subsets","BORDER + TAX + PROJECT2025",3,0.174377121586534,0.12053215125522,"BORDER 0.418; TAX 0.031; PROJECT2025 -0.034",NA
"micro_direct_1777","micro_direct_subsets","ISRAEL + CHINA + TAX + PROJECT2025 + GENDER + RACE",6,0.228138333865258,0.120436706032504,"ISRAEL -0.414; CHINA 0.285; TAX 0.019; PROJECT2025 0.108; GENDER -0.012; RACE -0.082",NA
"micro_direct_1747","micro_direct_subsets","ISRAEL + CHINA + INFLATION + PROJECT2025 + GENDER + RACE",6,0.228038544771471,0.120322992879118,"ISRAEL -0.413; CHINA 0.281; INFLATION -0.013; PROJECT2025 0.107; GENDER -0.003; RACE -0.084",NA
"micro_direct_146","micro_direct_subsets","CHINA + HEALTHCARE + TAX",3,0.173987962626428,0.120117612362934,"CHINA 0.129; HEALTHCARE 0.359; TAX -0.037",NA
"micro_direct_1674","micro_direct_subsets","ISRAEL + CHINA + FENTANYL + INFLATION + PROJECT2025 + GENDER",6,0.227295588024994,0.119476367749412,"ISRAEL -0.42; CHINA 0.27; FENTANYL -0.069; INFLATION -0.019; PROJECT2025 0.093; GENDER 0.066",NA
"micro_direct_2281","micro_direct_subsets","CHINA + HEALTHCARE + PROJECT2025 + AUTHORITARIAN + GENDER + RACE",6,0.227211545456122,0.119380598310464,"CHINA 0.109; HEALTHCARE 0.429; PROJECT2025 0.032; AUTHORITARIAN 0.241; GENDER -0.106; RACE -0.001",NA
"micro_direct_1699","micro_direct_subsets","ISRAEL + CHINA + FENTANYL + TAX + PROJECT2025 + GENDER",6,0.227102589326927,0.119256439000452,"ISRAEL -0.42; CHINA 0.273; FENTANYL -0.063; TAX 0.014; PROJECT2025 0.094; GENDER 0.057",NA
"micro_direct_2214","micro_direct_subsets","CHINA + FENTANYL + HEALTHCARE + PROJECT2025 + AUTHORITARIAN + RACE",6,0.227077692024231,0.119228067655519,"CHINA 0.095; FENTANYL -0.087; HEALTHCARE 0.435; PROJECT2025 0.025; AUTHORITARIAN 0.227; RACE 0.04",NA
"micro_direct_203","micro_direct_subsets","FENTANYL + INFLATION + HEALTHCARE",3,0.173104144036372,0.119176153430049,"FENTANYL -0.099; INFLATION -0.107; HEALTHCARE 0.445",NA
"micro_direct_620","micro_direct_subsets","BORDER + INFLATION + GENDER + RACE",4,0.190866658558589,0.118943694874908,"BORDER 0.433; INFLATION -0.06; GENDER 0.049; RACE -0.096",NA
"micro_direct_151","micro_direct_subsets","CHINA + HEALTHCARE + RACE",3,0.172667394238168,0.118710919949352,"CHINA 0.132; HEALTHCARE 0.354; RACE 0.001",NA
"micro_direct_578","micro_direct_subsets","BORDER + FENTANYL + INFLATION + RACE",4,0.190037967045037,0.118041341893484,"BORDER 0.436; FENTANYL 0.029; INFLATION -0.055; RACE -0.118",NA
"micro_direct_617","micro_direct_subsets","BORDER + INFLATION + PROJECT2025 + RACE",4,0.189826396549399,0.117810965131568,"BORDER 0.438; INFLATION -0.059; PROJECT2025 -0.024; RACE -0.122",NA
"micro_direct_1678","micro_direct_subsets","ISRAEL + CHINA + FENTANYL + INFLATION + GENDER + RACE",6,0.225734836810401,0.117697837295573,"ISRAEL -0.414; CHINA 0.284; FENTANYL -0.098; INFLATION -0.025; GENDER -0.006; RACE -0.096",NA
"micro_direct_1668","micro_direct_subsets","ISRAEL + CHINA + FENTANYL + INFLATION + TAX + RACE",6,0.225712967095597,0.117672915992657,"ISRAEL -0.414; CHINA 0.282; FENTANYL -0.099; INFLATION -0.025; TAX -0.001; RACE -0.093",NA
"micro_direct_1665","micro_direct_subsets","ISRAEL + CHINA + FENTANYL + INFLATION + TAX + PROJECT2025",6,0.225373583043731,0.117286176026578,"ISRAEL -0.419; CHINA 0.286; FENTANYL -0.052; INFLATION -0.018; TAX 0.042; PROJECT2025 0.089",NA
"micro_direct_610","micro_direct_subsets","BORDER + INFLATION + TAX + RACE",4,0.189287045342387,0.117223671595044,"BORDER 0.439; INFLATION -0.06; TAX 0.003; RACE -0.124",NA
"micro_direct_488","micro_direct_subsets","CHINA + FENTANYL + INFLATION + HEALTHCARE",4,0.189118937078536,0.117040620374406,"CHINA 0.135; FENTANYL -0.114; INFLATION -0.095; HEALTHCARE 0.406",NA
"micro_direct_1703","micro_direct_subsets","ISRAEL + CHINA + FENTANYL + TAX + GENDER + RACE",6,0.225118893518814,0.116995948428416,"ISRAEL -0.414; CHINA 0.284; FENTANYL -0.094; TAX -0.002; GENDER -0.007; RACE -0.094",NA
"micro_direct_599","micro_direct_subsets","BORDER + FENTANYL + GENDER + RACE",4,0.188139841377227,0.115974493944092,"BORDER 0.429; FENTANYL 0.03; GENDER 0.041; RACE -0.089",NA
"micro_direct_1734","micro_direct_subsets","ISRAEL + CHINA + INFLATION + TAX + PROJECT2025 + GENDER",6,0.224109699329297,0.115845936445013,"ISRAEL -0.41; CHINA 0.266; INFLATION -0.013; TAX 0.026; PROJECT2025 0.108; GENDER 0.038",NA
"micro_direct_465","micro_direct_subsets","CHINA + BORDER + INFLATION + GENDER",4,0.188004486847611,0.115827107900732,"CHINA 0.064; BORDER 0.39; INFLATION -0.048; GENDER 0.085",NA
"micro_direct_645","micro_direct_subsets","BORDER + TAX + GENDER + RACE",4,0.187701245611059,0.115496911887598,"BORDER 0.429; TAX -0.021; GENDER 0.057; RACE -0.093",NA
"micro_direct_654","micro_direct_subsets","BORDER + PROJECT2025 + GENDER + RACE",4,0.187607662499629,0.115395010277374,"BORDER 0.431; PROJECT2025 -0.016; GENDER 0.044; RACE -0.091",NA
"micro_direct_2115","micro_direct_subsets","CHINA + BORDER + INFLATION + TAX + AUTHORITARIAN + RACE",6,0.223603936051022,0.115269601546513,"CHINA 0.055; BORDER 0.411; INFLATION -0.058; TAX -0.073; AUTHORITARIAN 0.188; RACE -0.109",NA
"micro_direct_730","micro_direct_subsets","INFLATION + TAX + FELON + RACE",4,0.187405482446857,0.115174858664356,"INFLATION -0.048; TAX -0.086; FELON -0.435; RACE -0.076",NA
"micro_direct_596","micro_direct_subsets","BORDER + FENTANYL + PROJECT2025 + RACE",4,0.187312718237035,0.115073848746993,"BORDER 0.434; FENTANYL 0.033; PROJECT2025 -0.015; RACE -0.11",NA
"micro_direct_589","micro_direct_subsets","BORDER + FENTANYL + TAX + RACE",4,0.187100667201914,0.114842948730973,"BORDER 0.433; FENTANYL 0.038; TAX -0.001; RACE -0.111",NA
"micro_direct_11","micro_direct_subsets","ISRAEL + RACE",2,0.150548288617965,0.114401407282559,"ISRAEL -0.386; RACE -0.054",NA
"micro_direct_2387","micro_direct_subsets","BORDER + INFLATION + TAX + AUTHORITARIAN + GENDER + RACE",6,0.222661585829066,0.114195760595912,"BORDER 0.426; INFLATION -0.061; TAX -0.092; AUTHORITARIAN 0.198; GENDER 0.05; RACE -0.085",NA
"micro_direct_642","micro_direct_subsets","BORDER + TAX + PROJECT2025 + RACE",4,0.186422547487167,0.114104551708249,"BORDER 0.436; TAX -0.007; PROJECT2025 -0.026; RACE -0.119",NA
"micro_direct_458","micro_direct_subsets","CHINA + BORDER + FENTANYL + GENDER",4,0.186264376308692,0.113932320869465,"CHINA 0.065; BORDER 0.388; FENTANYL 0.024; GENDER 0.074",NA
"micro_direct_2385","micro_direct_subsets","BORDER + INFLATION + TAX + PROJECT2025 + AUTHORITARIAN + RACE",6,0.222090486172304,0.113544972614951,"BORDER 0.432; INFLATION -0.061; TAX -0.081; PROJECT2025 -0.03; AUTHORITARIAN 0.2; RACE -0.107",NA
"micro_direct_2311","micro_direct_subsets","BORDER + FENTANYL + INFLATION + TAX + AUTHORITARIAN + RACE",6,0.222063784599454,0.113514545241238,"BORDER 0.43; FENTANYL 0.031; INFLATION -0.058; TAX -0.075; AUTHORITARIAN 0.199; RACE -0.101",NA
"micro_direct_483","micro_direct_subsets","CHINA + BORDER + PROJECT2025 + GENDER",4,0.185775924268161,0.113400450869776,"CHINA 0.069; BORDER 0.387; PROJECT2025 -0.003; GENDER 0.08",NA
"micro_direct_476","micro_direct_subsets","CHINA + BORDER + TAX + GENDER",4,0.185767663598197,0.113391455918036,"CHINA 0.069; BORDER 0.387; TAX -0.001; GENDER 0.081",NA
"micro_direct_2463","micro_direct_subsets","FENTANYL + HEALTHCARE + PROJECT2025 + AUTHORITARIAN + GENDER + RACE",6,0.221954009048838,0.113389452171932,"FENTANYL -0.07; HEALTHCARE 0.477; PROJECT2025 0.004; AUTHORITARIAN 0.258; GENDER -0.063; RACE 0.028",NA
"micro_direct_772","micro_direct_subsets","TAX + FELON + GENDER + RACE",4,0.185717751773619,0.11333710748683,"TAX -0.1; FELON -0.429; GENDER 0.032; RACE -0.058",NA
"micro_direct_695","micro_direct_subsets","FENTANYL + TAX + FELON + RACE",4,0.185623187957154,0.11323413799779,"FENTANYL -0.024; TAX -0.095; FELON -0.439; RACE -0.08",NA
"micro_direct_577","micro_direct_subsets","BORDER + FENTANYL + INFLATION + GENDER",4,0.185460630713284,0.113057131221131,"BORDER 0.415; FENTANYL 0.025; INFLATION -0.05; GENDER 0.095",NA
"micro_direct_729","micro_direct_subsets","INFLATION + TAX + FELON + GENDER",4,0.185411139677535,0.113003240982205,"INFLATION -0.044; TAX -0.086; FELON -0.423; GENDER 0.063",NA
"micro_direct_8","micro_direct_subsets","ISRAEL + PROJECT2025",2,0.149178509507473,0.112973339699281,"ISRAEL -0.391; PROJECT2025 0.04",NA
"micro_direct_769","micro_direct_subsets","TAX + FELON + PROJECT2025 + RACE",4,0.185375898396926,0.11296486714332,"TAX -0.091; FELON -0.436; PROJECT2025 0.017; RACE -0.075",NA
"micro_direct_771","micro_direct_subsets","TAX + FELON + AUTHORITARIAN + RACE",4,0.18511693171364,0.112682881199297,"TAX -0.091; FELON -0.435; AUTHORITARIAN -0.003; RACE -0.074",NA
"micro_direct_616","micro_direct_subsets","BORDER + INFLATION + PROJECT2025 + GENDER",4,0.185027420147395,0.112585413049386,"BORDER 0.416; INFLATION -0.053; PROJECT2025 -0.011; GENDER 0.1",NA
"micro_direct_609","micro_direct_subsets","BORDER + INFLATION + TAX + GENDER",4,0.184923747702085,0.112472525275604,"BORDER 0.415; INFLATION -0.053; TAX -0.004; GENDER 0.105",NA
"micro_direct_2080","micro_direct_subsets","CHINA + BORDER + FENTANYL + TAX + AUTHORITARIAN + RACE",6,0.221003308424868,0.112306095646943,"CHINA 0.053; BORDER 0.407; FENTANYL 0.027; TAX -0.078; AUTHORITARIAN 0.188; RACE -0.099",NA
"micro_direct_2156","micro_direct_subsets","CHINA + BORDER + TAX + AUTHORITARIAN + GENDER + RACE",6,0.22081132621613,0.112087325223032,"CHINA 0.05; BORDER 0.406; TAX -0.09; AUTHORITARIAN 0.188; GENDER 0.031; RACE -0.091",NA
"micro_direct_2154","micro_direct_subsets","CHINA + BORDER + TAX + PROJECT2025 + AUTHORITARIAN + RACE",6,0.220741977121108,0.1120082995101,"CHINA 0.055; BORDER 0.408; TAX -0.083; PROJECT2025 -0.021; AUTHORITARIAN 0.188; RACE -0.104",NA
"micro_direct_4","micro_direct_subsets","ISRAEL + INFLATION",2,0.148182789526826,0.111935248655627,"ISRAEL -0.383; INFLATION -0.023",NA
"micro_direct_231","micro_direct_subsets","INFLATION + HEALTHCARE + TAX",3,0.166062986429781,0.111675789892593,"INFLATION -0.084; HEALTHCARE 0.411; TAX -0.036",NA
"micro_direct_6","micro_direct_subsets","ISRAEL + TAX",2,0.147909461643942,0.111650289799003,"ISRAEL -0.385; TAX 0.016",NA
"micro_direct_694","micro_direct_subsets","FENTANYL + TAX + FELON + GENDER",4,0.184140312565787,0.111619451460524,"FENTANYL -0.028; TAX -0.098; FELON -0.425; GENDER 0.074",NA
"micro_direct_768","micro_direct_subsets","TAX + FELON + PROJECT2025 + GENDER",4,0.184029695747056,0.111499002035683,"TAX -0.093; FELON -0.423; PROJECT2025 0.024; GENDER 0.069",NA
"micro_direct_3","micro_direct_subsets","ISRAEL + FENTANYL",2,0.147688104832626,0.111419513548908,"ISRAEL -0.385; FENTANYL -0.006",NA
"micro_direct_233","micro_direct_subsets","INFLATION + HEALTHCARE + PROJECT2025",3,0.16577893359932,0.111373211877537,"INFLATION -0.09; HEALTHCARE 0.412; PROJECT2025 0.031",NA
"micro_direct_2055","micro_direct_subsets","CHINA + BORDER + FENTANYL + INFLATION + AUTHORITARIAN + RACE",6,0.220158028710441,0.111342869925851,"CHINA 0.054; BORDER 0.412; FENTANYL 0.023; INFLATION -0.062; AUTHORITARIAN 0.162; RACE -0.085",NA
"micro_direct_1667","micro_direct_subsets","ISRAEL + CHINA + FENTANYL + INFLATION + TAX + GENDER",6,0.220042636671198,0.11121137667183,"ISRAEL -0.408; CHINA 0.261; FENTANYL -0.088; INFLATION -0.021; TAX 0.009; GENDER 0.047",NA
"micro_direct_2352","micro_direct_subsets","BORDER + FENTANYL + TAX + AUTHORITARIAN + GENDER + RACE",6,0.219867590080228,0.111011904975144,"BORDER 0.422; FENTANYL 0.03; TAX -0.095; AUTHORITARIAN 0.197; GENDER 0.043; RACE -0.078",NA
"micro_direct_2124","micro_direct_subsets","CHINA + BORDER + INFLATION + PROJECT2025 + AUTHORITARIAN + RACE",6,0.219837507651719,0.11097762499847,"CHINA 0.057; BORDER 0.412; INFLATION -0.065; PROJECT2025 -0.012; AUTHORITARIAN 0.161; RACE -0.089",NA
"micro_direct_770","micro_direct_subsets","TAX + FELON + AUTHORITARIAN + GENDER",4,0.183510550034513,0.11093371003758,"TAX -0.095; FELON -0.419; AUTHORITARIAN 0.007; GENDER 0.064",NA
"micro_direct_2126","micro_direct_subsets","CHINA + BORDER + INFLATION + AUTHORITARIAN + GENDER + RACE",6,0.219712276974537,0.11083492027331,"CHINA 0.061; BORDER 0.411; INFLATION -0.065; AUTHORITARIAN 0.161; GENDER -0.003; RACE -0.092",NA
"micro_direct_2412","micro_direct_subsets","BORDER + TAX + PROJECT2025 + AUTHORITARIAN + GENDER + RACE",6,0.219651839816488,0.11076605002344,"BORDER 0.424; TAX -0.101; PROJECT2025 -0.024; AUTHORITARIAN 0.198; GENDER 0.046; RACE -0.082",NA
"micro_direct_461","micro_direct_subsets","CHINA + BORDER + INFLATION + TAX",4,0.183294182371412,0.110698109693315,"CHINA 0.092; BORDER 0.383; INFLATION -0.047; TAX 0.043",NA
"micro_direct_235","micro_direct_subsets","INFLATION + HEALTHCARE + GENDER",3,0.165101433347698,0.110651526826895,"INFLATION -0.088; HEALTHCARE 0.413; GENDER -0.017",NA
"micro_direct_588","micro_direct_subsets","BORDER + FENTANYL + TAX + GENDER",4,0.183098725699167,0.110485279094648,"BORDER 0.413; FENTANYL 0.032; TAX -0.006; GENDER 0.093",NA
"micro_direct_595","micro_direct_subsets","BORDER + FENTANYL + PROJECT2025 + GENDER",4,0.183089132391077,0.110474833048062,"BORDER 0.413; FENTANYL 0.032; PROJECT2025 -0.005; GENDER 0.089",NA
"micro_direct_210","micro_direct_subsets","FENTANYL + HEALTHCARE + TAX",3,0.164919329583822,0.110457546730593,"FENTANYL -0.08; HEALTHCARE 0.431; TAX -0.051",NA
"micro_direct_236","micro_direct_subsets","INFLATION + HEALTHCARE + RACE",3,0.164900354160817,0.11043733378,"INFLATION -0.088; HEALTHCARE 0.409; RACE 0.008",NA
"micro_direct_2350","micro_direct_subsets","BORDER + FENTANYL + TAX + PROJECT2025 + AUTHORITARIAN + RACE",6,0.219322309309047,0.11039053851496,"BORDER 0.427; FENTANYL 0.032; TAX -0.085; PROJECT2025 -0.023; AUTHORITARIAN 0.199; RACE -0.096",NA
"micro_direct_452","micro_direct_subsets","CHINA + BORDER + FENTANYL + INFLATION",4,0.182880267345802,0.110247402220984,"CHINA 0.083; BORDER 0.382; FENTANYL 0.039; INFLATION -0.037",NA
"micro_direct_454","micro_direct_subsets","CHINA + BORDER + FENTANYL + TAX",4,0.182873286200484,0.110239800529416,"CHINA 0.085; BORDER 0.383; FENTANYL 0.043; TAX 0.036",NA
"micro_direct_727","micro_direct_subsets","INFLATION + TAX + FELON + PROJECT2025",4,0.182477936449911,0.109809308578792,"INFLATION -0.046; TAX -0.058; FELON -0.432; PROJECT2025 0.013",NA
"micro_direct_662","micro_direct_subsets","FENTANYL + INFLATION + TAX + FELON",4,0.182452955101628,0.109782106666217,"FENTANYL -0.012; INFLATION -0.047; TAX -0.06; FELON -0.433",NA
"micro_direct_728","micro_direct_subsets","INFLATION + TAX + FELON + AUTHORITARIAN",4,0.182354249860538,0.109674627625919,"INFLATION -0.045; TAX -0.062; FELON -0.428; AUTHORITARIAN 0.007",NA
"micro_direct_641","micro_direct_subsets","BORDER + TAX + PROJECT2025 + GENDER",4,0.182344938285039,0.10966448835482,"BORDER 0.413; TAX -0.012; PROJECT2025 -0.013; GENDER 0.102",NA
"micro_direct_2310","micro_direct_subsets","BORDER + FENTANYL + INFLATION + TAX + AUTHORITARIAN + GENDER",6,0.218676354217932,0.109654450155318,"BORDER 0.411; FENTANYL 0.027; INFLATION -0.053; TAX -0.081; AUTHORITARIAN 0.202; GENDER 0.084",NA
"micro_direct_495","micro_direct_subsets","CHINA + FENTANYL + HEALTHCARE + TAX",4,0.182285770551286,0.109600061266956,"CHINA 0.141; FENTANYL -0.098; HEALTHCARE 0.391; TAX -0.041",NA
"micro_direct_2114","micro_direct_subsets","CHINA + BORDER + INFLATION + TAX + AUTHORITARIAN + GENDER",6,0.218590394961384,0.109556496583902,"CHINA 0.027; BORDER 0.401; INFLATION -0.054; TAX -0.08; AUTHORITARIAN 0.197; GENDER 0.085",NA
"micro_direct_741","micro_direct_subsets","INFLATION + FELON + AUTHORITARIAN + RACE",4,0.182123305112361,0.109423154455682,"INFLATION -0.057; FELON -0.439; AUTHORITARIAN -0.035; RACE -0.055",NA
"micro_direct_2384","micro_direct_subsets","BORDER + INFLATION + TAX + PROJECT2025 + AUTHORITARIAN + GENDER",6,0.218410716766385,0.109351747012857,"BORDER 0.412; INFLATION -0.056; TAX -0.086; PROJECT2025 -0.019; AUTHORITARIAN 0.203; GENDER 0.089",NA
"micro_direct_463","micro_direct_subsets","CHINA + BORDER + INFLATION + PROJECT2025",4,0.181846770959341,0.109122039489061,"CHINA 0.088; BORDER 0.381; INFLATION -0.041; PROJECT2025 -0.019",NA
"micro_direct_739","micro_direct_subsets","INFLATION + FELON + PROJECT2025 + RACE",4,0.181787557915492,0.109057563063536,"INFLATION -0.059; FELON -0.425; PROJECT2025 0.024; RACE -0.05",NA
"micro_direct_2320","micro_direct_subsets","BORDER + FENTANYL + INFLATION + PROJECT2025 + AUTHORITARIAN + RACE",6,0.21809354687692,0.108990320859746,"BORDER 0.433; FENTANYL 0.03; INFLATION -0.065; PROJECT2025 -0.014; AUTHORITARIAN 0.171; RACE -0.081",NA
"micro_direct_1738","micro_direct_subsets","ISRAEL + CHINA + INFLATION + TAX + GENDER + RACE",6,0.218083436881285,0.108978800167045,"ISRAEL -0.394; CHINA 0.269; INFLATION -0.014; TAX 0.015; GENDER -0.032; RACE -0.083",NA
"micro_direct_670","micro_direct_subsets","FENTANYL + INFLATION + FELON + RACE",4,0.181672578018259,0.108932362730993,"FENTANYL -0.023; INFLATION -0.062; FELON -0.426; RACE -0.053",NA
"micro_direct_456","micro_direct_subsets","CHINA + BORDER + FENTANYL + PROJECT2025",4,0.181626667105437,0.108882370848142,"CHINA 0.084; BORDER 0.381; FENTANYL 0.041; PROJECT2025 -0.008",NA
"micro_direct_2322","micro_direct_subsets","BORDER + FENTANYL + INFLATION + AUTHORITARIAN + GENDER + RACE",6,0.21797810212511,0.108858767537917,"BORDER 0.432; FENTANYL 0.033; INFLATION -0.065; AUTHORITARIAN 0.17; GENDER 0.011; RACE -0.076",NA
"micro_direct_474","micro_direct_subsets","CHINA + BORDER + TAX + PROJECT2025",4,0.181309206176698,0.108536691170182,"CHINA 0.093; BORDER 0.381; TAX 0.034; PROJECT2025 -0.015",NA
"micro_direct_499","micro_direct_subsets","CHINA + FENTANYL + HEALTHCARE + GENDER",4,0.181287276543756,0.108512812236534,"CHINA 0.149; FENTANYL -0.09; HEALTHCARE 0.389; GENDER -0.028",NA
"micro_direct_497","micro_direct_subsets","CHINA + FENTANYL + HEALTHCARE + PROJECT2025",4,0.181239859785292,0.108461180655096,"CHINA 0.147; FENTANYL -0.089; HEALTHCARE 0.384; PROJECT2025 0.026",NA
"micro_direct_742","micro_direct_subsets","INFLATION + FELON + GENDER + RACE",4,0.181208405478126,0.108426930409516,"INFLATION -0.058; FELON -0.423; GENDER -0.002; RACE -0.049",NA
"micro_direct_2392","micro_direct_subsets","BORDER + INFLATION + PROJECT2025 + AUTHORITARIAN + GENDER + RACE",6,0.217438367490392,0.108243721093703,"BORDER 0.434; INFLATION -0.069; PROJECT2025 -0.02; AUTHORITARIAN 0.168; GENDER 0.014; RACE -0.08",NA
"micro_direct_500","micro_direct_subsets","CHINA + FENTANYL + HEALTHCARE + RACE",4,0.180901900838257,0.108093180912769,"CHINA 0.146; FENTANYL -0.1; HEALTHCARE 0.382; RACE -0.017",NA
"micro_direct_518","micro_direct_subsets","CHINA + INFLATION + HEALTHCARE + PROJECT2025",4,0.180638437025962,0.107806298094936,"CHINA 0.131; INFLATION -0.077; HEALTHCARE 0.371; PROJECT2025 0.05",NA
"micro_direct_212","micro_direct_subsets","FENTANYL + HEALTHCARE + PROJECT2025",3,0.162383759872767,0.107756613777512,"FENTANYL -0.075; HEALTHCARE 0.424; PROJECT2025 0.008",NA
"micro_direct_215","micro_direct_subsets","FENTANYL + HEALTHCARE + RACE",3,0.162334136162775,0.107703753738608,"FENTANYL -0.077; HEALTHCARE 0.424; RACE 0.001",NA
"micro_direct_214","micro_direct_subsets","FENTANYL + HEALTHCARE + GENDER",3,0.16233249522023,0.107702005778071,"FENTANYL -0.077; HEALTHCARE 0.424; GENDER -0.001",NA
"micro_direct_767","micro_direct_subsets","TAX + FELON + PROJECT2025 + AUTHORITARIAN",4,0.18043883312438,0.107588951624325,"TAX -0.067; FELON -0.429; PROJECT2025 0.011; AUTHORITARIAN 0.005",NA
"micro_direct_692","micro_direct_subsets","FENTANYL + TAX + FELON + PROJECT2025",4,0.180425408780831,0.107574334005794,"FENTANYL -0.002; TAX -0.065; FELON -0.431; PROJECT2025 0.01",NA
"micro_direct_693","micro_direct_subsets","FENTANYL + TAX + FELON + AUTHORITARIAN",4,0.180353074986798,0.10749557054118,"FENTANYL -0.005; TAX -0.068; FELON -0.428; AUTHORITARIAN 0.006",NA
"micro_direct_738","micro_direct_subsets","INFLATION + FELON + PROJECT2025 + GENDER",4,0.180270409913748,0.107405557461637,"INFLATION -0.056; FELON -0.419; PROJECT2025 0.027; GENDER 0.033",NA
"micro_direct_740","micro_direct_subsets","INFLATION + FELON + AUTHORITARIAN + GENDER",4,0.180148237120223,0.107272524864243,"INFLATION -0.054; FELON -0.428; AUTHORITARIAN -0.027; GENDER 0.03",NA
"micro_direct_2091","micro_direct_subsets","CHINA + BORDER + FENTANYL + AUTHORITARIAN + GENDER + RACE",6,0.216576977569281,0.107262137230111,"CHINA 0.062; BORDER 0.407; FENTANYL 0.033; AUTHORITARIAN 0.159; GENDER -0.012; RACE -0.084",NA
"micro_direct_2079","micro_direct_subsets","CHINA + BORDER + FENTANYL + TAX + AUTHORITARIAN + GENDER",6,0.216576848775219,0.107261990464784,"CHINA 0.028; BORDER 0.398; FENTANYL 0.031; TAX -0.082; AUTHORITARIAN 0.197; GENDER 0.073",NA
"micro_direct_2089","micro_direct_subsets","CHINA + BORDER + FENTANYL + PROJECT2025 + AUTHORITARIAN + RACE",6,0.216508770922579,0.107184413376892,"CHINA 0.057; BORDER 0.407; FENTANYL 0.031; PROJECT2025 -0.004; AUTHORITARIAN 0.158; RACE -0.077",NA
"micro_direct_669","micro_direct_subsets","FENTANYL + INFLATION + FELON + GENDER",4,0.179964888708535,0.10707287881596,"FENTANYL -0.02; INFLATION -0.058; FELON -0.419; GENDER 0.032",NA
"micro_direct_520","micro_direct_subsets","CHINA + INFLATION + HEALTHCARE + GENDER",4,0.179907212852936,0.107010076217641,"CHINA 0.132; INFLATION -0.074; HEALTHCARE 0.377; GENDER -0.044",NA
"micro_direct_2349","micro_direct_subsets","BORDER + FENTANYL + TAX + PROJECT2025 + AUTHORITARIAN + GENDER",6,0.216177519356792,0.106806940662391,"BORDER 0.409; FENTANYL 0.031; TAX -0.089; PROJECT2025 -0.013; AUTHORITARIAN 0.202; GENDER 0.08",NA
"micro_direct_737","micro_direct_subsets","INFLATION + FELON + PROJECT2025 + AUTHORITARIAN",4,0.179675275060769,0.106757521732837,"INFLATION -0.053; FELON -0.434; PROJECT2025 0.019; AUTHORITARIAN -0.022",NA
"micro_direct_117","micro_direct_subsets","ISRAEL + PROJECT2025 + GENDER",3,0.161358117036627,0.10666408119119,"ISRAEL -0.394; PROJECT2025 0.069; GENDER 0.114",NA
"micro_direct_778","micro_direct_subsets","FELON + PROJECT2025 + AUTHORITARIAN + RACE",4,0.179546164611843,0.106616934799562,"FELON -0.441; PROJECT2025 0.025; AUTHORITARIAN -0.04; RACE -0.053",NA
"micro_direct_2153","micro_direct_subsets","CHINA + BORDER + TAX + PROJECT2025 + AUTHORITARIAN + GENDER",6,0.216008502920917,0.10661434053779,"CHINA 0.029; BORDER 0.398; TAX -0.088; PROJECT2025 -0.017; AUTHORITARIAN 0.197; GENDER 0.081",NA
"micro_direct_668","micro_direct_subsets","FENTANYL + INFLATION + FELON + AUTHORITARIAN",4,0.179442091163228,0.106503610377738,"FENTANYL -0.012; INFLATION -0.054; FELON -0.434; AUTHORITARIAN -0.022",NA
"micro_direct_667","micro_direct_subsets","FENTANYL + INFLATION + FELON + PROJECT2025",4,0.179327308048019,0.106378624318954,"FENTANYL -0.005; INFLATION -0.055; FELON -0.425; PROJECT2025 0.017",NA
"micro_direct_2161","micro_direct_subsets","CHINA + BORDER + PROJECT2025 + AUTHORITARIAN + GENDER + RACE",6,0.215773801944443,0.106346890587853,"CHINA 0.066; BORDER 0.407; PROJECT2025 -0.013; AUTHORITARIAN 0.156; GENDER -0.008; RACE -0.088",NA
"micro_direct_706","micro_direct_subsets","FENTANYL + FELON + AUTHORITARIAN + RACE",4,0.1792353867682,0.106278532258707,"FENTANYL -0.018; FELON -0.442; AUTHORITARIAN -0.042; RACE -0.055",NA
"micro_direct_573","micro_direct_subsets","BORDER + FENTANYL + INFLATION + TAX",4,0.179187921348807,0.106226847690924,"BORDER 0.418; FENTANYL 0.056; INFLATION -0.047; TAX 0.043",NA
"micro_direct_516","micro_direct_subsets","CHINA + INFLATION + HEALTHCARE + TAX",4,0.178950572404899,0.105968401063112,"CHINA 0.121; INFLATION -0.072; HEALTHCARE 0.37; TAX -0.028",NA
"micro_direct_780","micro_direct_subsets","FELON + AUTHORITARIAN + GENDER + RACE",4,0.178948718076855,0.105966381905909,"FELON -0.438; AUTHORITARIAN -0.039; GENDER -0.001; RACE -0.051",NA
"micro_direct_2054","micro_direct_subsets","CHINA + BORDER + FENTANYL + INFLATION + AUTHORITARIAN + GENDER",6,0.215369916815597,0.105886649394517,"CHINA 0.038; BORDER 0.402; FENTANYL 0.032; INFLATION -0.057; AUTHORITARIAN 0.171; GENDER 0.043",NA
"micro_direct_2044","micro_direct_subsets","CHINA + BORDER + FENTANYL + INFLATION + TAX + AUTHORITARIAN",6,0.215334799415264,0.105846631891813,"CHINA 0.045; BORDER 0.397; FENTANYL 0.045; INFLATION -0.048; TAX -0.042; AUTHORITARIAN 0.198",NA
"micro_direct_704","micro_direct_subsets","FENTANYL + FELON + PROJECT2025 + RACE",4,0.178383151880119,0.105350543158352,"FENTANYL -0.006; FELON -0.423; PROJECT2025 0.021; RACE -0.046",NA
"micro_direct_779","micro_direct_subsets","FELON + PROJECT2025 + GENDER + RACE",4,0.178363294906114,0.10532892111999,"FELON -0.421; PROJECT2025 0.023; GENDER 0.004; RACE -0.043",NA
"micro_direct_521","micro_direct_subsets","CHINA + INFLATION + HEALTHCARE + RACE",4,0.178233294374556,0.105187364985627,"CHINA 0.123; INFLATION -0.076; HEALTHCARE 0.366; RACE -0.004",NA
"micro_direct_2123","micro_direct_subsets","CHINA + BORDER + INFLATION + PROJECT2025 + AUTHORITARIAN + GENDER",6,0.214630989512631,0.105044615956254,"CHINA 0.041; BORDER 0.402; INFLATION -0.061; PROJECT2025 -0.012; AUTHORITARIAN 0.169; GENDER 0.049",NA
"micro_direct_253","micro_direct_subsets","HEALTHCARE + TAX + PROJECT2025",3,0.159790831383707,0.104994581256557,"HEALTHCARE 0.405; TAX -0.044; PROJECT2025 0.023",NA
"micro_direct_707","micro_direct_subsets","FENTANYL + FELON + GENDER + RACE",4,0.177990729780732,0.104923239094575,"FENTANYL -0.012; FELON -0.422; GENDER 0.001; RACE -0.044",NA
"micro_direct_777","micro_direct_subsets","FELON + PROJECT2025 + AUTHORITARIAN + GENDER",4,0.177957429413554,0.104886978694759,"FELON -0.431; PROJECT2025 0.027; AUTHORITARIAN -0.033; GENDER 0.035",NA
"micro_direct_2319","micro_direct_subsets","BORDER + FENTANYL + INFLATION + PROJECT2025 + AUTHORITARIAN + GENDER",6,0.214374460024705,0.104752291656059,"BORDER 0.418; FENTANYL 0.035; INFLATION -0.06; PROJECT2025 -0.009; AUTHORITARIAN 0.176; GENDER 0.049",NA
"micro_direct_575","micro_direct_subsets","BORDER + FENTANYL + INFLATION + PROJECT2025",4,0.177818788540417,0.104736014188454,"BORDER 0.415; FENTANYL 0.049; INFLATION -0.041; PROJECT2025 -0.021",NA
"micro_direct_1160","micro_direct_subsets","CHINA + BORDER + INFLATION + GENDER + RACE",5,0.196051073252782,0.104693240667871,"CHINA 0.084; BORDER 0.403; INFLATION -0.053; GENDER 0.015; RACE -0.114",NA
"micro_direct_2307","micro_direct_subsets","BORDER + FENTANYL + INFLATION + TAX + PROJECT2025 + AUTHORITARIAN",6,0.214282417511706,0.104647406001712,"BORDER 0.414; FENTANYL 0.047; INFLATION -0.051; TAX -0.049; PROJECT2025 -0.023; AUTHORITARIAN 0.207",NA
"micro_direct_1118","micro_direct_subsets","CHINA + BORDER + FENTANYL + INFLATION + RACE",5,0.196006835559774,0.104643975964294,"CHINA 0.087; BORDER 0.403; FENTANYL 0.01; INFLATION -0.051; RACE -0.12",NA
"micro_direct_1157","micro_direct_subsets","CHINA + BORDER + INFLATION + PROJECT2025 + RACE",5,0.195957921933834,0.10458950397177,"CHINA 0.088; BORDER 0.403; INFLATION -0.053; PROJECT2025 -0.006; RACE -0.122",NA
"micro_direct_2111","micro_direct_subsets","CHINA + BORDER + INFLATION + TAX + PROJECT2025 + AUTHORITARIAN",6,0.214211002358827,0.10456602594378,"CHINA 0.049; BORDER 0.396; INFLATION -0.053; TAX -0.046; PROJECT2025 -0.028; AUTHORITARIAN 0.198",NA
"micro_direct_1150","micro_direct_subsets","CHINA + BORDER + INFLATION + TAX + RACE",5,0.195936546842283,0.104565699892542,"CHINA 0.089; BORDER 0.403; INFLATION -0.053; TAX 0.004; RACE -0.121",NA
"micro_direct_255","micro_direct_subsets","HEALTHCARE + TAX + GENDER",3,0.159282963392311,0.104453591439635,"HEALTHCARE 0.401; TAX -0.048; GENDER 0.003",NA
"micro_direct_256","micro_direct_subsets","HEALTHCARE + TAX + RACE",3,0.159276885300666,0.104447116950709,"HEALTHCARE 0.402; TAX -0.047; RACE -0.002",NA
"micro_direct_2357","micro_direct_subsets","BORDER + FENTANYL + PROJECT2025 + AUTHORITARIAN + GENDER + RACE",6,0.214053388345461,0.104386419277385,"BORDER 0.429; FENTANYL 0.04; PROJECT2025 -0.012; AUTHORITARIAN 0.167; GENDER 0.006; RACE -0.07",NA
"micro_direct_705","micro_direct_subsets","FENTANYL + FELON + AUTHORITARIAN + GENDER",4,0.177472669639129,0.104359129162607,"FENTANYL -0.015; FELON -0.431; AUTHORITARIAN -0.033; GENDER 0.033",NA
"micro_direct_2051","micro_direct_subsets","CHINA + BORDER + FENTANYL + INFLATION + PROJECT2025 + AUTHORITARIAN",6,0.214012811623834,0.104340180687625,"CHINA 0.046; BORDER 0.4; FENTANYL 0.041; INFLATION -0.053; PROJECT2025 -0.01; AUTHORITARIAN 0.18",NA
"micro_direct_586","micro_direct_subsets","BORDER + FENTANYL + TAX + PROJECT2025",4,0.177290012446676,0.104160235775269,"BORDER 0.416; FENTANYL 0.057; TAX 0.034; PROJECT2025 -0.015",NA
"micro_direct_703","micro_direct_subsets","FENTANYL + FELON + PROJECT2025 + GENDER",4,0.177169124275978,0.104028601989399,"FENTANYL -0.004; FELON -0.417; PROJECT2025 0.024; GENDER 0.03",NA
"micro_direct_607","micro_direct_subsets","BORDER + INFLATION + TAX + PROJECT2025",4,0.177151272383425,0.104009163261952,"BORDER 0.42; INFLATION -0.053; TAX 0.039; PROJECT2025 -0.032",NA
"micro_direct_702","micro_direct_subsets","FENTANYL + FELON + PROJECT2025 + AUTHORITARIAN",4,0.176886841719787,0.103721227650435,"FENTANYL 0.001; FELON -0.434; PROJECT2025 0.019; AUTHORITARIAN -0.026",NA
"micro_direct_92","micro_direct_subsets","ISRAEL + FENTANYL + GENDER",3,0.158481289215149,0.103599634163963,"ISRAEL -0.391; FENTANYL -0.042; GENDER 0.11",NA
"micro_direct_2076","micro_direct_subsets","CHINA + BORDER + FENTANYL + TAX + PROJECT2025 + AUTHORITARIAN",6,0.213334454378881,0.103567168943376,"CHINA 0.045; BORDER 0.395; FENTANYL 0.046; TAX -0.051; PROJECT2025 -0.016; AUTHORITARIAN 0.197",NA
"micro_direct_262","micro_direct_subsets","HEALTHCARE + PROJECT2025 + GENDER",3,0.157994803221619,0.103081420823029,"HEALTHCARE 0.404; PROJECT2025 0.025; GENDER -0.012",NA
"micro_direct_263","micro_direct_subsets","HEALTHCARE + PROJECT2025 + RACE",3,0.157994444625492,0.103081038840198,"HEALTHCARE 0.402; PROJECT2025 0.027; RACE 0.012",NA
"micro_direct_110","micro_direct_subsets","ISRAEL + TAX + GENDER",3,0.157903726085968,0.102984403874183,"ISRAEL -0.381; TAX -0.034; GENDER 0.112",NA
"micro_direct_547","micro_direct_subsets","CHINA + HEALTHCARE + PROJECT2025 + GENDER",4,0.176191883954442,0.102964495861504,"CHINA 0.147; HEALTHCARE 0.367; PROJECT2025 0.042; GENDER -0.038",NA
"micro_direct_99","micro_direct_subsets","ISRAEL + INFLATION + GENDER",3,0.157796157369781,0.102869819806941,"ISRAEL -0.381; INFLATION -0.028; GENDER 0.098",NA
"micro_direct_538","micro_direct_subsets","CHINA + HEALTHCARE + TAX + PROJECT2025",4,0.175904955609906,0.102652062775231,"CHINA 0.136; HEALTHCARE 0.363; TAX -0.031; PROJECT2025 0.045",NA
"micro_direct_266","micro_direct_subsets","HEALTHCARE + GENDER + RACE",3,0.15743581175545,0.102485973391675,"HEALTHCARE 0.402; GENDER -0.015; RACE 0.006",NA
"micro_direct_2088","micro_direct_subsets","CHINA + BORDER + FENTANYL + PROJECT2025 + AUTHORITARIAN + GENDER",6,0.212276202172067,0.102361253637937,"CHINA 0.043; BORDER 0.399; FENTANYL 0.039; PROJECT2025 -0.003; AUTHORITARIAN 0.168; GENDER 0.036",NA
"micro_direct_551","micro_direct_subsets","CHINA + HEALTHCARE + GENDER + RACE",4,0.17556966508072,0.102286968643451,"CHINA 0.151; HEALTHCARE 0.364; GENDER -0.072; RACE -0.039",NA
"micro_direct_121","micro_direct_subsets","ISRAEL + GENDER + RACE",3,0.156997912188867,0.102019515157706,"ISRAEL -0.382; GENDER 0.098; RACE 0.001",NA
"micro_direct_1139","micro_direct_subsets","CHINA + BORDER + FENTANYL + GENDER + RACE",5,0.193506863104161,0.101859915729634,"CHINA 0.087; BORDER 0.399; FENTANYL 0.016; GENDER 0.009; RACE -0.108",NA
"micro_direct_1136","micro_direct_subsets","CHINA + BORDER + FENTANYL + PROJECT2025 + RACE",5,0.193460754422877,0.101808567425477,"CHINA 0.089; BORDER 0.399; FENTANYL 0.017; PROJECT2025 -0.002; RACE -0.113",NA
"micro_direct_1129","micro_direct_subsets","CHINA + BORDER + FENTANYL + TAX + RACE",5,0.193459610969974,0.101807294034744,"CHINA 0.089; BORDER 0.399; FENTANYL 0.017; TAX -0.002; RACE -0.114",NA
"micro_direct_1185","micro_direct_subsets","CHINA + BORDER + TAX + GENDER + RACE",5,0.193327862600428,0.101660574259568,"CHINA 0.089; BORDER 0.398; TAX -0.008; GENDER 0.016; RACE -0.111",NA
"micro_direct_548","micro_direct_subsets","CHINA + HEALTHCARE + PROJECT2025 + RACE",4,0.174975220848022,0.101639684923402,"CHINA 0.14; HEALTHCARE 0.358; PROJECT2025 0.049; RACE -0.004",NA
"micro_direct_1194","micro_direct_subsets","CHINA + BORDER + PROJECT2025 + GENDER + RACE",5,0.193299050462073,0.101628488014582,"CHINA 0.089; BORDER 0.399; PROJECT2025 -0.005; GENDER 0.012; RACE -0.11",NA
"micro_direct_540","micro_direct_subsets","CHINA + HEALTHCARE + TAX + GENDER",4,0.174930771486362,0.101591284507372,"CHINA 0.138; HEALTHCARE 0.366; TAX -0.021; GENDER -0.037",NA
"micro_direct_1182","micro_direct_subsets","CHINA + BORDER + TAX + PROJECT2025 + RACE",5,0.193236319823141,0.101558628893952,"CHINA 0.092; BORDER 0.399; TAX -0.004; PROJECT2025 -0.007; RACE -0.118",NA
"micro_direct_656","micro_direct_subsets","FENTANYL + INFLATION + HEALTHCARE + TAX",4,0.174543523250721,0.101169614206341,"FENTANYL -0.1; INFLATION -0.102; HEALTHCARE 0.449; TAX -0.039",NA
"micro_direct_541","micro_direct_subsets","CHINA + HEALTHCARE + TAX + RACE",4,0.17412140070667,0.100709969658374,"CHINA 0.13; HEALTHCARE 0.358; TAX -0.041; RACE -0.012",NA
"micro_direct_661","micro_direct_subsets","FENTANYL + INFLATION + HEALTHCARE + RACE",4,0.173204531632917,0.0997116011113991,"FENTANYL -0.101; INFLATION -0.108; HEALTHCARE 0.445; RACE -0.01",NA
"micro_direct_660","micro_direct_subsets","FENTANYL + INFLATION + HEALTHCARE + GENDER",4,0.173138962105264,0.0996402031812872,"FENTANYL -0.101; INFLATION -0.107; HEALTHCARE 0.444; GENDER 0.006",NA
"micro_direct_658","micro_direct_subsets","FENTANYL + INFLATION + HEALTHCARE + PROJECT2025",4,0.17312923226795,0.0996296084695456,"FENTANYL -0.097; INFLATION -0.107; HEALTHCARE 0.445; PROJECT2025 0.005",NA
"micro_direct_1342","micro_direct_subsets","BORDER + FENTANYL + INFLATION + GENDER + RACE",5,0.1912125195553,0.099304851322948,"BORDER 0.432; FENTANYL 0.02; INFLATION -0.056; GENDER 0.043; RACE -0.095",NA
"micro_direct_1411","micro_direct_subsets","BORDER + INFLATION + PROJECT2025 + GENDER + RACE",5,0.191072734232979,0.0991491813049088,"BORDER 0.434; INFLATION -0.059; PROJECT2025 -0.015; GENDER 0.044; RACE -0.097",NA
"micro_direct_1402","micro_direct_subsets","BORDER + INFLATION + TAX + GENDER + RACE",5,0.190979753562076,0.099045634648676,"BORDER 0.432; INFLATION -0.058; TAX -0.012; GENDER 0.053; RACE -0.098",NA
"micro_direct_1339","micro_direct_subsets","BORDER + FENTANYL + INFLATION + PROJECT2025 + RACE",5,0.190290001370409,0.0982775015261373,"BORDER 0.437; FENTANYL 0.023; INFLATION -0.056; PROJECT2025 -0.017; RACE -0.117",NA
"micro_direct_1332","micro_direct_subsets","BORDER + FENTANYL + INFLATION + TAX + RACE",5,0.190064754453113,0.0980266583682395,"BORDER 0.437; FENTANYL 0.029; INFLATION -0.056; TAX 0.006; RACE -0.116",NA
"micro_direct_1196","micro_direct_subsets","CHINA + FENTANYL + INFLATION + HEALTHCARE + TAX",5,0.189999641385371,0.0979541460882539,"CHINA 0.133; FENTANYL -0.115; INFLATION -0.091; HEALTHCARE 0.41; TAX -0.03",NA
"micro_direct_1399","micro_direct_subsets","BORDER + INFLATION + TAX + PROJECT2025 + RACE",5,0.189827388054441,0.0977623185151735,"BORDER 0.439; INFLATION -0.059; TAX 0.001; PROJECT2025 -0.023; RACE -0.122",NA
"micro_direct_1201","micro_direct_subsets","CHINA + FENTANYL + INFLATION + HEALTHCARE + RACE",5,0.18977838218557,0.0977077437975666,"CHINA 0.139; FENTANYL -0.12; INFLATION -0.098; HEALTHCARE 0.403; RACE -0.027",NA
"micro_direct_1198","micro_direct_subsets","CHINA + FENTANYL + INFLATION + HEALTHCARE + PROJECT2025",5,0.189586850289531,0.0974944469133412,"CHINA 0.138; FENTANYL -0.108; INFLATION -0.094; HEALTHCARE 0.406; PROJECT2025 0.023",NA
"micro_direct_118","micro_direct_subsets","ISRAEL + PROJECT2025 + RACE",3,0.15263308446044,0.0973700247513386,"ISRAEL -0.394; PROJECT2025 0.047; RACE -0.059",NA
"micro_direct_1200","micro_direct_subsets","CHINA + FENTANYL + INFLATION + HEALTHCARE + GENDER",5,0.189450555935395,0.0973426645644175,"CHINA 0.139; FENTANYL -0.11; INFLATION -0.094; HEALTHCARE 0.409; GENDER -0.02",NA
"micro_direct_1367","micro_direct_subsets","BORDER + FENTANYL + TAX + GENDER + RACE",5,0.188327528994197,0.096092020925356,"BORDER 0.428; FENTANYL 0.027; TAX -0.016; GENDER 0.047; RACE -0.091",NA
"micro_direct_1466","micro_direct_subsets","FENTANYL + INFLATION + TAX + FELON + RACE",5,0.188325956256225,0.09609026946716,"FENTANYL -0.032; INFLATION -0.053; TAX -0.089; FELON -0.441; RACE -0.085",NA
"micro_direct_1117","micro_direct_subsets","CHINA + BORDER + FENTANYL + INFLATION + GENDER",5,0.188247886301277,0.096003327926422,"CHINA 0.061; BORDER 0.391; FENTANYL 0.017; INFLATION -0.045; GENDER 0.08",NA
"micro_direct_100","micro_direct_subsets","ISRAEL + INFLATION + RACE",3,0.151323934245422,0.0959754951744717,"ISRAEL -0.385; INFLATION -0.028; RACE -0.056",NA
"micro_direct_1376","micro_direct_subsets","BORDER + FENTANYL + PROJECT2025 + GENDER + RACE",5,0.188219687265857,0.0959719244551591,"BORDER 0.43; FENTANYL 0.027; PROJECT2025 -0.01; GENDER 0.039; RACE -0.089",NA
"micro_direct_1149","micro_direct_subsets","CHINA + BORDER + INFLATION + TAX + GENDER",5,0.188035052241342,0.0957663081778587,"CHINA 0.065; BORDER 0.39; INFLATION -0.048; TAX 0.006; GENDER 0.082",NA
"micro_direct_1156","micro_direct_subsets","CHINA + BORDER + INFLATION + PROJECT2025 + GENDER",5,0.188009578255574,0.0957379394209803,"CHINA 0.063; BORDER 0.39; INFLATION -0.048; PROJECT2025 -0.002; GENDER 0.084",NA
"micro_direct_1441","micro_direct_subsets","BORDER + TAX + PROJECT2025 + GENDER + RACE",5,0.187961038600732,0.0956838838962702,"BORDER 0.429; TAX -0.021; PROJECT2025 -0.017; GENDER 0.052; RACE -0.094",NA
"micro_direct_1543","micro_direct_subsets","INFLATION + TAX + FELON + GENDER + RACE",5,0.187912717420465,0.0956300716727909,"INFLATION -0.047; TAX -0.093; FELON -0.43; GENDER 0.029; RACE -0.062",NA
"micro_direct_93","micro_direct_subsets","ISRAEL + FENTANYL + RACE",3,0.150880305339815,0.0955029339489332,"ISRAEL -0.39; FENTANYL -0.019; RACE -0.058",NA
"micro_direct_1540","micro_direct_subsets","INFLATION + TAX + FELON + PROJECT2025 + RACE",5,0.187737169672269,0.0954345753168453,"INFLATION -0.049; TAX -0.084; FELON -0.437; PROJECT2025 0.019; RACE -0.078",NA
"micro_direct_111","micro_direct_subsets","ISRAEL + TAX + RACE",3,0.150554884633776,0.0951562901533699,"ISRAEL -0.386; TAX -0.003; RACE -0.055",NA
"micro_direct_1542","micro_direct_subsets","INFLATION + TAX + FELON + AUTHORITARIAN + RACE",5,0.187410453272562,0.0950707320535348,"INFLATION -0.048; TAX -0.085; FELON -0.436; AUTHORITARIAN -0.003; RACE -0.076",NA
"micro_direct_1364","micro_direct_subsets","BORDER + FENTANYL + TAX + PROJECT2025 + RACE",5,0.187321289409235,0.0949714359330113,"BORDER 0.434; FENTANYL 0.032; TAX -0.003; PROJECT2025 -0.016; RACE -0.111",NA
"micro_direct_97","micro_direct_subsets","ISRAEL + INFLATION + PROJECT2025",3,0.149724669312524,0.0942719303546453,"ISRAEL -0.391; INFLATION -0.023; PROJECT2025 0.04",NA
"micro_direct_1508","micro_direct_subsets","FENTANYL + TAX + FELON + GENDER + RACE",5,0.186621663284282,0.0941923068393136,"FENTANYL -0.033; TAX -0.107; FELON -0.434; GENDER 0.043; RACE -0.062",NA
"micro_direct_108","micro_direct_subsets","ISRAEL + TAX + PROJECT2025",3,0.149629432137838,0.0941704820598708,"ISRAEL -0.393; TAX 0.021; PROJECT2025 0.043",NA
"micro_direct_1465","micro_direct_subsets","FENTANYL + INFLATION + TAX + FELON + GENDER",5,0.18645113553507,0.0940024009367821,"FENTANYL -0.035; INFLATION -0.049; TAX -0.092; FELON -0.427; GENDER 0.076",NA
"micro_direct_1128","micro_direct_subsets","CHINA + BORDER + FENTANYL + TAX + GENDER",5,0.186272666623462,0.0938036514670368,"CHINA 0.066; BORDER 0.388; FENTANYL 0.024; TAX 0.003; GENDER 0.073",NA
"micro_direct_1135","micro_direct_subsets","CHINA + BORDER + FENTANYL + PROJECT2025 + GENDER",5,0.186270313673442,0.093801031136333,"CHINA 0.066; BORDER 0.387; FENTANYL 0.024; PROJECT2025 0.003; GENDER 0.075",NA
"micro_direct_90","micro_direct_subsets","ISRAEL + FENTANYL + PROJECT2025",3,0.149211476737638,0.0937252686987883,"ISRAEL -0.39; FENTANYL 0.006; PROJECT2025 0.041",NA
"micro_direct_1570","micro_direct_subsets","TAX + FELON + PROJECT2025 + GENDER + RACE",5,0.186193306038375,0.0937152726336447,"TAX -0.1; FELON -0.43; PROJECT2025 0.023; GENDER 0.038; RACE -0.058",NA
"micro_direct_1539","micro_direct_subsets","INFLATION + TAX + FELON + PROJECT2025 + GENDER",5,0.186035109332015,0.0935390990288351,"INFLATION -0.045; TAX -0.086; FELON -0.424; PROJECT2025 0.026; GENDER 0.069",NA
"micro_direct_1181","micro_direct_subsets","CHINA + BORDER + TAX + PROJECT2025 + GENDER",5,0.185776421861768,0.0932510152551511,"CHINA 0.069; BORDER 0.387; TAX -0.001; PROJECT2025 -0.003; GENDER 0.081",NA
"micro_direct_1505","micro_direct_subsets","FENTANYL + TAX + FELON + PROJECT2025 + RACE",5,0.185722800443318,0.0931913004936953,"FENTANYL -0.02; TAX -0.094; FELON -0.439; PROJECT2025 0.011; RACE -0.08",NA
"micro_direct_1571","micro_direct_subsets","TAX + FELON + AUTHORITARIAN + GENDER + RACE",5,0.185718051734607,0.0931860121589942,"TAX -0.1; FELON -0.429; AUTHORITARIAN -0.001; GENDER 0.032; RACE -0.059",NA
"micro_direct_1507","micro_direct_subsets","FENTANYL + TAX + FELON + AUTHORITARIAN + RACE",5,0.185649398382405,0.0931095572894962,"FENTANYL -0.024; TAX -0.093; FELON -0.441; AUTHORITARIAN -0.006; RACE -0.081",NA
"micro_direct_95","micro_direct_subsets","ISRAEL + INFLATION + TAX",3,0.148566375715685,0.093038095871056,"ISRAEL -0.384; INFLATION -0.026; TAX 0.02",NA
"micro_direct_1338","micro_direct_subsets","BORDER + FENTANYL + INFLATION + PROJECT2025 + GENDER",5,0.185484397574777,0.0929258063900921,"BORDER 0.415; FENTANYL 0.024; INFLATION -0.05; PROJECT2025 -0.005; GENDER 0.094",NA
"micro_direct_1331","micro_direct_subsets","BORDER + FENTANYL + INFLATION + TAX + GENDER",5,0.18546086897273,0.0928996040832676,"BORDER 0.415; FENTANYL 0.025; INFLATION -0.05; TAX 0.001; GENDER 0.095",NA
"micro_direct_1541","micro_direct_subsets","INFLATION + TAX + FELON + AUTHORITARIAN + GENDER",5,0.185448761813567,0.0928861211105629,"INFLATION -0.045; TAX -0.089; FELON -0.419; AUTHORITARIAN 0.008; GENDER 0.063",NA
"micro_direct_1569","micro_direct_subsets","TAX + FELON + PROJECT2025 + AUTHORITARIAN + RACE",5,0.185392206899106,0.092823139501277,"TAX -0.089; FELON -0.438; PROJECT2025 0.017; AUTHORITARIAN -0.005; RACE -0.076",NA
"micro_direct_713","micro_direct_subsets","INFLATION + HEALTHCARE + TAX + PROJECT2025",4,0.166785877345437,0.0927223997761428,"INFLATION -0.085; HEALTHCARE 0.415; TAX -0.032; PROJECT2025 0.027",NA
"micro_direct_86","micro_direct_subsets","ISRAEL + FENTANYL + INFLATION",3,0.148260705616379,0.0927124907652738,"ISRAEL -0.385; FENTANYL -0.009; INFLATION -0.024",NA
"micro_direct_1398","micro_direct_subsets","BORDER + INFLATION + TAX + PROJECT2025 + GENDER",5,0.185038509040494,0.0924292487041869,"BORDER 0.415; INFLATION -0.053; TAX -0.004; PROJECT2025 -0.011; GENDER 0.102",NA
"micro_direct_88","micro_direct_subsets","ISRAEL + FENTANYL + TAX",3,0.147942389057867,0.0923734144312065,"ISRAEL -0.386; FENTANYL -0.006; TAX 0.016",NA
"micro_direct_1113","micro_direct_subsets","CHINA + BORDER + FENTANYL + INFLATION + TAX",5,0.18464600955512,0.091992147004565,"CHINA 0.083; BORDER 0.386; FENTANYL 0.038; INFLATION -0.043; TAX 0.043",NA
"micro_direct_716","micro_direct_subsets","INFLATION + HEALTHCARE + TAX + RACE",4,0.166078461902091,0.0919521029600545,"INFLATION -0.084; HEALTHCARE 0.411; TAX -0.037; RACE -0.004",NA
"micro_direct_715","micro_direct_subsets","INFLATION + HEALTHCARE + TAX + GENDER",4,0.166064199727294,0.0919365730363867,"INFLATION -0.084; HEALTHCARE 0.412; TAX -0.035; GENDER -0.001",NA
"micro_direct_1504","micro_direct_subsets","FENTANYL + TAX + FELON + PROJECT2025 + GENDER",5,0.184446728280328,0.0917702201303651,"FENTANYL -0.023; TAX -0.097; FELON -0.426; PROJECT2025 0.019; GENDER 0.077",NA
"micro_direct_722","micro_direct_subsets","INFLATION + HEALTHCARE + PROJECT2025 + GENDER",4,0.165868456963958,0.0917234309163104,"INFLATION -0.09; HEALTHCARE 0.415; PROJECT2025 0.029; GENDER -0.01",NA
"micro_direct_723","micro_direct_subsets","INFLATION + HEALTHCARE + PROJECT2025 + RACE",4,0.165801979360498,0.0916510441925427,"INFLATION -0.089; HEALTHCARE 0.413; PROJECT2025 0.03; RACE 0.005",NA
"micro_direct_1506","micro_direct_subsets","FENTANYL + TAX + FELON + AUTHORITARIAN + GENDER",5,0.184152780919267,0.0914428696600927,"FENTANYL -0.028; TAX -0.1; FELON -0.424; AUTHORITARIAN 0.004; GENDER 0.074",NA
"micro_direct_680","micro_direct_subsets","FENTANYL + HEALTHCARE + TAX + GENDER",4,0.165567592952057,0.0913958234366846,"FENTANYL -0.089; HEALTHCARE 0.426; TAX -0.065; GENDER 0.031",NA
"micro_direct_1568","micro_direct_subsets","TAX + FELON + PROJECT2025 + AUTHORITARIAN + GENDER",5,0.184043734655237,0.0913214317751503,"TAX -0.095; FELON -0.421; PROJECT2025 0.024; AUTHORITARIAN 0.005; GENDER 0.069",NA
"micro_direct_681","micro_direct_subsets","FENTANYL + HEALTHCARE + TAX + RACE",4,0.165219784011099,0.091017098145419,"FENTANYL -0.084; HEALTHCARE 0.43; TAX -0.058; RACE -0.019",NA
"micro_direct_726","micro_direct_subsets","INFLATION + HEALTHCARE + GENDER + RACE",4,0.165103818853326,0.0908908249736213,"INFLATION -0.089; HEALTHCARE 0.413; GENDER -0.018; RACE -0.002",NA
"micro_direct_678","micro_direct_subsets","FENTANYL + HEALTHCARE + TAX + PROJECT2025",4,0.164919822097484,0.0906904729505934,"FENTANYL -0.08; HEALTHCARE 0.431; TAX -0.051; PROJECT2025 0.001",NA
"micro_direct_1147","micro_direct_subsets","CHINA + BORDER + INFLATION + TAX + PROJECT2025",5,0.183475053487774,0.0906881277477486,"CHINA 0.089; BORDER 0.385; INFLATION -0.047; TAX 0.041; PROJECT2025 -0.014",NA
"micro_direct_1221","micro_direct_subsets","CHINA + FENTANYL + HEALTHCARE + TAX + RACE",5,0.183324309092321,0.090520253307358,"CHINA 0.145; FENTANYL -0.106; HEALTHCARE 0.389; TAX -0.053; RACE -0.035",NA
"micro_direct_1363","micro_direct_subsets","BORDER + FENTANYL + TAX + PROJECT2025 + GENDER",5,0.183120111309017,0.0902928512304966,"BORDER 0.413; FENTANYL 0.031; TAX -0.006; PROJECT2025 -0.005; GENDER 0.092",NA
"micro_direct_1115","micro_direct_subsets","CHINA + BORDER + FENTANYL + INFLATION + PROJECT2025",5,0.182953917000976,0.0901077712056326,"CHINA 0.081; BORDER 0.383; FENTANYL 0.036; INFLATION -0.037; PROJECT2025 -0.009",NA
"micro_direct_1126","micro_direct_subsets","CHINA + BORDER + FENTANYL + TAX + PROJECT2025",5,0.18287950878336,0.0900249075087421,"CHINA 0.085; BORDER 0.383; FENTANYL 0.043; TAX 0.036; PROJECT2025 -0.003",NA
"micro_direct_1477","micro_direct_subsets","FENTANYL + INFLATION + FELON + AUTHORITARIAN + RACE",5,0.182817457453999,0.0899558048919535,"FENTANYL -0.028; INFLATION -0.061; FELON -0.446; AUTHORITARIAN -0.04; RACE -0.062",NA
"micro_direct_1549","micro_direct_subsets","INFLATION + FELON + PROJECT2025 + AUTHORITARIAN + RACE",5,0.182800893574604,0.0899373587535367,"INFLATION -0.057; FELON -0.442; PROJECT2025 0.026; AUTHORITARIAN -0.037; RACE -0.058",NA
"micro_direct_1231","micro_direct_subsets","CHINA + FENTANYL + HEALTHCARE + GENDER + RACE",5,0.182732331557819,0.0898610055984801,"CHINA 0.161; FENTANYL -0.094; HEALTHCARE 0.389; GENDER -0.057; RACE -0.048",NA
"micro_direct_1218","micro_direct_subsets","CHINA + FENTANYL + HEALTHCARE + TAX + PROJECT2025",5,0.182653449212438,0.0897731593502147,"CHINA 0.144; FENTANYL -0.092; HEALTHCARE 0.39; TAX -0.038; PROJECT2025 0.021",NA
"micro_direct_1463","micro_direct_subsets","FENTANYL + INFLATION + TAX + FELON + PROJECT2025",5,0.1825404732831,0.0896473452470882,"FENTANYL -0.009; INFLATION -0.047; TAX -0.058; FELON -0.433; PROJECT2025 0.01",NA
"micro_direct_1538","micro_direct_subsets","INFLATION + TAX + FELON + PROJECT2025 + AUTHORITARIAN",5,0.182497129585855,0.0895990761297019,"INFLATION -0.046; TAX -0.06; FELON -0.43; PROJECT2025 0.012; AUTHORITARIAN 0.005",NA
"micro_direct_1464","micro_direct_subsets","FENTANYL + INFLATION + TAX + FELON + AUTHORITARIAN",5,0.182473012108772,0.0895722180302237,"FENTANYL -0.011; INFLATION -0.047; TAX -0.062; FELON -0.43; AUTHORITARIAN 0.006",NA
"micro_direct_1220","micro_direct_subsets","CHINA + FENTANYL + HEALTHCARE + TAX + GENDER",5,0.182333129933486,0.0894164401532004,"CHINA 0.143; FENTANYL -0.096; HEALTHCARE 0.392; TAX -0.037; GENDER -0.009",NA
"micro_direct_1551","micro_direct_subsets","INFLATION + FELON + AUTHORITARIAN + GENDER + RACE",5,0.182124077385338,0.0891836316336723,"INFLATION -0.057; FELON -0.439; AUTHORITARIAN -0.035; GENDER -0.001; RACE -0.055",NA
"micro_direct_1475","micro_direct_subsets","FENTANYL + INFLATION + FELON + PROJECT2025 + RACE",5,0.182024335204391,0.0890725551139805,"FENTANYL -0.017; INFLATION -0.062; FELON -0.428; PROJECT2025 0.02; RACE -0.054",NA
"micro_direct_1550","micro_direct_subsets","INFLATION + FELON + PROJECT2025 + GENDER + RACE",5,0.181798525221154,0.0888210849053764,"INFLATION -0.059; FELON -0.424; PROJECT2025 0.025; GENDER 0.004; RACE -0.048",NA
"micro_direct_1227","micro_direct_subsets","CHINA + FENTANYL + HEALTHCARE + PROJECT2025 + GENDER",5,0.181729518553725,0.0887442365711935,"CHINA 0.151; FENTANYL -0.085; HEALTHCARE 0.388; PROJECT2025 0.023; GENDER -0.025",NA
"micro_direct_1478","micro_direct_subsets","FENTANYL + INFLATION + FELON + GENDER + RACE",5,0.181679418526001,0.0886884433585008,"FENTANYL -0.023; INFLATION -0.062; FELON -0.426; GENDER 0.003; RACE -0.051",NA
"micro_direct_1262","micro_direct_subsets","CHINA + INFLATION + HEALTHCARE + PROJECT2025 + GENDER",5,0.181655778697955,0.0886621171863586,"CHINA 0.137; INFLATION -0.075; HEALTHCARE 0.379; PROJECT2025 0.044; GENDER -0.035",NA
"micro_direct_1228","micro_direct_subsets","CHINA + FENTANYL + HEALTHCARE + PROJECT2025 + RACE",5,0.1815622483872,0.0885579584312005,"CHINA 0.15; FENTANYL -0.092; HEALTHCARE 0.382; PROJECT2025 0.027; RACE -0.019",NA
"micro_direct_1266","micro_direct_subsets","CHINA + INFLATION + HEALTHCARE + GENDER + RACE",5,0.181107999381419,0.0880520902202166,"CHINA 0.142; INFLATION -0.076; HEALTHCARE 0.376; GENDER -0.071; RACE -0.044",NA
"micro_direct_1253","micro_direct_subsets","CHINA + INFLATION + HEALTHCARE + TAX + PROJECT2025",5,0.181083533230569,0.0880248438249522,"CHINA 0.129; INFLATION -0.074; HEALTHCARE 0.374; TAX -0.022; PROJECT2025 0.048",NA
"micro_direct_688","micro_direct_subsets","FENTANYL + HEALTHCARE + PROJECT2025 + RACE",4,0.162385003763406,0.0879303374312642,"FENTANYL -0.075; HEALTHCARE 0.424; PROJECT2025 0.008; RACE 0.001",NA
"micro_direct_687","micro_direct_subsets","FENTANYL + HEALTHCARE + PROJECT2025 + GENDER",4,0.162384110360908,0.0879293646152108,"FENTANYL -0.075; HEALTHCARE 0.424; PROJECT2025 0.008; GENDER 0.001",NA
"micro_direct_691","micro_direct_subsets","FENTANYL + HEALTHCARE + GENDER + RACE",4,0.16233416030261,0.0878749745517308,"FENTANYL -0.077; HEALTHCARE 0.424; GENDER 0; RACE 0.002",NA
"micro_direct_1548","micro_direct_subsets","INFLATION + FELON + PROJECT2025 + AUTHORITARIAN + GENDER",5,0.18089808403625,0.0878183208585516,"INFLATION -0.054; FELON -0.431; PROJECT2025 0.028; AUTHORITARIAN -0.029; GENDER 0.037",NA
"micro_direct_412","micro_direct_subsets","ISRAEL + INFLATION + PROJECT2025 + GENDER",4,0.162252873370094,0.0877864621141025,"ISRAEL -0.394; INFLATION -0.03; PROJECT2025 0.07; GENDER 0.116",NA
"micro_direct_437","micro_direct_subsets","ISRAEL + TAX + PROJECT2025 + GENDER",4,0.162192606022815,0.0877208376692876,"ISRAEL -0.393; TAX -0.032; PROJECT2025 0.069; GENDER 0.128",NA
"micro_direct_1263","micro_direct_subsets","CHINA + INFLATION + HEALTHCARE + PROJECT2025 + RACE",5,0.18072299829707,0.0876233390126463,"CHINA 0.132; INFLATION -0.077; HEALTHCARE 0.37; PROJECT2025 0.051; RACE -0.009",NA
"micro_direct_1476","micro_direct_subsets","FENTANYL + INFLATION + FELON + AUTHORITARIAN + GENDER",5,0.180640495051632,0.0875314603984082,"FENTANYL -0.024; INFLATION -0.057; FELON -0.433; AUTHORITARIAN -0.03; GENDER 0.038",NA
"micro_direct_391","micro_direct_subsets","ISRAEL + FENTANYL + PROJECT2025 + GENDER",4,0.161942902909213,0.0874489387233653,"ISRAEL -0.399; FENTANYL -0.027; PROJECT2025 0.064; GENDER 0.121",NA
"micro_direct_1503","micro_direct_subsets","FENTANYL + TAX + FELON + PROJECT2025 + AUTHORITARIAN",5,0.180441194031242,0.0873095115347918,"FENTANYL -0.002; TAX -0.067; FELON -0.429; PROJECT2025 0.01; AUTHORITARIAN 0.005",NA
"micro_direct_1474","micro_direct_subsets","FENTANYL + INFLATION + FELON + PROJECT2025 + GENDER",5,0.180432642625165,0.0872999883780251,"FENTANYL -0.014; INFLATION -0.058; FELON -0.42; PROJECT2025 0.023; GENDER 0.036",NA
"micro_direct_450","micro_direct_subsets","ISRAEL + PROJECT2025 + GENDER + RACE",4,0.16137068661957,0.0868258587635319,"ISRAEL -0.394; PROJECT2025 0.07; GENDER 0.117; RACE 0.004",NA
"micro_direct_1255","micro_direct_subsets","CHINA + INFLATION + HEALTHCARE + TAX + GENDER",5,0.179992522692647,0.0868098548168112,"CHINA 0.13; INFLATION -0.073; HEALTHCARE 0.377; TAX -0.011; GENDER -0.039",NA
"micro_direct_1473","micro_direct_subsets","FENTANYL + INFLATION + FELON + PROJECT2025 + AUTHORITARIAN",5,0.179714181484995,0.0864998839264722,"FENTANYL -0.007; INFLATION -0.054; FELON -0.436; PROJECT2025 0.017; AUTHORITARIAN -0.022",NA
"micro_direct_1514","micro_direct_subsets","FENTANYL + FELON + PROJECT2025 + AUTHORITARIAN + RACE",5,0.179656335006749,0.0864354639847891,"FENTANYL -0.012; FELON -0.444; PROJECT2025 0.022; AUTHORITARIAN -0.042; RACE -0.056",NA
"micro_direct_1573","micro_direct_subsets","FELON + PROJECT2025 + AUTHORITARIAN + GENDER + RACE",5,0.179571991779156,0.0863415362995145,"FELON -0.44; PROJECT2025 0.026; AUTHORITARIAN -0.041; GENDER 0.007; RACE -0.05",NA
"micro_direct_1329","micro_direct_subsets","BORDER + FENTANYL + INFLATION + TAX + PROJECT2025",5,0.179412862574492,0.0861643242306845,"BORDER 0.418; FENTANYL 0.051; INFLATION -0.047; TAX 0.041; PROJECT2025 -0.016",NA
"micro_direct_1516","micro_direct_subsets","FENTANYL + FELON + AUTHORITARIAN + GENDER + RACE",5,0.179246560220465,0.0859791238818819,"FENTANYL -0.019; FELON -0.442; AUTHORITARIAN -0.042; GENDER 0.004; RACE -0.053",NA
"micro_direct_1256","micro_direct_subsets","CHINA + INFLATION + HEALTHCARE + TAX + RACE",5,0.179120714253951,0.0858389772373546,"CHINA 0.122; INFLATION -0.072; HEALTHCARE 0.368; TAX -0.032; RACE -0.014",NA
"micro_direct_384","micro_direct_subsets","ISRAEL + FENTANYL + TAX + GENDER",4,0.159870091750484,0.0851918776838609,"ISRAEL -0.39; FENTANYL -0.048; TAX -0.042; GENDER 0.131",NA
"micro_direct_752","micro_direct_subsets","HEALTHCARE + TAX + PROJECT2025 + GENDER",4,0.159848332129476,0.0851681838743185,"HEALTHCARE 0.403; TAX -0.048; PROJECT2025 0.025; GENDER 0.009",NA
"micro_direct_753","micro_direct_subsets","HEALTHCARE + TAX + PROJECT2025 + RACE",4,0.159799148194206,0.0851146280336909,"HEALTHCARE 0.405; TAX -0.045; PROJECT2025 0.023; RACE -0.003",NA
"micro_direct_1515","micro_direct_subsets","FENTANYL + FELON + PROJECT2025 + GENDER + RACE",5,0.178400951398353,0.0850374231481662,"FENTANYL -0.007; FELON -0.422; PROJECT2025 0.022; GENDER 0.005; RACE -0.043",NA
"micro_direct_373","micro_direct_subsets","ISRAEL + FENTANYL + INFLATION + GENDER",4,0.159679733261674,0.0849845984404894,"ISRAEL -0.391; FENTANYL -0.047; INFLATION -0.035; GENDER 0.113",NA
"micro_direct_1513","micro_direct_subsets","FENTANYL + FELON + PROJECT2025 + AUTHORITARIAN + GENDER",5,0.178014346941961,0.0846068863671835,"FENTANYL -0.008; FELON -0.433; PROJECT2025 0.025; AUTHORITARIAN -0.034; GENDER 0.037",NA
"micro_direct_756","micro_direct_subsets","HEALTHCARE + TAX + GENDER + RACE",4,0.159282981055477,0.0845525793715196,"HEALTHCARE 0.401; TAX -0.048; GENDER 0.003; RACE 0",NA
"micro_direct_2056","micro_direct_subsets","CHINA + BORDER + FENTANYL + INFLATION + GENDER + RACE",6,0.196103965548818,0.083932425857955,"CHINA 0.083; BORDER 0.403; FENTANYL 0.008; INFLATION -0.052; GENDER 0.013; RACE -0.113",NA
"micro_direct_2125","micro_direct_subsets","CHINA + BORDER + INFLATION + PROJECT2025 + GENDER + RACE",6,0.196066370053472,0.0838895844795379,"CHINA 0.084; BORDER 0.403; INFLATION -0.053; PROJECT2025 -0.004; GENDER 0.014; RACE -0.114",NA
"micro_direct_2116","micro_direct_subsets","CHINA + BORDER + INFLATION + TAX + GENDER + RACE",6,0.196051329866835,0.0838724456622079,"CHINA 0.084; BORDER 0.403; INFLATION -0.053; TAX -0.001; GENDER 0.015; RACE -0.114",NA
"micro_direct_2046","micro_direct_subsets","CHINA + BORDER + FENTANYL + INFLATION + TAX + RACE",6,0.19602469529323,0.0838420946364713,"CHINA 0.087; BORDER 0.403; FENTANYL 0.01; INFLATION -0.052; TAX 0.005; RACE -0.119",NA
"micro_direct_2053","micro_direct_subsets","CHINA + BORDER + FENTANYL + INFLATION + PROJECT2025 + RACE",6,0.196019446040424,0.0838361129297853,"CHINA 0.086; BORDER 0.403; FENTANYL 0.009; INFLATION -0.052; PROJECT2025 -0.004; RACE -0.12",NA
"micro_direct_2113","micro_direct_subsets","CHINA + BORDER + INFLATION + TAX + PROJECT2025 + RACE",6,0.195966936690854,0.0837762766942284,"CHINA 0.088; BORDER 0.403; INFLATION -0.053; TAX 0.003; PROJECT2025 -0.006; RACE -0.121",NA
"micro_direct_405","micro_direct_subsets","ISRAEL + INFLATION + TAX + GENDER",4,0.158496418180268,0.0836960997962917,"ISRAEL -0.38; INFLATION -0.025; TAX -0.03; GENDER 0.111",NA
"micro_direct_395","micro_direct_subsets","ISRAEL + FENTANYL + GENDER + RACE",4,0.15848205521138,0.0836804601190582,"ISRAEL -0.391; FENTANYL -0.042; GENDER 0.109; RACE -0.001",NA
"micro_direct_1305","micro_direct_subsets","CHINA + HEALTHCARE + PROJECT2025 + GENDER + RACE",5,0.177137424676571,0.0836303138443637,"CHINA 0.156; HEALTHCARE 0.366; PROJECT2025 0.041; GENDER -0.063; RACE -0.039",NA
"micro_direct_765","micro_direct_subsets","HEALTHCARE + PROJECT2025 + GENDER + RACE",4,0.158033411389434,0.0831919368462732,"HEALTHCARE 0.404; PROJECT2025 0.025; GENDER -0.008; RACE 0.008",NA
"micro_direct_441","micro_direct_subsets","ISRAEL + TAX + GENDER + RACE",4,0.157909876933316,0.0830574215496106,"ISRAEL -0.381; TAX -0.034; GENDER 0.11; RACE -0.003",NA
"micro_direct_416","micro_direct_subsets","ISRAEL + INFLATION + GENDER + RACE",4,0.157796761493061,0.0829342514035549,"ISRAEL -0.381; INFLATION -0.028; GENDER 0.098; RACE -0.001",NA
"micro_direct_1292","micro_direct_subsets","CHINA + HEALTHCARE + TAX + PROJECT2025 + GENDER",5,0.176476147751961,0.0828938918146841,"CHINA 0.143; HEALTHCARE 0.368; TAX -0.019; PROJECT2025 0.041; GENDER -0.029",NA
"micro_direct_1293","micro_direct_subsets","CHINA + HEALTHCARE + TAX + PROJECT2025 + RACE",5,0.176126531864437,0.0825045468490327,"CHINA 0.138; HEALTHCARE 0.361; TAX -0.036; PROJECT2025 0.046; RACE -0.016",NA
"micro_direct_1296","micro_direct_subsets","CHINA + HEALTHCARE + TAX + GENDER + RACE",5,0.175994307633089,0.0823572971368487,"CHINA 0.147; HEALTHCARE 0.365; TAX -0.024; GENDER -0.061; RACE -0.041",NA
"micro_direct_1451","micro_direct_subsets","FENTANYL + INFLATION + HEALTHCARE + TAX + GENDER",5,0.175217666828047,0.081492401694871,"FENTANYL -0.109; INFLATION -0.102; HEALTHCARE 0.444; TAX -0.052; GENDER 0.032",NA
"micro_direct_1452","micro_direct_subsets","FENTANYL + INFLATION + HEALTHCARE + TAX + RACE",5,0.17513368216875,0.08139887332429,"FENTANYL -0.106; INFLATION -0.103; HEALTHCARE 0.449; TAX -0.047; RACE -0.027",NA
"micro_direct_2081","micro_direct_subsets","CHINA + BORDER + FENTANYL + TAX + GENDER + RACE",6,0.193528810715807,0.0809979470947564,"CHINA 0.086; BORDER 0.399; FENTANYL 0.015; TAX -0.005; GENDER 0.012; RACE -0.109",NA
"micro_direct_2090","micro_direct_subsets","CHINA + BORDER + FENTANYL + PROJECT2025 + GENDER + RACE",6,0.19350786354309,0.0809740770607307,"CHINA 0.087; BORDER 0.399; FENTANYL 0.016; PROJECT2025 -0.001; GENDER 0.009; RACE -0.108",NA
"micro_direct_2078","micro_direct_subsets","CHINA + BORDER + FENTANYL + TAX + PROJECT2025 + RACE",6,0.193464402165349,0.0809245513046994,"CHINA 0.089; BORDER 0.399; FENTANYL 0.017; TAX -0.002; PROJECT2025 -0.002; RACE -0.114",NA
"micro_direct_2155","micro_direct_subsets","CHINA + BORDER + TAX + PROJECT2025 + GENDER + RACE",6,0.193351469522849,0.0807958606190602,"CHINA 0.088; BORDER 0.399; TAX -0.008; PROJECT2025 -0.005; GENDER 0.015; RACE -0.111",NA
"micro_direct_1449","micro_direct_subsets","FENTANYL + INFLATION + HEALTHCARE + TAX + PROJECT2025",5,0.174543576082672,0.0807417097284305,"FENTANYL -0.1; INFLATION -0.102; HEALTHCARE 0.45; TAX -0.039; PROJECT2025 0",NA
"micro_direct_1459","micro_direct_subsets","FENTANYL + INFLATION + HEALTHCARE + PROJECT2025 + RACE",5,0.173234060256319,0.0792833852854462,"FENTANYL -0.099; INFLATION -0.108; HEALTHCARE 0.445; PROJECT2025 0.006; RACE -0.011",NA
"micro_direct_1462","micro_direct_subsets","FENTANYL + INFLATION + HEALTHCARE + GENDER + RACE",5,0.173204953294989,0.0792509707148743,"FENTANYL -0.101; INFLATION -0.108; HEALTHCARE 0.444; GENDER 0.001; RACE -0.01",NA
"micro_direct_1458","micro_direct_subsets","FENTANYL + INFLATION + HEALTHCARE + PROJECT2025 + GENDER",5,0.173176077834784,0.0792188139523731,"FENTANYL -0.099; INFLATION -0.107; HEALTHCARE 0.444; PROJECT2025 0.007; GENDER 0.008",NA
"micro_direct_2166","micro_direct_subsets","CHINA + FENTANYL + INFLATION + HEALTHCARE + TAX + RACE",6,0.19142415390354,0.0785996172389181,"CHINA 0.138; FENTANYL -0.125; INFLATION -0.094; HEALTHCARE 0.408; TAX -0.044; RACE -0.042",NA
"micro_direct_2176","micro_direct_subsets","CHINA + FENTANYL + INFLATION + HEALTHCARE + GENDER + RACE",6,0.191384493206453,0.0785544224910741,"CHINA 0.152; FENTANYL -0.115; INFLATION -0.096; HEALTHCARE 0.409; GENDER -0.054; RACE -0.056",NA
"micro_direct_2321","micro_direct_subsets","BORDER + FENTANYL + INFLATION + PROJECT2025 + GENDER + RACE",6,0.191310153133308,0.0784697093844673,"BORDER 0.433; FENTANYL 0.017; INFLATION -0.057; PROJECT2025 -0.011; GENDER 0.041; RACE -0.096",NA
"micro_direct_2312","micro_direct_subsets","BORDER + FENTANYL + INFLATION + TAX + GENDER + RACE",6,0.19127136049497,0.0784255038198495,"BORDER 0.432; FENTANYL 0.019; INFLATION -0.056; TAX -0.009; GENDER 0.047; RACE -0.096",NA
"micro_direct_2386","micro_direct_subsets","BORDER + INFLATION + TAX + PROJECT2025 + GENDER + RACE",6,0.191190655710266,0.0783335379023967,"BORDER 0.433; INFLATION -0.058; TAX -0.012; PROJECT2025 -0.015; GENDER 0.049; RACE -0.098",NA
"micro_direct_413","micro_direct_subsets","ISRAEL + INFLATION + PROJECT2025 + RACE",4,0.153461784239373,0.0782139428384284,"ISRAEL -0.394; INFLATION -0.029; PROJECT2025 0.047; RACE -0.062",NA
"micro_direct_392","micro_direct_subsets","ISRAEL + FENTANYL + PROJECT2025 + RACE",4,0.152669430075015,0.0773511571927943,"ISRAEL -0.395; FENTANYL -0.007; PROJECT2025 0.045; RACE -0.06",NA
"micro_direct_2173","micro_direct_subsets","CHINA + FENTANYL + INFLATION + HEALTHCARE + PROJECT2025 + RACE",6,0.19031572527536,0.0773365241509918,"CHINA 0.142; FENTANYL -0.113; INFLATION -0.097; HEALTHCARE 0.403; PROJECT2025 0.025; RACE -0.028",NA
"micro_direct_2163","micro_direct_subsets","CHINA + FENTANYL + INFLATION + HEALTHCARE + TAX + PROJECT2025",6,0.190315065059186,0.0773357718116302,"CHINA 0.136; FENTANYL -0.11; INFLATION -0.091; HEALTHCARE 0.409; TAX -0.028; PROJECT2025 0.019",NA
"micro_direct_2309","micro_direct_subsets","BORDER + FENTANYL + INFLATION + TAX + PROJECT2025 + RACE",6,0.190300778944317,0.0773194922853848,"BORDER 0.437; FENTANYL 0.024; INFLATION -0.056; TAX 0.004; PROJECT2025 -0.016; RACE -0.116",NA
"micro_direct_438","micro_direct_subsets","ISRAEL + TAX + PROJECT2025 + RACE",4,0.152636514419875,0.0773153157016413,"ISRAEL -0.395; TAX 0.002; PROJECT2025 0.047; RACE -0.059",NA
"micro_direct_2165","micro_direct_subsets","CHINA + FENTANYL + INFLATION + HEALTHCARE + TAX + GENDER",6,0.19002119710127,0.0770008990223779,"CHINA 0.134; FENTANYL -0.114; INFLATION -0.091; HEALTHCARE 0.41; TAX -0.028; GENDER -0.006",NA
"micro_direct_2172","micro_direct_subsets","CHINA + FENTANYL + INFLATION + HEALTHCARE + PROJECT2025 + GENDER",6,0.189817010609925,0.0767682213927047,"CHINA 0.141; FENTANYL -0.105; INFLATION -0.093; HEALTHCARE 0.408; PROJECT2025 0.021; GENDER -0.017",NA
"micro_direct_374","micro_direct_subsets","ISRAEL + FENTANYL + INFLATION + RACE",4,0.151840661250278,0.0764487200280809,"ISRAEL -0.39; FENTANYL -0.024; INFLATION -0.031; RACE -0.062",NA
"micro_direct_2439","micro_direct_subsets","FENTANYL + INFLATION + TAX + FELON + GENDER + RACE",6,0.189307945394329,0.0761881238214447,"FENTANYL -0.041; INFLATION -0.053; TAX -0.101; FELON -0.437; GENDER 0.042; RACE -0.066",NA
"micro_direct_406","micro_direct_subsets","ISRAEL + INFLATION + TAX + RACE",4,0.15132481997292,0.0758870261927352,"ISRAEL -0.385; INFLATION -0.028; TAX 0.001; RACE -0.056",NA
"micro_direct_385","micro_direct_subsets","ISRAEL + FENTANYL + TAX + RACE",4,0.150897750151914,0.0754219946098617,"ISRAEL -0.39; FENTANYL -0.019; TAX -0.004; RACE -0.06",NA
"micro_direct_2487","micro_direct_subsets","INFLATION + TAX + FELON + PROJECT2025 + GENDER + RACE",6,0.188455381593042,0.0752165976292808,"INFLATION -0.048; TAX -0.093; FELON -0.432; PROJECT2025 0.024; GENDER 0.036; RACE -0.061",NA
"micro_direct_2351","micro_direct_subsets","BORDER + FENTANYL + TAX + PROJECT2025 + GENDER + RACE",6,0.188423819393938,0.0751806314023941,"BORDER 0.429; FENTANYL 0.024; TAX -0.016; PROJECT2025 -0.011; GENDER 0.045; RACE -0.092",NA
"micro_direct_2436","micro_direct_subsets","FENTANYL + INFLATION + TAX + FELON + PROJECT2025 + RACE",6,0.188419303420461,0.0751754852930836,"FENTANYL -0.029; INFLATION -0.053; TAX -0.088; FELON -0.442; PROJECT2025 0.01; RACE -0.085",NA
"micro_direct_2438","micro_direct_subsets","FENTANYL + INFLATION + TAX + FELON + AUTHORITARIAN + RACE",6,0.188359292042413,0.0751071002343781,"FENTANYL -0.033; INFLATION -0.053; TAX -0.087; FELON -0.445; AUTHORITARIAN -0.007; RACE -0.085",NA
"micro_direct_2045","micro_direct_subsets","CHINA + BORDER + FENTANYL + INFLATION + TAX + GENDER",6,0.188308236360491,0.0750489205038155,"CHINA 0.063; BORDER 0.391; FENTANYL 0.018; INFLATION -0.046; TAX 0.009; GENDER 0.076",NA
"micro_direct_2052","micro_direct_subsets","CHINA + BORDER + FENTANYL + INFLATION + PROJECT2025 + GENDER",6,0.188250153670495,0.0749827332524243,"CHINA 0.062; BORDER 0.39; FENTANYL 0.017; INFLATION -0.045; PROJECT2025 0.002; GENDER 0.08",NA
"micro_direct_403","micro_direct_subsets","ISRAEL + INFLATION + TAX + PROJECT2025",4,0.150351510559468,0.0748272003869769,"ISRAEL -0.392; INFLATION -0.027; TAX 0.026; PROJECT2025 0.043",NA
"micro_direct_2112","micro_direct_subsets","CHINA + BORDER + INFLATION + TAX + PROJECT2025 + GENDER",6,0.188039302472371,0.0747424609568884,"CHINA 0.065; BORDER 0.39; INFLATION -0.048; TAX 0.006; PROJECT2025 -0.002; GENDER 0.081",NA
"micro_direct_2488","micro_direct_subsets","INFLATION + TAX + FELON + AUTHORITARIAN + GENDER + RACE",6,0.187912932736363,0.0745984582344603,"INFLATION -0.047; TAX -0.093; FELON -0.431; AUTHORITARIAN -0.001; GENDER 0.029; RACE -0.062",NA
"micro_direct_2486","micro_direct_subsets","INFLATION + TAX + FELON + PROJECT2025 + AUTHORITARIAN + RACE",6,0.187752887246732,0.0744160808160439,"INFLATION -0.049; TAX -0.082; FELON -0.439; PROJECT2025 0.019; AUTHORITARIAN -0.005; RACE -0.078",NA
"micro_direct_371","micro_direct_subsets","ISRAEL + FENTANYL + INFLATION + PROJECT2025",4,0.149731960731757,0.0741525794634691,"ISRAEL -0.39; FENTANYL 0.003; INFLATION -0.023; PROJECT2025 0.041",NA
"micro_direct_382","micro_direct_subsets","ISRAEL + FENTANYL + TAX + PROJECT2025",4,0.149674095879471,0.074089571068757,"ISRAEL -0.392; FENTANYL 0.007; TAX 0.022; PROJECT2025 0.045",NA
"micro_direct_2466","micro_direct_subsets","FENTANYL + TAX + FELON + PROJECT2025 + GENDER + RACE",6,0.186832034639601,0.0733667371474521,"FENTANYL -0.028; TAX -0.106; FELON -0.434; PROJECT2025 0.016; GENDER 0.045; RACE -0.061",NA
"micro_direct_2435","micro_direct_subsets","FENTANYL + INFLATION + TAX + FELON + PROJECT2025 + GENDER",6,0.186753432327388,0.0732771670707438,"FENTANYL -0.03; INFLATION -0.049; TAX -0.091; FELON -0.428; PROJECT2025 0.019; GENDER 0.078",NA
"micro_direct_2467","micro_direct_subsets","FENTANYL + TAX + FELON + AUTHORITARIAN + GENDER + RACE",6,0.186634041203791,0.0731411167205995,"FENTANYL -0.033; TAX -0.106; FELON -0.436; AUTHORITARIAN -0.004; GENDER 0.043; RACE -0.062",NA
"micro_direct_369","micro_direct_subsets","ISRAEL + FENTANYL + INFLATION + TAX",4,0.148649650993231,0.0729740644148521,"ISRAEL -0.386; FENTANYL -0.009; INFLATION -0.027; TAX 0.02",NA
"micro_direct_2437","micro_direct_subsets","FENTANYL + INFLATION + TAX + FELON + AUTHORITARIAN + GENDER",6,0.186462786670308,0.0729459662056996,"FENTANYL -0.035; INFLATION -0.049; TAX -0.094; FELON -0.426; AUTHORITARIAN 0.004; GENDER 0.076",NA
"micro_direct_2077","micro_direct_subsets","CHINA + BORDER + FENTANYL + TAX + PROJECT2025 + GENDER",6,0.186279711737311,0.0727373459332152,"CHINA 0.066; BORDER 0.387; FENTANYL 0.025; TAX 0.004; PROJECT2025 0.003; GENDER 0.073",NA
"micro_direct_2497","micro_direct_subsets","TAX + FELON + PROJECT2025 + AUTHORITARIAN + GENDER + RACE",6,0.186198618704927,0.0726449375939868,"TAX -0.099; FELON -0.431; PROJECT2025 0.023; AUTHORITARIAN -0.003; GENDER 0.038; RACE -0.058",NA
"micro_direct_2485","micro_direct_subsets","INFLATION + TAX + FELON + PROJECT2025 + AUTHORITARIAN + GENDER",6,0.186051519273547,0.0724773126605536,"INFLATION -0.045; TAX -0.088; FELON -0.422; PROJECT2025 0.026; AUTHORITARIAN 0.005; GENDER 0.069",NA
"micro_direct_2465","micro_direct_subsets","FENTANYL + TAX + FELON + PROJECT2025 + AUTHORITARIAN + RACE",6,0.185756023599738,0.0721405850322592,"FENTANYL -0.021; TAX -0.091; FELON -0.442; PROJECT2025 0.011; AUTHORITARIAN -0.007; RACE -0.081",NA
"micro_direct_1524","micro_direct_subsets","INFLATION + HEALTHCARE + TAX + PROJECT2025 + RACE",5,0.166817229150162,0.0721373688263173,"INFLATION -0.085; HEALTHCARE 0.415; TAX -0.034; PROJECT2025 0.028; RACE -0.006",NA
"micro_direct_1523","micro_direct_subsets","INFLATION + HEALTHCARE + TAX + PROJECT2025 + GENDER",5,0.166804354998122,0.0721230317024537,"INFLATION -0.085; HEALTHCARE 0.414; TAX -0.034; PROJECT2025 0.028; GENDER 0.005",NA
"micro_direct_2308","micro_direct_subsets","BORDER + FENTANYL + INFLATION + TAX + PROJECT2025 + GENDER",6,0.185484449135406,0.0718311164566257,"BORDER 0.415; FENTANYL 0.024; INFLATION -0.05; TAX 0; PROJECT2025 -0.005; GENDER 0.094",NA
"micro_direct_1527","micro_direct_subsets","INFLATION + HEALTHCARE + TAX + GENDER + RACE",5,0.16609034277492,0.0713278817266159,"INFLATION -0.084; HEALTHCARE 0.412; TAX -0.036; GENDER -0.005; RACE -0.006",NA
"micro_direct_1536","micro_direct_subsets","INFLATION + HEALTHCARE + PROJECT2025 + GENDER + RACE",5,0.165868694352343,0.0710810459832911,"INFLATION -0.09; HEALTHCARE 0.415; PROJECT2025 0.029; GENDER -0.011; RACE -0.001",NA
"micro_direct_2043","micro_direct_subsets","CHINA + BORDER + FENTANYL + INFLATION + TAX + PROJECT2025",6,0.184656446460651,0.0708875785249282,"CHINA 0.082; BORDER 0.386; FENTANYL 0.037; INFLATION -0.043; TAX 0.042; PROJECT2025 -0.003",NA
"micro_direct_1492","micro_direct_subsets","FENTANYL + HEALTHCARE + TAX + GENDER + RACE",5,0.16560990996738,0.0707928542818551,"FENTANYL -0.089; HEALTHCARE 0.426; TAX -0.066; GENDER 0.027; RACE -0.008",NA
"micro_direct_1488","micro_direct_subsets","FENTANYL + HEALTHCARE + TAX + PROJECT2025 + GENDER",5,0.165583179618608,0.0707630863934496,"FENTANYL -0.087; HEALTHCARE 0.426; TAX -0.064; PROJECT2025 0.004; GENDER 0.032",NA
"micro_direct_2464","micro_direct_subsets","FENTANYL + TAX + FELON + PROJECT2025 + AUTHORITARIAN + GENDER",6,0.184452492149272,0.0706551654724266,"FENTANYL -0.023; TAX -0.098; FELON -0.425; PROJECT2025 0.019; AUTHORITARIAN 0.003; GENDER 0.077",NA
"micro_direct_1489","micro_direct_subsets","FENTANYL + HEALTHCARE + TAX + PROJECT2025 + RACE",5,0.165220266948168,0.0703589336468236,"FENTANYL -0.084; HEALTHCARE 0.43; TAX -0.058; PROJECT2025 0.001; RACE -0.019",NA
"micro_direct_2206","micro_direct_subsets","CHINA + FENTANYL + HEALTHCARE + TAX + GENDER + RACE",6,0.18402426852254,0.070167189711732,"CHINA 0.155; FENTANYL -0.101; HEALTHCARE 0.392; TAX -0.042; GENDER -0.038; RACE -0.052",NA
"micro_direct_2203","micro_direct_subsets","CHINA + FENTANYL + HEALTHCARE + TAX + PROJECT2025 + RACE",6,0.183711253895559,0.069810498625172,"CHINA 0.148; FENTANYL -0.1; HEALTHCARE 0.388; TAX -0.05; PROJECT2025 0.021; RACE -0.036",NA
"micro_direct_2445","micro_direct_subsets","FENTANYL + INFLATION + FELON + PROJECT2025 + AUTHORITARIAN + RACE",6,0.183195037953246,0.0692222525513738,"FENTANYL -0.022; INFLATION -0.061; FELON -0.447; PROJECT2025 0.021; AUTHORITARIAN -0.04; RACE -0.063",NA
"micro_direct_2215","micro_direct_subsets","CHINA + FENTANYL + HEALTHCARE + PROJECT2025 + GENDER + RACE",6,0.183127444469768,0.0691452274190376,"CHINA 0.163; FENTANYL -0.088; HEALTHCARE 0.388; PROJECT2025 0.021; GENDER -0.054; RACE -0.047",NA
"micro_direct_2447","micro_direct_subsets","FENTANYL + INFLATION + FELON + AUTHORITARIAN + GENDER + RACE",6,0.182842473610837,0.0688204931844425,"FENTANYL -0.029; INFLATION -0.061; FELON -0.445; AUTHORITARIAN -0.04; GENDER 0.006; RACE -0.059",NA
"micro_direct_2250","micro_direct_subsets","CHINA + INFLATION + HEALTHCARE + PROJECT2025 + GENDER + RACE",6,0.182831536537616,0.0688080300079807,"CHINA 0.147; INFLATION -0.077; HEALTHCARE 0.378; PROJECT2025 0.043; GENDER -0.062; RACE -0.043",NA
"micro_direct_2490","micro_direct_subsets","INFLATION + FELON + PROJECT2025 + AUTHORITARIAN + GENDER + RACE",6,0.182825475997974,0.0688011238116446,"INFLATION -0.057; FELON -0.441; PROJECT2025 0.028; AUTHORITARIAN -0.037; GENDER 0.006; RACE -0.055",NA
"micro_direct_2202","micro_direct_subsets","CHINA + FENTANYL + HEALTHCARE + TAX + PROJECT2025 + GENDER",6,0.1826790548744,0.0686342718336185,"CHINA 0.145; FENTANYL -0.091; HEALTHCARE 0.391; TAX -0.036; PROJECT2025 0.02; GENDER -0.006",NA
"micro_direct_2434","micro_direct_subsets","FENTANYL + INFLATION + TAX + FELON + PROJECT2025 + AUTHORITARIAN",6,0.182555713715347,0.0684937202802787,"FENTANYL -0.008; INFLATION -0.047; TAX -0.06; FELON -0.431; PROJECT2025 0.01; AUTHORITARIAN 0.005",NA
"micro_direct_1002","micro_direct_subsets","ISRAEL + FENTANYL + INFLATION + PROJECT2025 + GENDER",5,0.163098285365973,0.0679958177939245,"ISRAEL -0.399; FENTANYL -0.033; INFLATION -0.034; PROJECT2025 0.063; GENDER 0.125",NA
"micro_direct_1027","micro_direct_subsets","ISRAEL + FENTANYL + TAX + PROJECT2025 + GENDER",5,0.163085137628472,0.0679811759953443,"ISRAEL -0.398; FENTANYL -0.034; TAX -0.038; PROJECT2025 0.061; GENDER 0.14",NA
"micro_direct_2446","micro_direct_subsets","FENTANYL + INFLATION + FELON + PROJECT2025 + GENDER + RACE",6,0.182058369716064,0.0679269794438865,"FENTANYL -0.018; INFLATION -0.062; FELON -0.426; PROJECT2025 0.021; GENDER 0.008; RACE -0.05",NA
"micro_direct_1062","micro_direct_subsets","ISRAEL + INFLATION + TAX + PROJECT2025 + GENDER",5,0.162876615546393,0.0677489582221196,"ISRAEL -0.392; INFLATION -0.026; TAX -0.028; PROJECT2025 0.07; GENDER 0.128",NA
"micro_direct_2237","micro_direct_subsets","CHINA + INFLATION + HEALTHCARE + TAX + PROJECT2025 + GENDER",6,0.18171481811595,0.0675354904111983,"CHINA 0.136; INFLATION -0.074; HEALTHCARE 0.379; TAX -0.009; PROJECT2025 0.043; GENDER -0.031",NA
"micro_direct_1501","micro_direct_subsets","FENTANYL + HEALTHCARE + PROJECT2025 + GENDER + RACE",5,0.162387000927319,0.0672037055781508,"FENTANYL -0.075; HEALTHCARE 0.424; PROJECT2025 0.008; GENDER 0.002; RACE 0.002",NA
"micro_direct_2238","micro_direct_subsets","CHINA + INFLATION + HEALTHCARE + TAX + PROJECT2025 + RACE",6,0.181359084200981,0.0671301192057686,"CHINA 0.131; INFLATION -0.074; HEALTHCARE 0.372; TAX -0.027; PROJECT2025 0.049; RACE -0.018",NA
"micro_direct_1075","micro_direct_subsets","ISRAEL + INFLATION + PROJECT2025 + GENDER + RACE",5,0.162255059377115,0.0670567706699696,"ISRAEL -0.394; INFLATION -0.03; PROJECT2025 0.07; GENDER 0.117; RACE 0.002",NA
"micro_direct_2241","micro_direct_subsets","CHINA + INFLATION + HEALTHCARE + TAX + GENDER + RACE",6,0.181244861492468,0.0669999584449051,"CHINA 0.14; INFLATION -0.074; HEALTHCARE 0.376; TAX -0.013; GENDER -0.066; RACE -0.045",NA
"micro_direct_1105","micro_direct_subsets","ISRAEL + TAX + PROJECT2025 + GENDER + RACE",5,0.162192606072997,0.0669872203994738,"ISRAEL -0.393; TAX -0.032; PROJECT2025 0.069; GENDER 0.128; RACE 0",NA
"micro_direct_2444","micro_direct_subsets","FENTANYL + INFLATION + FELON + PROJECT2025 + AUTHORITARIAN + GENDER",6,0.181156565624407,0.0668993422231616,"FENTANYL -0.018; INFLATION -0.057; FELON -0.434; PROJECT2025 0.024; AUTHORITARIAN -0.031; GENDER 0.042",NA
"micro_direct_1040","micro_direct_subsets","ISRAEL + FENTANYL + PROJECT2025 + GENDER + RACE",5,0.161946941349716,0.0667136392303658,"ISRAEL -0.399; FENTANYL -0.027; PROJECT2025 0.064; GENDER 0.122; RACE 0.002",NA
"micro_direct_995","micro_direct_subsets","ISRAEL + FENTANYL + INFLATION + TAX + GENDER",5,0.160802325997795,0.0654389539520899,"ISRAEL -0.39; FENTANYL -0.053; INFLATION -0.031; TAX -0.038; GENDER 0.132",NA
"micro_direct_2469","micro_direct_subsets","FENTANYL + FELON + PROJECT2025 + AUTHORITARIAN + GENDER + RACE",6,0.179704221280618,0.0652443451802395,"FENTANYL -0.013; FELON -0.443; PROJECT2025 0.023; AUTHORITARIAN -0.043; GENDER 0.009; RACE -0.051",NA
"micro_direct_1031","micro_direct_subsets","ISRAEL + FENTANYL + TAX + GENDER + RACE",5,0.159904763991811,0.0644393962636074,"ISRAEL -0.39; FENTANYL -0.049; TAX -0.043; GENDER 0.127; RACE -0.007",NA
"micro_direct_1561","micro_direct_subsets","HEALTHCARE + TAX + PROJECT2025 + GENDER + RACE",5,0.15984911022065,0.0643774182002689,"HEALTHCARE 0.403; TAX -0.048; PROJECT2025 0.025; GENDER 0.01; RACE 0.001",NA
"micro_direct_1006","micro_direct_subsets","ISRAEL + FENTANYL + INFLATION + GENDER + RACE",5,0.159692944091885,0.0642035059205078,"ISRAEL -0.391; FENTANYL -0.048; INFLATION -0.035; GENDER 0.111; RACE -0.004",NA
"micro_direct_1066","micro_direct_subsets","ISRAEL + INFLATION + TAX + GENDER + RACE",5,0.158510878504414,0.0628871146980978,"ISRAEL -0.38; INFLATION -0.025; TAX -0.03; GENDER 0.109; RACE -0.005",NA
"micro_direct_2275","micro_direct_subsets","CHINA + HEALTHCARE + TAX + PROJECT2025 + GENDER + RACE",6,0.177507959507933,0.0627416282764813,"CHINA 0.152; HEALTHCARE 0.367; TAX -0.022; PROJECT2025 0.041; GENDER -0.053; RACE -0.041",NA
"micro_direct_2423","micro_direct_subsets","FENTANYL + INFLATION + HEALTHCARE + TAX + GENDER + RACE",6,0.17541478131725,0.0603563787103544,"FENTANYL -0.11; INFLATION -0.103; HEALTHCARE 0.446; TAX -0.054; GENDER 0.023; RACE -0.017",NA
"micro_direct_2419","micro_direct_subsets","FENTANYL + INFLATION + HEALTHCARE + TAX + PROJECT2025 + GENDER",6,0.175230168182222,0.0601460056029975,"FENTANYL -0.108; INFLATION -0.102; HEALTHCARE 0.444; TAX -0.052; PROJECT2025 0.004; GENDER 0.032",NA
"micro_direct_2420","micro_direct_subsets","FENTANYL + INFLATION + HEALTHCARE + TAX + PROJECT2025 + RACE",6,0.1751337271039,0.0600361076300259,"FENTANYL -0.106; INFLATION -0.103; HEALTHCARE 0.449; TAX -0.047; PROJECT2025 0; RACE -0.027",NA
"micro_direct_2432","micro_direct_subsets","FENTANYL + INFLATION + HEALTHCARE + PROJECT2025 + GENDER + RACE",6,0.173236670324746,0.0578743452537805,"FENTANYL -0.1; INFLATION -0.108; HEALTHCARE 0.444; PROJECT2025 0.006; GENDER 0.002; RACE -0.01",NA
"micro_direct_1003","micro_direct_subsets","ISRAEL + FENTANYL + INFLATION + PROJECT2025 + RACE",5,0.153573019234307,0.0573881350563872,"ISRAEL -0.395; FENTANYL -0.012; INFLATION -0.031; PROJECT2025 0.044; RACE -0.064",NA
"micro_direct_1063","micro_direct_subsets","ISRAEL + INFLATION + TAX + PROJECT2025 + RACE",5,0.153493062846781,0.0572990927157334,"ISRAEL -0.394; INFLATION -0.03; TAX 0.006; PROJECT2025 0.048; RACE -0.06",NA
"micro_direct_1028","micro_direct_subsets","ISRAEL + FENTANYL + TAX + PROJECT2025 + RACE",5,0.152670740137767,0.0563833242443317,"ISRAEL -0.396; FENTANYL -0.006; TAX 0.001; PROJECT2025 0.045; RACE -0.06",NA
"micro_direct_996","micro_direct_subsets","ISRAEL + FENTANYL + INFLATION + TAX + RACE",5,0.151841073801149,0.0554593776421892,"ISRAEL -0.39; FENTANYL -0.024; INFLATION -0.031; TAX -0.001; RACE -0.062",NA
"micro_direct_993","micro_direct_subsets","ISRAEL + FENTANYL + INFLATION + TAX + PROJECT2025",5,0.150362545266401,0.0538128345012197,"ISRAEL -0.392; FENTANYL 0.004; INFLATION -0.027; TAX 0.026; PROJECT2025 0.044",NA
"micro_direct_2478","micro_direct_subsets","INFLATION + HEALTHCARE + TAX + PROJECT2025 + GENDER + RACE",6,0.166820522117864,0.0505629205529153,"INFLATION -0.085; HEALTHCARE 0.414; TAX -0.035; PROJECT2025 0.028; GENDER 0.002; RACE -0.005",NA
"micro_direct_2457","micro_direct_subsets","FENTANYL + HEALTHCARE + TAX + PROJECT2025 + GENDER + RACE",6,0.165622384035519,0.0491976004125677,"FENTANYL -0.088; HEALTHCARE 0.426; TAX -0.065; PROJECT2025 0.004; GENDER 0.028; RACE -0.008",NA
"micro_direct_1930","micro_direct_subsets","ISRAEL + FENTANYL + INFLATION + TAX + PROJECT2025 + GENDER",6,0.164004182130022,0.0473536028923509,"ISRAEL -0.398; FENTANYL -0.038; INFLATION -0.031; TAX -0.034; PROJECT2025 0.061; GENDER 0.141",NA
"micro_direct_1943","micro_direct_subsets","ISRAEL + FENTANYL + INFLATION + PROJECT2025 + GENDER + RACE",6,0.163098792457785,0.0463218797774761,"ISRAEL -0.399; FENTANYL -0.033; INFLATION -0.035; PROJECT2025 0.063; GENDER 0.124; RACE -0.001",NA
"micro_direct_1973","micro_direct_subsets","ISRAEL + FENTANYL + TAX + PROJECT2025 + GENDER + RACE",6,0.163092038878563,0.0463141838383622,"ISRAEL -0.398; FENTANYL -0.034; TAX -0.039; PROJECT2025 0.061; GENDER 0.138; RACE -0.003",NA
"micro_direct_2008","micro_direct_subsets","ISRAEL + INFLATION + TAX + PROJECT2025 + GENDER + RACE",6,0.162878530886058,0.0460708840329502,"ISRAEL -0.392; INFLATION -0.027; TAX -0.028; PROJECT2025 0.07; GENDER 0.127; RACE -0.002",NA
"micro_direct_1934","micro_direct_subsets","ISRAEL + FENTANYL + INFLATION + TAX + GENDER + RACE",6,0.160864604840432,0.0437759450507246,"ISRAEL -0.39; FENTANYL -0.054; INFLATION -0.032; TAX -0.039; GENDER 0.127; RACE -0.01",NA
"micro_direct_19","micro_direct_subsets","CHINA + AUTHORITARIAN",2,0.0805156309939214,0.0413886365681309,"CHINA 0.224; AUTHORITARIAN 0.144",NA
"micro_direct_1931","micro_direct_subsets","ISRAEL + FENTANYL + INFLATION + TAX + PROJECT2025 + RACE",6,0.153593718981294,0.0354905169786844,"ISRAEL -0.396; FENTANYL -0.011; INFLATION -0.031; TAX 0.005; PROJECT2025 0.045; RACE -0.062",NA
"micro_direct_154","micro_direct_subsets","CHINA + TAX + AUTHORITARIAN",3,0.0839832140057971,0.0242429888322621,"CHINA 0.218; TAX -0.066; AUTHORITARIAN 0.173",NA
"micro_direct_21","micro_direct_subsets","CHINA + RACE",2,0.0632323923525123,0.0233699409632575,"CHINA 0.248; RACE -0.055",NA
"micro_direct_143","micro_direct_subsets","CHINA + INFLATION + AUTHORITARIAN",3,0.0816452830529314,0.0217525841216007,"CHINA 0.222; INFLATION -0.034; AUTHORITARIAN 0.147",NA
"micro_direct_20","micro_direct_subsets","CHINA + GENDER",2,0.061499306526993,0.0215631068047373,"CHINA 0.235; GENDER 0.038",NA
"micro_direct_165","micro_direct_subsets","CHINA + AUTHORITARIAN + RACE",3,0.0811268338909772,0.02120032305778,"CHINA 0.227; AUTHORITARIAN 0.138; RACE -0.025",NA
"micro_direct_136","micro_direct_subsets","CHINA + FENTANYL + AUTHORITARIAN",3,0.0809822891346972,0.0210463514695687,"CHINA 0.219; FENTANYL 0.022; AUTHORITARIAN 0.145",NA
"micro_direct_161","micro_direct_subsets","CHINA + PROJECT2025 + AUTHORITARIAN",3,0.0808143312693198,0.0208674398303623,"CHINA 0.228; PROJECT2025 0.018; AUTHORITARIAN 0.144",NA
"micro_direct_14","micro_direct_subsets","CHINA + INFLATION",2,0.0606274414266933,0.0206541410618717,"CHINA 0.244; INFLATION -0.021",NA
"micro_direct_164","micro_direct_subsets","CHINA + AUTHORITARIAN + GENDER",3,0.0805693101407841,0.0206064390630091,"CHINA 0.222; AUTHORITARIAN 0.143; GENDER 0.008",NA
"micro_direct_18","micro_direct_subsets","CHINA + PROJECT2025",2,0.0605280625461562,0.0205505332928011,"CHINA 0.249; PROJECT2025 0.018",NA
"micro_direct_13","micro_direct_subsets","CHINA + FENTANYL",2,0.0604902263570745,0.0205110870531201,"CHINA 0.241; FENTANYL 0.017",NA
"micro_direct_16","micro_direct_subsets","CHINA + TAX",2,0.0603052231863749,0.0203182114070716,"CHINA 0.246; TAX 0.01",NA
"micro_direct_560","micro_direct_subsets","CHINA + TAX + AUTHORITARIAN + RACE",4,0.085827114253069,0.00456730218667523,"CHINA 0.22; TAX -0.08; AUTHORITARIAN 0.17; RACE -0.046",NA
"micro_direct_559","micro_direct_subsets","CHINA + TAX + AUTHORITARIAN + GENDER",4,0.0853415271837489,0.00403855182230439,"CHINA 0.204; TAX -0.086; AUTHORITARIAN 0.174; GENDER 0.044",NA
"micro_direct_524","micro_direct_subsets","CHINA + INFLATION + TAX + AUTHORITARIAN",4,0.0846985857530833,0.00333846004224636,"CHINA 0.216; INFLATION -0.027; TAX -0.062; AUTHORITARIAN 0.174",NA
"micro_direct_503","micro_direct_subsets","CHINA + FENTANYL + TAX + AUTHORITARIAN",4,0.0844822389229555,0.00310288238277379,"CHINA 0.212; FENTANYL 0.023; TAX -0.066; AUTHORITARIAN 0.174",NA
"micro_direct_145","micro_direct_subsets","CHINA + INFLATION + RACE",3,0.0638799178082688,0.00282860810011243,"CHINA 0.247; INFLATION -0.026; RACE -0.057",NA
"micro_direct_163","micro_direct_subsets","CHINA + PROJECT2025 + RACE",3,0.0638559134800863,0.0028030382722658,"CHINA 0.253; PROJECT2025 0.026; RACE -0.058",NA
"micro_direct_556","micro_direct_subsets","CHINA + TAX + PROJECT2025 + AUTHORITARIAN",4,0.0840574195730205,0.00264030131284465,"CHINA 0.219; TAX -0.064; PROJECT2025 0.009; AUTHORITARIAN 0.173",NA
"micro_direct_156","micro_direct_subsets","CHINA + TAX + RACE",3,0.0633173640427132,0.00222936604549873,"CHINA 0.248; TAX -0.01; RACE -0.058",NA
"micro_direct_138","micro_direct_subsets","CHINA + FENTANYL + RACE",3,0.0632518797201295,0.00215961100622475,"CHINA 0.247; FENTANYL 0.005; RACE -0.054",NA
"micro_direct_166","micro_direct_subsets","CHINA + GENDER + RACE",3,0.0632432776035659,0.0021504478820592,"CHINA 0.247; GENDER 0.004; RACE -0.053",NA
"micro_direct_162","micro_direct_subsets","CHINA + PROJECT2025 + GENDER",3,0.0621919054895436,0.0010305080214702,"CHINA 0.238; PROJECT2025 0.027; GENDER 0.044",NA
"micro_direct_144","micro_direct_subsets","CHINA + INFLATION + GENDER",3,0.0620449250641356,0.000873941916144427,"CHINA 0.233; INFLATION -0.023; GENDER 0.039",NA
"micro_direct_535","micro_direct_subsets","CHINA + INFLATION + AUTHORITARIAN + RACE",4,0.0823792622150847,0.000812974411981249,"CHINA 0.224; INFLATION -0.036; AUTHORITARIAN 0.141; RACE -0.028",NA
"micro_direct_155","micro_direct_subsets","CHINA + TAX + GENDER",3,0.0615619157110024,0.000359431953024236,"CHINA 0.233; TAX -0.009; GENDER 0.042",NA
"micro_direct_492","micro_direct_subsets","CHINA + FENTANYL + INFLATION + AUTHORITARIAN",4,0.0819594238156559,0.000355817043714346,"CHINA 0.218; FENTANYL 0.018; INFLATION -0.032; AUTHORITARIAN 0.148",NA
"micro_direct_137","micro_direct_subsets","CHINA + FENTANYL + GENDER",3,0.0615565929774107,0.000353762084633003,"CHINA 0.234; FENTANYL 0.008; GENDER 0.035",NA
"micro_direct_531","micro_direct_subsets","CHINA + INFLATION + PROJECT2025 + AUTHORITARIAN",4,0.0819475017875436,0.00034283527976986,"CHINA 0.225; INFLATION -0.034; PROJECT2025 0.018; AUTHORITARIAN 0.147",NA
"micro_direct_534","micro_direct_subsets","CHINA + INFLATION + AUTHORITARIAN + GENDER",4,0.0817315423751988,0.000107679475216504,"CHINA 0.219; INFLATION -0.034; AUTHORITARIAN 0.145; GENDER 0.01",NA
"micro_direct_510","micro_direct_subsets","CHINA + FENTANYL + PROJECT2025 + AUTHORITARIAN",4,0.0815779398923498,-5.95765616633326e-05,"CHINA 0.223; FENTANYL 0.03; PROJECT2025 0.026; AUTHORITARIAN 0.145",NA
"micro_direct_569","micro_direct_subsets","CHINA + PROJECT2025 + AUTHORITARIAN + RACE",4,0.0815505516820751,-8.93992795181209e-05,"CHINA 0.231; PROJECT2025 0.021; AUTHORITARIAN 0.138; RACE -0.028",NA
"micro_direct_135","micro_direct_subsets","CHINA + FENTANYL + PROJECT2025",3,0.061057178017654,-0.000178223415977286,"CHINA 0.245; FENTANYL 0.025; PROJECT2025 0.025",NA
"micro_direct_514","micro_direct_subsets","CHINA + FENTANYL + AUTHORITARIAN + RACE",4,0.0813853949090274,-0.000269236654614424,"CHINA 0.222; FENTANYL 0.017; AUTHORITARIAN 0.14; RACE -0.021",NA
"micro_direct_142","micro_direct_subsets","CHINA + INFLATION + PROJECT2025",3,0.0609551363139839,-0.000286920013365055,"CHINA 0.248; INFLATION -0.021; PROJECT2025 0.018",NA
"micro_direct_131","micro_direct_subsets","CHINA + FENTANYL + INFLATION",3,0.0608392244144695,-0.000410391384586761,"CHINA 0.241; FENTANYL 0.015; INFLATION -0.019",NA
"micro_direct_140","micro_direct_subsets","CHINA + INFLATION + TAX",3,0.0608039172768825,-0.000448001161581724,"CHINA 0.244; INFLATION -0.023; TAX 0.013",NA
"micro_direct_571","micro_direct_subsets","CHINA + AUTHORITARIAN + GENDER + RACE",4,0.0812066450649241,-0.000463875373749145,"CHINA 0.23; AUTHORITARIAN 0.139; GENDER -0.012; RACE -0.032",NA
"micro_direct_153","micro_direct_subsets","CHINA + TAX + PROJECT2025",3,0.0606865011512127,-0.000573074860664935,"CHINA 0.25; TAX 0.013; PROJECT2025 0.02",NA
"micro_direct_133","micro_direct_subsets","CHINA + FENTANYL + TAX",3,0.0605935870247102,-0.000672048604113185,"CHINA 0.242; FENTANYL 0.017; TAX 0.01",NA
"micro_direct_513","micro_direct_subsets","CHINA + FENTANYL + AUTHORITARIAN + GENDER",4,0.0809840165181316,-0.000706293124701052,"CHINA 0.219; FENTANYL 0.022; AUTHORITARIAN 0.144; GENDER 0.001",NA
"micro_direct_568","micro_direct_subsets","CHINA + PROJECT2025 + AUTHORITARIAN + GENDER",4,0.0809439810594661,-0.000749887290803608,"CHINA 0.225; PROJECT2025 0.02; AUTHORITARIAN 0.142; GENDER 0.012",NA
"micro_direct_54","micro_direct_subsets","TAX + AUTHORITARIAN",2,0.0382831361692322,-0.00264098569590687,"TAX -0.093; AUTHORITARIAN 0.217",NA
"micro_direct_36","micro_direct_subsets","FENTANYL + AUTHORITARIAN",2,0.0364238245344144,-0.0045794169747595,"FENTANYL 0.072; AUTHORITARIAN 0.177",NA
"micro_direct_64","micro_direct_subsets","AUTHORITARIAN + GENDER",2,0.0353612160197262,-0.00568724287305145,"AUTHORITARIAN 0.161; GENDER 0.066",NA
"micro_direct_43","micro_direct_subsets","INFLATION + AUTHORITARIAN",2,0.0337425447903471,-0.00737479372921257,"INFLATION -0.051; AUTHORITARIAN 0.181",NA
"micro_direct_61","micro_direct_subsets","PROJECT2025 + AUTHORITARIAN",2,0.0318792231729974,-0.00931740562815175,"PROJECT2025 -0.026; AUTHORITARIAN 0.176",NA
"micro_direct_65","micro_direct_subsets","AUTHORITARIAN + RACE",2,0.0312344716683652,-0.00998959336702354,"AUTHORITARIAN 0.175; RACE -0.006",NA
"micro_direct_274","micro_direct_subsets","TAX + AUTHORITARIAN + GENDER",3,0.0494640648665823,-0.0125274091638581,"TAX -0.143; AUTHORITARIAN 0.211; GENDER 0.118",NA
"micro_direct_1275","micro_direct_subsets","CHINA + INFLATION + TAX + AUTHORITARIAN + RACE",5,0.0866304841732146,-0.0171615062616473,"CHINA 0.218; INFLATION -0.029; TAX -0.076; AUTHORITARIAN 0.17; RACE -0.047",NA
"micro_direct_1316","micro_direct_subsets","CHINA + TAX + AUTHORITARIAN + GENDER + RACE",5,0.0860911156090419,-0.0177621667081123,"CHINA 0.212; TAX -0.087; AUTHORITARIAN 0.171; GENDER 0.023; RACE -0.035",NA
"micro_direct_1274","micro_direct_subsets","CHINA + INFLATION + TAX + AUTHORITARIAN + GENDER",5,0.0860688450543761,-0.0177869680076266,"CHINA 0.203; INFLATION -0.027; TAX -0.082; AUTHORITARIAN 0.175; GENDER 0.044",NA
"micro_direct_1314","micro_direct_subsets","CHINA + TAX + PROJECT2025 + AUTHORITARIAN + RACE",5,0.0859837403553281,-0.0178817436952028,"CHINA 0.223; TAX -0.078; PROJECT2025 0.013; AUTHORITARIAN 0.168; RACE -0.047",NA
"micro_direct_1240","micro_direct_subsets","CHINA + FENTANYL + TAX + AUTHORITARIAN + RACE",5,0.0859713719635059,-0.0178955175860955,"CHINA 0.217; FENTANYL 0.013; TAX -0.079; AUTHORITARIAN 0.17; RACE -0.043",NA
"micro_direct_1313","micro_direct_subsets","CHINA + TAX + PROJECT2025 + AUTHORITARIAN + GENDER",5,0.0855730655285782,-0.0183390861159014,"CHINA 0.207; TAX -0.085; PROJECT2025 0.016; AUTHORITARIAN 0.173; GENDER 0.047",NA
"micro_direct_1239","micro_direct_subsets","CHINA + FENTANYL + TAX + AUTHORITARIAN + GENDER",5,0.0854762837775089,-0.0184468657932286,"CHINA 0.203; FENTANYL 0.013; TAX -0.084; AUTHORITARIAN 0.174; GENDER 0.039",NA
"micro_direct_533","micro_direct_subsets","CHINA + INFLATION + PROJECT2025 + RACE",4,0.0645217728592113,-0.0186318473310809,"CHINA 0.252; INFLATION -0.026; PROJECT2025 0.026; RACE -0.06",NA
"micro_direct_1204","micro_direct_subsets","CHINA + FENTANYL + INFLATION + TAX + AUTHORITARIAN",5,0.0850684178526095,-0.0189010801186846,"CHINA 0.211; FENTANYL 0.02; INFLATION -0.025; TAX -0.063; AUTHORITARIAN 0.175",NA
"micro_direct_218","micro_direct_subsets","FENTANYL + TAX + AUTHORITARIAN",3,0.0433282262881147,-0.0190634111278778,"FENTANYL 0.071; TAX -0.092; AUTHORITARIAN 0.216",NA
"micro_direct_512","micro_direct_subsets","CHINA + FENTANYL + PROJECT2025 + RACE",4,0.0639863014476626,-0.0192149162014339,"CHINA 0.251; FENTANYL 0.012; PROJECT2025 0.029; RACE -0.056",NA
"micro_direct_1271","micro_direct_subsets","CHINA + INFLATION + TAX + PROJECT2025 + AUTHORITARIAN",5,0.0847829402716064,-0.0192189983338928,"CHINA 0.218; INFLATION -0.027; TAX -0.061; PROJECT2025 0.009; AUTHORITARIAN 0.173",NA
"micro_direct_1236","micro_direct_subsets","CHINA + FENTANYL + TAX + PROJECT2025 + AUTHORITARIAN",5,0.0847262829887315,-0.019282093944367,"CHINA 0.215; FENTANYL 0.028; TAX -0.063; PROJECT2025 0.017; AUTHORITARIAN 0.173",NA
"micro_direct_570","micro_direct_subsets","CHINA + PROJECT2025 + GENDER + RACE",4,0.0639170353417838,-0.0192903392945019,"CHINA 0.25; PROJECT2025 0.027; GENDER 0.01; RACE -0.052",NA
"micro_direct_526","micro_direct_subsets","CHINA + INFLATION + TAX + RACE",4,0.0639167955792089,-0.0192906003693059,"CHINA 0.247; INFLATION -0.025; TAX -0.007; RACE -0.059",NA
"micro_direct_558","micro_direct_subsets","CHINA + TAX + PROJECT2025 + RACE",4,0.0639029374390312,-0.019305690344166,"CHINA 0.253; TAX -0.007; PROJECT2025 0.025; RACE -0.061",NA
"micro_direct_536","micro_direct_subsets","CHINA + INFLATION + GENDER + RACE",4,0.0638960802484575,-0.0193131570627907,"CHINA 0.245; INFLATION -0.026; GENDER 0.005; RACE -0.054",NA
"micro_direct_494","micro_direct_subsets","CHINA + FENTANYL + INFLATION + RACE",4,0.0638804245448283,-0.0193302043845203,"CHINA 0.247; FENTANYL 0.001; INFLATION -0.025; RACE -0.057",NA
"micro_direct_561","micro_direct_subsets","CHINA + TAX + GENDER + RACE",4,0.0633672831563606,-0.0198889583408517,"CHINA 0.245; TAX -0.013; GENDER 0.01; RACE -0.054",NA
"micro_direct_505","micro_direct_subsets","CHINA + FENTANYL + TAX + RACE",4,0.0633303702988967,-0.0199291523412013,"CHINA 0.247; FENTANYL 0.004; TAX -0.009; RACE -0.057",NA
"micro_direct_515","micro_direct_subsets","CHINA + FENTANYL + GENDER + RACE",4,0.0632586435370134,-0.0200072548152521,"CHINA 0.246; FENTANYL 0.004; GENDER 0.003; RACE -0.052",NA
"micro_direct_532","micro_direct_subsets","CHINA + INFLATION + PROJECT2025 + GENDER",4,0.0627625315323579,-0.0205474656647657,"CHINA 0.236; INFLATION -0.024; PROJECT2025 0.028; GENDER 0.045",NA
"micro_direct_511","micro_direct_subsets","CHINA + FENTANYL + PROJECT2025 + GENDER",4,0.0623967832130137,-0.0209457249458294,"CHINA 0.237; FENTANYL 0.016; PROJECT2025 0.031; GENDER 0.04",NA
"micro_direct_557","micro_direct_subsets","CHINA + TAX + PROJECT2025 + GENDER",4,0.0622408776579989,-0.0211154887724012,"CHINA 0.237; TAX -0.008; PROJECT2025 0.027; GENDER 0.047",NA
"micro_direct_525","micro_direct_subsets","CHINA + INFLATION + TAX + GENDER",4,0.0620697836790949,-0.0213017911049855,"CHINA 0.232; INFLATION -0.023; TAX -0.006; GENDER 0.042",NA
"micro_direct_493","micro_direct_subsets","CHINA + FENTANYL + INFLATION + GENDER",4,0.0620623294838559,-0.0213099078953567,"CHINA 0.232; FENTANYL 0.004; INFLATION -0.023; GENDER 0.038",NA
"micro_direct_1284","micro_direct_subsets","CHINA + INFLATION + PROJECT2025 + AUTHORITARIAN + RACE",5,0.0828204683981784,-0.0214044783747558,"CHINA 0.229; INFLATION -0.036; PROJECT2025 0.022; AUTHORITARIAN 0.141; RACE -0.031",NA
"micro_direct_1211","micro_direct_subsets","CHINA + FENTANYL + INFLATION + PROJECT2025 + AUTHORITARIAN",5,0.0825073895575252,-0.0217531343563924,"CHINA 0.221; FENTANYL 0.026; INFLATION -0.031; PROJECT2025 0.025; AUTHORITARIAN 0.148",NA
"micro_direct_1215","micro_direct_subsets","CHINA + FENTANYL + INFLATION + AUTHORITARIAN + RACE",5,0.0825052583348151,-0.0217555077635012,"CHINA 0.221; FENTANYL 0.012; INFLATION -0.034; AUTHORITARIAN 0.142; RACE -0.025",NA
"micro_direct_504","micro_direct_subsets","CHINA + FENTANYL + TAX + GENDER",4,0.061603240176388,-0.0218098051412663,"CHINA 0.232; FENTANYL 0.007; TAX -0.008; GENDER 0.04",NA
"micro_direct_1286","micro_direct_subsets","CHINA + INFLATION + AUTHORITARIAN + GENDER + RACE",5,0.0824459688107966,-0.021821534733431,"CHINA 0.227; INFLATION -0.036; AUTHORITARIAN 0.142; GENDER -0.011; RACE -0.034",NA
"micro_direct_491","micro_direct_subsets","CHINA + FENTANYL + INFLATION + PROJECT2025",4,0.0613781728267421,-0.0220548784775474,"CHINA 0.244; FENTANYL 0.022; INFLATION -0.018; PROJECT2025 0.025",NA
"micro_direct_1283","micro_direct_subsets","CHINA + INFLATION + PROJECT2025 + AUTHORITARIAN + GENDER",5,0.0821278736036436,-0.0221757771232149,"CHINA 0.222; INFLATION -0.035; PROJECT2025 0.021; AUTHORITARIAN 0.144; GENDER 0.015",NA
"micro_direct_502","micro_direct_subsets","CHINA + FENTANYL + TAX + PROJECT2025",4,0.0612415026875582,-0.0222036970735475,"CHINA 0.245; FENTANYL 0.025; TAX 0.014; PROJECT2025 0.027",NA
"micro_direct_523","micro_direct_subsets","CHINA + INFLATION + TAX + PROJECT2025",4,0.0612059245038683,-0.0222424377624544,"CHINA 0.249; INFLATION -0.023; TAX 0.016; PROJECT2025 0.021",NA
"micro_direct_1249","micro_direct_subsets","CHINA + FENTANYL + PROJECT2025 + AUTHORITARIAN + RACE",5,0.0820462727636192,-0.0222666507859695,"CHINA 0.226; FENTANYL 0.024; PROJECT2025 0.027; AUTHORITARIAN 0.14; RACE -0.023",NA
"micro_direct_1214","micro_direct_subsets","CHINA + FENTANYL + INFLATION + AUTHORITARIAN + GENDER",5,0.0819781746989969,-0.0223424872670261,"CHINA 0.217; FENTANYL 0.017; INFLATION -0.032; AUTHORITARIAN 0.147; GENDER 0.005",NA
"micro_direct_489","micro_direct_subsets","CHINA + FENTANYL + INFLATION + TAX",4,0.0610100097283656,-0.0224557671846686,"CHINA 0.241; FENTANYL 0.015; INFLATION -0.021; TAX 0.013",NA
"micro_direct_239","micro_direct_subsets","INFLATION + TAX + AUTHORITARIAN",3,0.0398819604345784,-0.0227344334501232,"INFLATION -0.04; TAX -0.088; AUTHORITARIAN 0.218",NA
"micro_direct_1248","micro_direct_subsets","CHINA + FENTANYL + PROJECT2025 + AUTHORITARIAN + GENDER",5,0.0816036210228077,-0.0227596038609641,"CHINA 0.222; FENTANYL 0.028; PROJECT2025 0.027; AUTHORITARIAN 0.144; GENDER 0.006",NA
"micro_direct_1321","micro_direct_subsets","CHINA + PROJECT2025 + AUTHORITARIAN + GENDER + RACE",5,0.0815788221849837,-0.0227872207485409,"CHINA 0.233; PROJECT2025 0.02; AUTHORITARIAN 0.138; GENDER -0.007; RACE -0.032",NA
"micro_direct_1251","micro_direct_subsets","CHINA + FENTANYL + AUTHORITARIAN + GENDER + RACE",5,0.0815280991810061,-0.022843707730243,"CHINA 0.227; FENTANYL 0.019; AUTHORITARIAN 0.141; GENDER -0.016; RACE -0.03",NA
"micro_direct_271","micro_direct_subsets","TAX + PROJECT2025 + AUTHORITARIAN",3,0.0396216848722049,-0.0230116835056948,"TAX -0.098; PROJECT2025 -0.037; AUTHORITARIAN 0.218",NA
"micro_direct_275","micro_direct_subsets","TAX + AUTHORITARIAN + RACE",3,0.0392432746511693,-0.0234147726541893,"TAX -0.104; AUTHORITARIAN 0.214; RACE -0.033",NA
"micro_direct_228","micro_direct_subsets","FENTANYL + AUTHORITARIAN + GENDER",3,0.03831063258538,-0.02440823920253,"FENTANYL 0.057; AUTHORITARIAN 0.166; GENDER 0.047",NA
"micro_direct_249","micro_direct_subsets","INFLATION + AUTHORITARIAN + GENDER",3,0.0381434117610141,-0.0245863657328329,"INFLATION -0.053; AUTHORITARIAN 0.165; GENDER 0.068",NA
"micro_direct_207","micro_direct_subsets","FENTANYL + INFLATION + AUTHORITARIAN",3,0.0381156455608259,-0.0246159427721637,"FENTANYL 0.067; INFLATION -0.042; AUTHORITARIAN 0.18",NA
"micro_direct_286","micro_direct_subsets","AUTHORITARIAN + GENDER + RACE",3,0.0366033183906587,-0.026226899975168,"AUTHORITARIAN 0.165; GENDER 0.09; RACE 0.043",NA
"micro_direct_229","micro_direct_subsets","FENTANYL + AUTHORITARIAN + RACE",3,0.036529919929853,-0.0263050852921132,"FENTANYL 0.075; AUTHORITARIAN 0.179; RACE 0.011",NA
"micro_direct_225","micro_direct_subsets","FENTANYL + PROJECT2025 + AUTHORITARIAN",3,0.0364352907860971,-0.0264058859017662,"FENTANYL 0.071; PROJECT2025 -0.004; AUTHORITARIAN 0.176",NA
"micro_direct_283","micro_direct_subsets","PROJECT2025 + AUTHORITARIAN + GENDER",3,0.0354555149980641,-0.0274495601107578,"PROJECT2025 -0.01; AUTHORITARIAN 0.162; GENDER 0.064",NA
"micro_direct_55","micro_direct_subsets","TAX + GENDER",2,0.0134067286912387,-0.0285759637048788,"TAX -0.057; GENDER 0.129",NA
"micro_direct_246","micro_direct_subsets","INFLATION + PROJECT2025 + AUTHORITARIAN",3,0.0343725121726635,-0.0286031935552065,"INFLATION -0.05; PROJECT2025 -0.025; AUTHORITARIAN 0.18",NA
"micro_direct_250","micro_direct_subsets","INFLATION + AUTHORITARIAN + RACE",3,0.033829125354267,-0.0291820186443679,"INFLATION -0.051; AUTHORITARIAN 0.179; RACE -0.01",NA
"micro_direct_37","micro_direct_subsets","FENTANYL + GENDER",2,0.0125501922202733,-0.0294689485363109,"FENTANYL 0.044; GENDER 0.09",NA
"micro_direct_44","micro_direct_subsets","INFLATION + GENDER",2,0.0125286740190017,-0.0294913824057217,"INFLATION -0.042; GENDER 0.106",NA
"micro_direct_66","micro_direct_subsets","GENDER + RACE",2,0.0112076627508254,-0.0308686069193522,"GENDER 0.118; RACE 0.025",NA
"micro_direct_284","micro_direct_subsets","PROJECT2025 + AUTHORITARIAN + RACE",3,0.0318867477901728,-0.0312510730061204,"PROJECT2025 -0.026; AUTHORITARIAN 0.175; RACE -0.003",NA
"micro_direct_62","micro_direct_subsets","PROJECT2025 + GENDER",2,0.0108007001552052,-0.0312928870722329,"PROJECT2025 -0.004; GENDER 0.103",NA
"micro_direct_734","micro_direct_subsets","INFLATION + TAX + AUTHORITARIAN + GENDER",4,0.0509391166049846,-0.0334218508079056,"INFLATION -0.039; TAX -0.137; AUTHORITARIAN 0.211; GENDER 0.117",NA
"micro_direct_699","micro_direct_subsets","FENTANYL + TAX + AUTHORITARIAN + GENDER",4,0.0507285831936775,-0.0336510983002178,"FENTANYL 0.038; TAX -0.136; AUTHORITARIAN 0.211; GENDER 0.103",NA
"micro_direct_776","micro_direct_subsets","TAX + AUTHORITARIAN + GENDER + RACE",4,0.0500340868657222,-0.0344073276351025,"TAX -0.14; AUTHORITARIAN 0.212; GENDER 0.133; RACE 0.029",NA
"micro_direct_773","micro_direct_subsets","TAX + PROJECT2025 + AUTHORITARIAN + GENDER",4,0.0496246526335288,-0.0348531560212686,"TAX -0.143; PROJECT2025 -0.013; AUTHORITARIAN 0.211; GENDER 0.115",NA
"micro_direct_38","micro_direct_subsets","FENTANYL + RACE",2,0.00600356864106921,-0.0362941518422897,"FENTANYL 0.067; RACE -0.028",NA
"micro_direct_31","micro_direct_subsets","FENTANYL + INFLATION",2,0.00597976579652482,-0.0363189675738358,"FENTANYL 0.069; INFLATION -0.027",NA
"micro_direct_35","micro_direct_subsets","FENTANYL + PROJECT2025",2,0.00532381623710809,-0.0370028298804619,"FENTANYL 0.07; PROJECT2025 -0.008",NA
"micro_direct_33","micro_direct_subsets","FENTANYL + TAX",2,0.00526731931381752,-0.0370617309281478,"FENTANYL 0.073; TAX 0.001",NA
"micro_direct_45","micro_direct_subsets","INFLATION + RACE",2,0.00335324624666544,-0.0390572539130509,"INFLATION -0.04; RACE -0.045",NA
"micro_direct_63","micro_direct_subsets","PROJECT2025 + RACE",2,0.00241033466749685,-0.0400402893892056,"PROJECT2025 -0.026; RACE -0.039",NA
"micro_direct_42","micro_direct_subsets","INFLATION + PROJECT2025",2,0.00217355992597723,-0.0402871396516409,"INFLATION -0.036; PROJECT2025 -0.03",NA
"micro_direct_56","micro_direct_subsets","TAX + RACE",2,0.00198168457782022,-0.04048717990823,"TAX -0.016; RACE -0.047",NA
"micro_direct_2261","micro_direct_subsets","CHINA + INFLATION + TAX + AUTHORITARIAN + GENDER + RACE",6,0.0868796423249243,-0.0405325006064816,"CHINA 0.211; INFLATION -0.028; TAX -0.083; AUTHORITARIAN 0.171; GENDER 0.022; RACE -0.036",NA
"micro_direct_2259","micro_direct_subsets","CHINA + INFLATION + TAX + PROJECT2025 + AUTHORITARIAN + RACE",6,0.0868051946465817,-0.0406173363329652,"CHINA 0.221; INFLATION -0.029; TAX -0.074; PROJECT2025 0.014; AUTHORITARIAN 0.169; RACE -0.048",NA
"micro_direct_664","micro_direct_subsets","FENTANYL + INFLATION + TAX + AUTHORITARIAN",4,0.0442802923218789,-0.0406725705828428,"FENTANYL 0.067; INFLATION -0.031; TAX -0.088; AUTHORITARIAN 0.217",NA
"micro_direct_2185","micro_direct_subsets","CHINA + FENTANYL + INFLATION + TAX + AUTHORITARIAN + RACE",6,0.0866986905243108,-0.0407387014955529,"CHINA 0.216; FENTANYL 0.009; INFLATION -0.028; TAX -0.076; AUTHORITARIAN 0.171; RACE -0.045",NA
"micro_direct_40","micro_direct_subsets","INFLATION + TAX",2,0.001334205334518,-0.0411622114597578,"INFLATION -0.037; TAX 0.006",NA
"micro_direct_2258","micro_direct_subsets","CHINA + INFLATION + TAX + PROJECT2025 + AUTHORITARIAN + GENDER",6,0.0863194521349496,-0.041170856869476,"CHINA 0.205; INFLATION -0.028; TAX -0.081; PROJECT2025 0.017; AUTHORITARIAN 0.173; GENDER 0.047",NA
"micro_direct_2286","micro_direct_subsets","CHINA + TAX + PROJECT2025 + AUTHORITARIAN + GENDER + RACE",6,0.0863189900964556,-0.0411713833784575,"CHINA 0.215; TAX -0.086; PROJECT2025 0.016; AUTHORITARIAN 0.169; GENDER 0.026; RACE -0.035",NA
"micro_direct_2224","micro_direct_subsets","CHINA + FENTANYL + TAX + PROJECT2025 + AUTHORITARIAN + RACE",6,0.0862403659510123,-0.041260978334893,"CHINA 0.219; FENTANYL 0.018; TAX -0.076; PROJECT2025 0.018; AUTHORITARIAN 0.169; RACE -0.043",NA
"micro_direct_2226","micro_direct_subsets","CHINA + FENTANYL + TAX + AUTHORITARIAN + GENDER + RACE",6,0.0861683053147257,-0.0413430939436847,"CHINA 0.211; FENTANYL 0.01; TAX -0.085; AUTHORITARIAN 0.171; GENDER 0.02; RACE -0.034",NA
"micro_direct_2184","micro_direct_subsets","CHINA + FENTANYL + INFLATION + TAX + AUTHORITARIAN + GENDER",6,0.0861357949674557,-0.0413801406184808,"CHINA 0.201; FENTANYL 0.009; INFLATION -0.026; TAX -0.081; AUTHORITARIAN 0.175; GENDER 0.041",NA
"micro_direct_700","micro_direct_subsets","FENTANYL + TAX + AUTHORITARIAN + RACE",4,0.0435559919530026,-0.0414612532067304,"FENTANYL 0.067; TAX -0.097; AUTHORITARIAN 0.215; RACE -0.017",NA
"micro_direct_696","micro_direct_subsets","FENTANYL + TAX + PROJECT2025 + AUTHORITARIAN",4,0.043543354480171,-0.0414750140104805,"FENTANYL 0.066; TAX -0.094; PROJECT2025 -0.016; AUTHORITARIAN 0.217",NA
"micro_direct_53","micro_direct_subsets","TAX + PROJECT2025",2,0.000916553176146251,-0.0415976360504007,"TAX -0.004; PROJECT2025 -0.03",NA
"micro_direct_1285","micro_direct_subsets","CHINA + INFLATION + PROJECT2025 + GENDER + RACE",5,0.0645962332784019,-0.0416996493035977,"CHINA 0.249; INFLATION -0.026; PROJECT2025 0.028; GENDER 0.011; RACE -0.054",NA
"micro_direct_1213","micro_direct_subsets","CHINA + FENTANYL + INFLATION + PROJECT2025 + RACE",5,0.064581092150182,-0.0417165110145699,"CHINA 0.25; FENTANYL 0.009; INFLATION -0.025; PROJECT2025 0.028; RACE -0.059",NA
"micro_direct_2223","micro_direct_subsets","CHINA + FENTANYL + TAX + PROJECT2025 + AUTHORITARIAN + GENDER",6,0.0858246838328574,-0.0417346626090696,"CHINA 0.205; FENTANYL 0.018; TAX -0.082; PROJECT2025 0.02; AUTHORITARIAN 0.173; GENDER 0.041",NA
"micro_direct_1273","micro_direct_subsets","CHINA + INFLATION + TAX + PROJECT2025 + RACE",5,0.0645347179618162,-0.0417681549970683,"CHINA 0.252; INFLATION -0.025; TAX -0.004; PROJECT2025 0.026; RACE -0.062",NA
"micro_direct_2181","micro_direct_subsets","CHINA + FENTANYL + INFLATION + TAX + PROJECT2025 + AUTHORITARIAN",6,0.0853020001593822,-0.0423302788881459,"CHINA 0.214; FENTANYL 0.025; INFLATION -0.025; TAX -0.06; PROJECT2025 0.016; AUTHORITARIAN 0.174",NA
"micro_direct_1250","micro_direct_subsets","CHINA + FENTANYL + PROJECT2025 + GENDER + RACE",5,0.0640276082810671,-0.0423328907779024,"CHINA 0.249; FENTANYL 0.012; PROJECT2025 0.03; GENDER 0.009; RACE -0.051",NA
"micro_direct_1315","micro_direct_subsets","CHINA + TAX + PROJECT2025 + GENDER + RACE",5,0.0640214042858613,-0.0423397997725634,"CHINA 0.249; TAX -0.012; PROJECT2025 0.027; GENDER 0.015; RACE -0.053",NA
"micro_direct_1238","micro_direct_subsets","CHINA + FENTANYL + TAX + PROJECT2025 + RACE",5,0.0640169336878238,-0.0423447783931052,"CHINA 0.251; FENTANYL 0.012; TAX -0.006; PROJECT2025 0.028; RACE -0.058",NA
"micro_direct_1276","micro_direct_subsets","CHINA + INFLATION + TAX + GENDER + RACE",5,0.0639607108071235,-0.0424073902375215,"CHINA 0.244; INFLATION -0.025; TAX -0.009; GENDER 0.009; RACE -0.055",NA
"micro_direct_1206","micro_direct_subsets","CHINA + FENTANYL + INFLATION + TAX + RACE",5,0.0639168705272407,-0.0424562123673908,"CHINA 0.247; FENTANYL 0; INFLATION -0.025; TAX -0.006; RACE -0.059",NA
"micro_direct_1216","micro_direct_subsets","CHINA + FENTANYL + INFLATION + GENDER + RACE",5,0.0638960805968317,-0.0424793647898918,"CHINA 0.245; FENTANYL 0; INFLATION -0.026; GENDER 0.005; RACE -0.054",NA
"micro_direct_1241","micro_direct_subsets","CHINA + FENTANYL + TAX + GENDER + RACE",5,0.063371900646439,-0.0430631106437382,"CHINA 0.245; FENTANYL 0.002; TAX -0.012; GENDER 0.009; RACE -0.053",NA
"micro_direct_1212","micro_direct_subsets","CHINA + FENTANYL + INFLATION + PROJECT2025 + GENDER",5,0.0628818321042182,-0.0436088687930296,"CHINA 0.235; FENTANYL 0.012; INFLATION -0.022; PROJECT2025 0.031; GENDER 0.043",NA
"micro_direct_1272","micro_direct_subsets","CHINA + INFLATION + TAX + PROJECT2025 + GENDER",5,0.062778349390643,-0.0437241109058748,"CHINA 0.236; INFLATION -0.023; TAX -0.005; PROJECT2025 0.028; GENDER 0.048",NA
"micro_direct_731","micro_direct_subsets","INFLATION + TAX + PROJECT2025 + AUTHORITARIAN",4,0.0411248236432866,-0.044108525366199,"INFLATION -0.039; TAX -0.093; PROJECT2025 -0.036; AUTHORITARIAN 0.219",NA
"micro_direct_1237","micro_direct_subsets","CHINA + FENTANYL + TAX + PROJECT2025 + GENDER",5,0.062418600165522,-0.0441247407247594,"CHINA 0.236; FENTANYL 0.015; TAX -0.005; PROJECT2025 0.031; GENDER 0.043",NA
"micro_direct_735","micro_direct_subsets","INFLATION + TAX + AUTHORITARIAN + RACE",4,0.0409456999820887,-0.0443035711306143,"INFLATION -0.042; TAX -0.098; AUTHORITARIAN 0.215; RACE -0.035",NA
"micro_direct_1205","micro_direct_subsets","CHINA + FENTANYL + INFLATION + TAX + GENDER",5,0.062082166773479,-0.0444994051840801,"CHINA 0.231; FENTANYL 0.004; INFLATION -0.022; TAX -0.005; GENDER 0.041",NA
"micro_direct_2194","micro_direct_subsets","CHINA + FENTANYL + INFLATION + PROJECT2025 + AUTHORITARIAN + RACE",6,0.0831223033570079,-0.0448141194303864,"CHINA 0.225; FENTANYL 0.019; INFLATION -0.033; PROJECT2025 0.026; AUTHORITARIAN 0.142; RACE -0.026",NA
"micro_direct_774","micro_direct_subsets","TAX + PROJECT2025 + AUTHORITARIAN + RACE",4,0.0404222240449261,-0.0448735782621914,"TAX -0.107; PROJECT2025 -0.035; AUTHORITARIAN 0.216; RACE -0.03",NA
"micro_direct_674","micro_direct_subsets","FENTANYL + INFLATION + AUTHORITARIAN + GENDER",4,0.0403320446666404,-0.0449717735852138,"FENTANYL 0.05; INFLATION -0.046; AUTHORITARIAN 0.168; GENDER 0.051",NA
"micro_direct_1203","micro_direct_subsets","CHINA + FENTANYL + INFLATION + TAX + PROJECT2025",5,0.0616451617264261,-0.0449860698955709,"CHINA 0.245; FENTANYL 0.023; INFLATION -0.021; TAX 0.017; PROJECT2025 0.027",NA
"micro_direct_2266","micro_direct_subsets","CHINA + INFLATION + PROJECT2025 + AUTHORITARIAN + GENDER + RACE",6,0.0828403125141777,-0.0451354578326812,"CHINA 0.23; INFLATION -0.036; PROJECT2025 0.021; AUTHORITARIAN 0.141; GENDER -0.006; RACE -0.034",NA
"micro_direct_2196","micro_direct_subsets","CHINA + FENTANYL + INFLATION + AUTHORITARIAN + GENDER + RACE",6,0.0826127027743789,-0.0453948270710567,"CHINA 0.225; FENTANYL 0.014; INFLATION -0.034; AUTHORITARIAN 0.143; GENDER -0.014; RACE -0.032",NA
"micro_direct_2193","micro_direct_subsets","CHINA + FENTANYL + INFLATION + PROJECT2025 + AUTHORITARIAN + GENDER",6,0.0825699253532498,-0.0454435734346688,"CHINA 0.219; FENTANYL 0.023; INFLATION -0.032; PROJECT2025 0.026; AUTHORITARIAN 0.146; GENDER 0.009",NA
"micro_direct_711","micro_direct_subsets","FENTANYL + AUTHORITARIAN + GENDER + RACE",4,0.0397541277405935,-0.0456010609046871,"FENTANYL 0.059; AUTHORITARIAN 0.169; GENDER 0.072; RACE 0.046",NA
"micro_direct_2231","micro_direct_subsets","CHINA + FENTANYL + PROJECT2025 + AUTHORITARIAN + GENDER + RACE",6,0.0821169895774363,-0.0459597095512936,"CHINA 0.229; FENTANYL 0.026; PROJECT2025 0.026; AUTHORITARIAN 0.141; GENDER -0.011; RACE -0.029",NA
"micro_direct_746","micro_direct_subsets","INFLATION + AUTHORITARIAN + GENDER + RACE",4,0.0391578229983575,-0.0462503705128996,"INFLATION -0.051; AUTHORITARIAN 0.168; GENDER 0.089; RACE 0.039",NA
"micro_direct_708","micro_direct_subsets","FENTANYL + PROJECT2025 + AUTHORITARIAN + GENDER",4,0.0383282653359851,-0.0471536666341494,"FENTANYL 0.059; PROJECT2025 0.004; AUTHORITARIAN 0.165; GENDER 0.048",NA
"micro_direct_743","micro_direct_subsets","INFLATION + PROJECT2025 + AUTHORITARIAN + GENDER",4,0.0382113483638358,-0.0472809762260453,"INFLATION -0.053; PROJECT2025 -0.009; AUTHORITARIAN 0.165; GENDER 0.066",NA
"micro_direct_675","micro_direct_subsets","FENTANYL + INFLATION + AUTHORITARIAN + RACE",4,0.0381509335645649,-0.0473467612296958,"FENTANYL 0.068; INFLATION -0.041; AUTHORITARIAN 0.181; RACE 0.006",NA
"micro_direct_671","micro_direct_subsets","FENTANYL + INFLATION + PROJECT2025 + AUTHORITARIAN",4,0.0381354561854527,-0.0473636143758402,"FENTANYL 0.065; INFLATION -0.042; PROJECT2025 -0.005; AUTHORITARIAN 0.18",NA
"micro_direct_781","micro_direct_subsets","PROJECT2025 + AUTHORITARIAN + GENDER + RACE",4,0.036672079825166,-0.0489570686348193,"PROJECT2025 -0.009; AUTHORITARIAN 0.165; GENDER 0.087; RACE 0.043",NA
"micro_direct_709","micro_direct_subsets","FENTANYL + PROJECT2025 + AUTHORITARIAN + RACE",4,0.0365445682992456,-0.0490959145185992,"FENTANYL 0.073; PROJECT2025 -0.004; AUTHORITARIAN 0.179; RACE 0.011",NA
"micro_direct_240","micro_direct_subsets","INFLATION + TAX + GENDER",3,0.0146251087485002,-0.0496384711157281,"INFLATION -0.035; TAX -0.052; GENDER 0.129",NA
"micro_direct_219","micro_direct_subsets","FENTANYL + TAX + GENDER",3,0.0145208156847352,-0.049749565901043,"FENTANYL 0.036; TAX -0.05; GENDER 0.115",NA
"micro_direct_208","micro_direct_subsets","FENTANYL + INFLATION + GENDER",3,0.0138140869970752,-0.0505023855900721,"FENTANYL 0.038; INFLATION -0.036; GENDER 0.094",NA
"micro_direct_276","micro_direct_subsets","TAX + GENDER + RACE",3,0.0136098844502512,-0.0507199056942977,"TAX -0.055; GENDER 0.138; RACE 0.017",NA
"micro_direct_272","micro_direct_subsets","TAX + PROJECT2025 + GENDER",3,0.013423280339603,-0.050918679638249,"TAX -0.057; PROJECT2025 -0.004; GENDER 0.128",NA
"micro_direct_230","micro_direct_subsets","FENTANYL + GENDER + RACE",3,0.0130469689606263,-0.0513195330636806,"FENTANYL 0.045; GENDER 0.105; RACE 0.027",NA
"micro_direct_744","micro_direct_subsets","INFLATION + PROJECT2025 + AUTHORITARIAN + RACE",4,0.0344161978378771,-0.0514134734654226,"INFLATION -0.051; PROJECT2025 -0.024; AUTHORITARIAN 0.179; RACE -0.007",NA
"micro_direct_251","micro_direct_subsets","INFLATION + GENDER + RACE",3,0.0128367614999385,-0.0515434497065872,"INFLATION -0.041; GENDER 0.118; RACE 0.021",NA
"micro_direct_226","micro_direct_subsets","FENTANYL + PROJECT2025 + GENDER",3,0.0126041420671612,-0.0517912399719371,"FENTANYL 0.046; PROJECT2025 0.008; GENDER 0.091",NA
"micro_direct_247","micro_direct_subsets","INFLATION + PROJECT2025 + GENDER",3,0.0125342467224536,-0.0518656937086908,"INFLATION -0.042; PROJECT2025 -0.002; GENDER 0.105",NA
"micro_direct_285","micro_direct_subsets","PROJECT2025 + GENDER + RACE",3,0.0112151502325938,-0.053270818230498,"PROJECT2025 -0.003; GENDER 0.117; RACE 0.025",NA
"micro_direct_1470","micro_direct_subsets","FENTANYL + INFLATION + TAX + AUTHORITARIAN + GENDER",5,0.0518767498714731,-0.055864528552223,"FENTANYL 0.033; INFLATION -0.035; TAX -0.132; AUTHORITARIAN 0.212; GENDER 0.104",NA
"micro_direct_1512","micro_direct_subsets","FENTANYL + TAX + AUTHORITARIAN + GENDER + RACE",5,0.0514203625107658,-0.0563727781130108,"FENTANYL 0.04; TAX -0.132; AUTHORITARIAN 0.213; GENDER 0.119; RACE 0.032",NA
"micro_direct_1547","micro_direct_subsets","INFLATION + TAX + AUTHORITARIAN + GENDER + RACE",5,0.0514151525565019,-0.0563785801075318,"INFLATION -0.038; TAX -0.135; AUTHORITARIAN 0.213; GENDER 0.131; RACE 0.027",NA
"micro_direct_1544","micro_direct_subsets","INFLATION + TAX + PROJECT2025 + AUTHORITARIAN + GENDER",5,0.05107088467757,-0.0567619693363424,"INFLATION -0.038; TAX -0.138; PROJECT2025 -0.012; AUTHORITARIAN 0.212; GENDER 0.114",NA
"micro_direct_1509","micro_direct_subsets","FENTANYL + TAX + PROJECT2025 + AUTHORITARIAN + GENDER",5,0.0507408854924021,-0.0571294684289159,"FENTANYL 0.037; TAX -0.136; PROJECT2025 -0.004; AUTHORITARIAN 0.211; GENDER 0.102",NA
"micro_direct_1572","micro_direct_subsets","TAX + PROJECT2025 + AUTHORITARIAN + GENDER + RACE",5,0.0501699252958189,-0.0577653104660198,"TAX -0.141; PROJECT2025 -0.012; AUTHORITARIAN 0.213; GENDER 0.13; RACE 0.029",NA
"micro_direct_209","micro_direct_subsets","FENTANYL + INFLATION + RACE",3,0.00691708955611869,-0.0578491872119606,"FENTANYL 0.062; INFLATION -0.031; RACE -0.032",NA
"micro_direct_220","micro_direct_subsets","FENTANYL + TAX + RACE",3,0.00608691258178296,-0.0587335061628835,"FENTANYL 0.066; TAX -0.01; RACE -0.031",NA
"micro_direct_206","micro_direct_subsets","FENTANYL + INFLATION + PROJECT2025",3,0.00604918840381252,-0.0587736906133303,"FENTANYL 0.066; INFLATION -0.027; PROJECT2025 -0.009",NA
"micro_direct_227","micro_direct_subsets","FENTANYL + PROJECT2025 + RACE",3,0.00604366565230741,-0.0587795735442813,"FENTANYL 0.065; PROJECT2025 -0.007; RACE -0.027",NA
"micro_direct_204","micro_direct_subsets","FENTANYL + INFLATION + TAX",3,0.00600557455807282,-0.0588201488403137,"FENTANYL 0.069; INFLATION -0.028; TAX 0.005",NA
"micro_direct_217","micro_direct_subsets","FENTANYL + TAX + PROJECT2025",3,0.00532381904670409,-0.0595463666676415,"FENTANYL 0.07; TAX 0; PROJECT2025 -0.008",NA
"micro_direct_248","micro_direct_subsets","INFLATION + PROJECT2025 + RACE",3,0.00395871348569754,-0.0610005008521919,"INFLATION -0.04; PROJECT2025 -0.025; RACE -0.043",NA
"micro_direct_241","micro_direct_subsets","INFLATION + TAX + RACE",3,0.00345573782362951,-0.0615362792748295,"INFLATION -0.039; TAX -0.011; RACE -0.049",NA
"micro_direct_273","micro_direct_subsets","TAX + PROJECT2025 + RACE",3,0.00271510685357168,-0.0623252122646738,"TAX -0.019; PROJECT2025 -0.027; RACE -0.045",NA
"micro_direct_238","micro_direct_subsets","INFLATION + TAX + PROJECT2025",3,0.00217731667937116,-0.0628980757111046,"INFLATION -0.036; TAX 0.002; PROJECT2025 -0.029",NA
"micro_direct_1471","micro_direct_subsets","FENTANYL + INFLATION + TAX + AUTHORITARIAN + RACE",5,0.0445827577102735,-0.0639873834590134,"FENTANYL 0.063; INFLATION -0.033; TAX -0.094; AUTHORITARIAN 0.216; RACE -0.019",NA
"micro_direct_1467","micro_direct_subsets","FENTANYL + INFLATION + TAX + PROJECT2025 + AUTHORITARIAN",5,0.0445036701419088,-0.0640754582510561,"FENTANYL 0.062; INFLATION -0.032; TAX -0.09; PROJECT2025 -0.016; AUTHORITARIAN 0.217",NA
"micro_direct_1510","micro_direct_subsets","FENTANYL + TAX + PROJECT2025 + AUTHORITARIAN + RACE",5,0.0437699097799594,-0.0648926004723178,"FENTANYL 0.063; TAX -0.099; PROJECT2025 -0.016; AUTHORITARIAN 0.216; RACE -0.017",NA
"micro_direct_2260","micro_direct_subsets","CHINA + INFLATION + TAX + PROJECT2025 + GENDER + RACE",6,0.0646456339084568,-0.0658689288019911,"CHINA 0.247; INFLATION -0.025; TAX -0.008; PROJECT2025 0.027; GENDER 0.015; RACE -0.055",NA
"micro_direct_2195","micro_direct_subsets","CHINA + FENTANYL + INFLATION + PROJECT2025 + GENDER + RACE",6,0.0646400226797078,-0.0658753229928912,"CHINA 0.248; FENTANYL 0.007; INFLATION -0.025; PROJECT2025 0.029; GENDER 0.01; RACE -0.053",NA
"micro_direct_2183","micro_direct_subsets","CHINA + FENTANYL + INFLATION + TAX + PROJECT2025 + RACE",6,0.0645890645824894,-0.0659333915222795,"CHINA 0.25; FENTANYL 0.008; INFLATION -0.024; TAX -0.003; PROJECT2025 0.028; RACE -0.06",NA
"micro_direct_2225","micro_direct_subsets","CHINA + FENTANYL + TAX + PROJECT2025 + GENDER + RACE",6,0.0640998956970714,-0.0664908165312441,"CHINA 0.247; FENTANYL 0.01; TAX -0.01; PROJECT2025 0.029; GENDER 0.013; RACE -0.052",NA
"micro_direct_2186","micro_direct_subsets","CHINA + FENTANYL + INFLATION + TAX + GENDER + RACE",6,0.0639620647187383,-0.0666478797391121,"CHINA 0.244; FENTANYL -0.001; INFLATION -0.025; TAX -0.009; GENDER 0.01; RACE -0.055",NA
"micro_direct_1545","micro_direct_subsets","INFLATION + TAX + PROJECT2025 + AUTHORITARIAN + RACE",5,0.0420236472434368,-0.0668373019334454,"INFLATION -0.041; TAX -0.102; PROJECT2025 -0.033; AUTHORITARIAN 0.216; RACE -0.032",NA
"micro_direct_1482","micro_direct_subsets","FENTANYL + INFLATION + AUTHORITARIAN + GENDER + RACE",5,0.0415397385304781,-0.0673762002728766,"FENTANYL 0.052; INFLATION -0.043; AUTHORITARIAN 0.172; GENDER 0.074; RACE 0.043",NA
"micro_direct_2182","micro_direct_subsets","CHINA + FENTANYL + INFLATION + TAX + PROJECT2025 + GENDER",6,0.0628873642214177,-0.0678725384453611,"CHINA 0.235; FENTANYL 0.012; INFLATION -0.022; TAX -0.003; PROJECT2025 0.031; GENDER 0.044",NA
"micro_direct_1479","micro_direct_subsets","FENTANYL + INFLATION + PROJECT2025 + AUTHORITARIAN + GENDER",5,0.040345623885046,-0.0687060097643803,"FENTANYL 0.051; INFLATION -0.046; PROJECT2025 0.004; AUTHORITARIAN 0.168; GENDER 0.052",NA
"micro_direct_1517","micro_direct_subsets","FENTANYL + PROJECT2025 + AUTHORITARIAN + GENDER + RACE",5,0.0397937595703842,-0.0693205859329811,"FENTANYL 0.061; PROJECT2025 0.007; AUTHORITARIAN 0.169; GENDER 0.073; RACE 0.047",NA
"micro_direct_1552","micro_direct_subsets","INFLATION + PROJECT2025 + AUTHORITARIAN + GENDER + RACE",5,0.0392070298585687,-0.0699739894756848,"INFLATION -0.051; PROJECT2025 -0.007; AUTHORITARIAN 0.168; GENDER 0.087; RACE 0.039",NA
"micro_direct_1480","micro_direct_subsets","FENTANYL + INFLATION + PROJECT2025 + AUTHORITARIAN + RACE",5,0.0381729494969381,-0.0711255789693188,"FENTANYL 0.067; INFLATION -0.041; PROJECT2025 -0.005; AUTHORITARIAN 0.181; RACE 0.006",NA
"micro_direct_665","micro_direct_subsets","FENTANYL + INFLATION + TAX + GENDER",4,0.0154599300495667,-0.0720547428349161,"FENTANYL 0.031; INFLATION -0.031; TAX -0.046; GENDER 0.116",NA
"micro_direct_701","micro_direct_subsets","FENTANYL + TAX + GENDER + RACE",4,0.0147927246279944,-0.0727812554050726,"FENTANYL 0.037; TAX -0.048; GENDER 0.125; RACE 0.02",NA
"micro_direct_736","micro_direct_subsets","INFLATION + TAX + GENDER + RACE",4,0.0147774752322047,-0.0727978603027104,"INFLATION -0.035; TAX -0.05; GENDER 0.136; RACE 0.015",NA
"micro_direct_732","micro_direct_subsets","INFLATION + TAX + PROJECT2025 + GENDER",4,0.0146338261380153,-0.0729542782052721,"INFLATION -0.035; TAX -0.052; PROJECT2025 -0.003; GENDER 0.128",NA
"micro_direct_697","micro_direct_subsets","FENTANYL + TAX + PROJECT2025 + GENDER",4,0.0145440855084884,-0.0730519957796458,"FENTANYL 0.037; TAX -0.05; PROJECT2025 0.005; GENDER 0.116",NA
"micro_direct_676","micro_direct_subsets","FENTANYL + INFLATION + GENDER + RACE",4,0.0141954305291178,-0.0734316423127384,"FENTANYL 0.039; INFLATION -0.034; GENDER 0.107; RACE 0.024",NA
"micro_direct_672","micro_direct_subsets","FENTANYL + INFLATION + PROJECT2025 + GENDER",4,0.0138628071974435,-0.0737938321627836,"FENTANYL 0.04; INFLATION -0.036; PROJECT2025 0.007; GENDER 0.095",NA
"micro_direct_775","micro_direct_subsets","TAX + PROJECT2025 + GENDER + RACE",4,0.0136216282116076,-0.0740564492806939,"TAX -0.055; PROJECT2025 -0.004; GENDER 0.137; RACE 0.017",NA
"micro_direct_710","micro_direct_subsets","FENTANYL + PROJECT2025 + GENDER + RACE",4,0.0131212615930442,-0.0746012929320186,"FENTANYL 0.048; PROJECT2025 0.009; GENDER 0.107; RACE 0.028",NA
"micro_direct_745","micro_direct_subsets","INFLATION + PROJECT2025 + GENDER + RACE",4,0.012839414190648,-0.0749081934368498,"INFLATION -0.04; PROJECT2025 -0.002; GENDER 0.118; RACE 0.021",NA
"micro_direct_2443","micro_direct_subsets","FENTANYL + INFLATION + TAX + AUTHORITARIAN + GENDER + RACE",6,0.0524612489363008,-0.0797534605144479,"FENTANYL 0.035; INFLATION -0.033; TAX -0.129; AUTHORITARIAN 0.213; GENDER 0.119; RACE 0.03",NA
"micro_direct_2440","micro_direct_subsets","FENTANYL + INFLATION + TAX + PROJECT2025 + AUTHORITARIAN + GENDER",6,0.0518901456247088,-0.0804042526602156,"FENTANYL 0.032; INFLATION -0.035; TAX -0.132; PROJECT2025 -0.004; AUTHORITARIAN 0.212; GENDER 0.104",NA
"micro_direct_2489","micro_direct_subsets","INFLATION + TAX + PROJECT2025 + AUTHORITARIAN + GENDER + RACE",6,0.0515271695719018,-0.0808178765343444,"INFLATION -0.037; TAX -0.135; PROJECT2025 -0.011; AUTHORITARIAN 0.213; GENDER 0.128; RACE 0.026",NA
"micro_direct_2468","micro_direct_subsets","FENTANYL + TAX + PROJECT2025 + AUTHORITARIAN + GENDER + RACE",6,0.051423822895789,-0.0809356436768918,"FENTANYL 0.039; TAX -0.133; PROJECT2025 -0.002; AUTHORITARIAN 0.213; GENDER 0.118; RACE 0.032",NA
"micro_direct_673","micro_direct_subsets","FENTANYL + INFLATION + PROJECT2025 + RACE",4,0.00696617294432667,-0.0813035005717331,"FENTANYL 0.06; INFLATION -0.031; PROJECT2025 -0.007; RACE -0.031",NA
"micro_direct_666","micro_direct_subsets","FENTANYL + INFLATION + TAX + RACE",4,0.00694976806442449,-0.0813213636631822,"FENTANYL 0.061; INFLATION -0.03; TAX -0.006; RACE -0.034",NA
"micro_direct_698","micro_direct_subsets","FENTANYL + TAX + PROJECT2025 + RACE",4,0.00614333209736384,-0.0821994828273149,"FENTANYL 0.063; TAX -0.011; PROJECT2025 -0.008; RACE -0.031",NA
"micro_direct_663","micro_direct_subsets","FENTANYL + INFLATION + TAX + PROJECT2025",4,0.00606552417470063,-0.0822842070097702,"FENTANYL 0.066; INFLATION -0.028; TAX 0.004; PROJECT2025 -0.008",NA
"micro_direct_733","micro_direct_subsets","INFLATION + TAX + PROJECT2025 + RACE",4,0.00411414864507753,-0.0844090381420266,"INFLATION -0.038; TAX -0.013; PROJECT2025 -0.026; RACE -0.047",NA
"micro_direct_2441","micro_direct_subsets","FENTANYL + INFLATION + TAX + PROJECT2025 + AUTHORITARIAN + RACE",6,0.0448050516910773,-0.0884779643520281,"FENTANYL 0.058; INFLATION -0.033; TAX -0.096; PROJECT2025 -0.016; AUTHORITARIAN 0.216; RACE -0.019",NA
"micro_direct_2448","micro_direct_subsets","FENTANYL + INFLATION + PROJECT2025 + AUTHORITARIAN + GENDER + RACE",6,0.0415715203183534,-0.0921626861488531,"FENTANYL 0.054; INFLATION -0.043; PROJECT2025 0.006; AUTHORITARIAN 0.171; GENDER 0.075; RACE 0.043",NA
"micro_direct_1472","micro_direct_subsets","FENTANYL + INFLATION + TAX + GENDER + RACE",5,0.0156710303366824,-0.0961845343977854,"FENTANYL 0.032; INFLATION -0.03; TAX -0.044; GENDER 0.125; RACE 0.018",NA
"micro_direct_1468","micro_direct_subsets","FENTANYL + INFLATION + TAX + PROJECT2025 + GENDER",5,0.0154821040477133,-0.0963949295832283,"FENTANYL 0.033; INFLATION -0.031; TAX -0.046; PROJECT2025 0.005; GENDER 0.117",NA
"micro_direct_1511","micro_direct_subsets","FENTANYL + TAX + PROJECT2025 + GENDER + RACE",5,0.0148276064044515,-0.0971238019586789,"FENTANYL 0.039; TAX -0.047; PROJECT2025 0.006; GENDER 0.126; RACE 0.021",NA
"micro_direct_1546","micro_direct_subsets","INFLATION + TAX + PROJECT2025 + GENDER + RACE",5,0.0147833171038223,-0.0971731241343796,"INFLATION -0.035; TAX -0.05; PROJECT2025 -0.003; GENDER 0.136; RACE 0.015",NA
"micro_direct_1481","micro_direct_subsets","FENTANYL + INFLATION + PROJECT2025 + GENDER + RACE",5,0.0142613216875916,-0.0977544372115455,"FENTANYL 0.042; INFLATION -0.034; PROJECT2025 0.009; GENDER 0.109; RACE 0.024",NA
"micro_direct_1469","micro_direct_subsets","FENTANYL + INFLATION + TAX + PROJECT2025 + RACE",5,0.00700992293613845,-0.105829858548391,"FENTANYL 0.059; INFLATION -0.03; TAX -0.007; PROJECT2025 -0.008; RACE -0.034",NA
"micro_direct_2442","micro_direct_subsets","FENTANYL + INFLATION + TAX + PROJECT2025 + GENDER + RACE",6,0.015703169516504,-0.121640574271891,"FENTANYL 0.034; INFLATION -0.03; TAX -0.044; PROJECT2025 0.006; GENDER 0.126; RACE 0.018",NA
